id_frais,id_etudiant,annee_universitaire,montant_du,montant_paye,date_paiement,statut,taux_recouvrement
13001,1447,2021-2022,23638,11545,2022-09-15,Partiel,0.4884084947965141
13002,1447,2022-2023,15743,15743,2024-06-28,Payé,1.0
13003,1512,2024-2025,22418,22418,2022-06-18,Payé,1.0
13004,1512,2020-2021,18831,18831,2024-11-18,Payé,1.0
13005,2152,2023-2024,18284,18284,2022-04-28,Payé,1.0
13006,2152,2024-2025,24287,24287,2023-08-25,Payé,1.0
13007,2152,2020-2021,23448,16852,2024-04-04,Partiel,0.7186966905493006
13008,1405,2022-2023,18001,18001,2023-12-23,Payé,1.0
13009,1482,2022-2023,21202,21202,2024-03-07,Payé,1.0
13010,1482,2020-2021,21166,10676,2024-12-27,Partiel,0.5043938391760371
13011,1482,2023-2024,16637,16637,2022-12-24,Payé,1.0
13012,1889,2023-2024,23551,23551,2022-07-13,Payé,1.0
13013,1889,2020-2021,24077,24077,2025-01-31,Payé,1.0
13014,1889,2021-2022,24451,15107,2024-11-18,Partiel,0.6178479407795182
13015,1934,2024-2025,18937,18937,2023-10-25,Payé,1.0
13016,1407,2023-2024,22324,22324,2024-05-31,Payé,1.0
13017,1829,2023-2024,21235,21235,2023-10-30,Payé,1.0
13018,1829,2021-2022,17303,17303,2023-10-03,Payé,1.0
13019,1144,2023-2024,17387,17387,2021-09-24,Payé,1.0
13020,1613,2023-2024,18612,18612,2021-09-23,Payé,1.0
13021,1128,2020-2021,16142,7721,2024-07-12,Partiel,0.4783174327840417
13022,1128,2022-2023,17314,17314,2024-06-22,Payé,1.0
13023,1582,2020-2021,19594,15017,2024-09-19,Partiel,0.7664080841073798
13024,1582,2024-2025,21457,21457,2021-09-10,Payé,1.0
13025,1582,2023-2024,23106,17497,2024-04-18,Partiel,0.7572491993421622
13026,2022,2020-2021,23525,23525,2024-12-03,Payé,1.0
13027,2022,2023-2024,21567,0,2024-09-04,Impayé,0.0
13028,2022,2021-2022,21805,21805,2022-05-12,Payé,1.0
13029,1848,2021-2022,22062,22062,2023-12-28,Payé,1.0
13030,1848,2022-2023,19264,0,2021-11-22,Impayé,0.0
13031,1848,2024-2025,23875,23875,2024-10-06,Payé,1.0
13032,1157,2020-2021,15261,15261,2022-08-16,Payé,1.0
13033,1157,2021-2022,24058,24058,2022-09-03,Payé,1.0
13034,1157,2022-2023,21794,21794,2023-04-26,Payé,1.0
13035,1591,2023-2024,24724,24724,2023-12-26,Payé,1.0
13036,1591,2020-2021,18258,18258,2024-04-26,Payé,1.0
13037,1748,2022-2023,19092,19092,2022-09-11,Payé,1.0
13038,1748,2023-2024,23493,12732,2024-06-16,Partiel,0.541948665559954
13039,1748,2021-2022,23144,0,2023-05-05,Impayé,0.0
13040,1862,2024-2025,23125,23125,2022-10-17,Payé,1.0
13041,1179,2024-2025,16756,13308,2024-08-05,Partiel,0.7942229649080926
13042,1655,2020-2021,16872,16872,2023-11-19,Payé,1.0
13043,1655,2024-2025,23901,23901,2022-02-07,Payé,1.0
13044,2098,2023-2024,20760,20760,2023-09-19,Payé,1.0
13045,2098,2022-2023,19478,19478,2023-05-01,Payé,1.0
13046,1221,2023-2024,17097,17097,2023-06-08,Payé,1.0
13047,2035,2024-2025,21791,14645,2024-03-24,Partiel,0.6720664494516084
13048,2035,2022-2023,15258,15258,2023-06-22,Payé,1.0
13049,2035,2020-2021,18000,8311,2025-02-22,Partiel,0.4617222222222222
13050,1228,2023-2024,17679,17679,2023-11-05,Payé,1.0
13051,1154,2022-2023,24505,24505,2024-03-29,Payé,1.0
13052,1154,2021-2022,22168,22168,2023-01-28,Payé,1.0
13053,1154,2024-2025,24022,24022,2022-04-15,Payé,1.0
13054,1024,2024-2025,19294,0,2024-09-12,Impayé,0.0
13055,1024,2020-2021,15435,15435,2022-12-20,Payé,1.0
13056,1024,2022-2023,23797,23797,2022-04-23,Payé,1.0
13057,1816,2020-2021,24176,24176,2024-11-09,Payé,1.0
13058,1816,2024-2025,19710,19710,2023-12-02,Payé,1.0
13059,1816,2023-2024,18831,12568,2021-12-17,Partiel,0.6674101216079869
13060,2184,2021-2022,15137,15137,2023-01-25,Payé,1.0
13061,1310,2023-2024,17172,17172,2022-08-08,Payé,1.0
13062,1310,2022-2023,16365,8796,2022-09-06,Partiel,0.5374885426214482
13063,1310,2020-2021,16410,16410,2025-01-16,Payé,1.0
13064,1378,2020-2021,24923,24923,2023-07-21,Payé,1.0
13065,1378,2021-2022,21546,0,2023-12-02,Impayé,0.0
13066,1337,2020-2021,16479,0,2021-10-18,Impayé,0.0
13067,1484,2022-2023,17578,17578,2021-10-24,Payé,1.0
13068,1131,2022-2023,23840,23840,2024-11-09,Payé,1.0
13069,1131,2020-2021,22870,22870,2023-07-15,Payé,1.0
13070,1131,2023-2024,17610,17610,2022-07-24,Payé,1.0
13071,2005,2022-2023,19446,10808,2023-12-31,Partiel,0.5557955363570914
13072,2005,2020-2021,22164,22164,2024-10-22,Payé,1.0
13073,2034,2023-2024,18032,18032,2025-01-15,Payé,1.0
13074,1703,2020-2021,19076,11531,2025-02-13,Partiel,0.6044768295240093
13075,1703,2021-2022,23089,23089,2023-09-30,Payé,1.0
13076,2071,2023-2024,24685,24685,2022-09-28,Payé,1.0
13077,2071,2021-2022,22116,22116,2022-03-23,Payé,1.0
13078,2071,2020-2021,17868,8552,2021-09-21,Partiel,0.4786209984329527
13079,1431,2020-2021,17363,0,2022-08-30,Impayé,0.0
13080,1431,2022-2023,20102,0,2023-09-20,Impayé,0.0
13081,1302,2024-2025,15391,15391,2024-12-07,Payé,1.0
13082,1302,2022-2023,23133,23133,2021-10-14,Payé,1.0
13083,1302,2021-2022,19145,19145,2024-11-22,Payé,1.0
13084,1086,2024-2025,20661,20661,2022-12-01,Payé,1.0
13085,1086,2020-2021,22882,22882,2024-04-25,Payé,1.0
13086,1086,2022-2023,15715,7907,2024-11-28,Partiel,0.5031498568246898
13087,1132,2023-2024,15962,15962,2022-04-03,Payé,1.0
13088,1080,2023-2024,17539,17539,2024-09-11,Payé,1.0
13089,2146,2020-2021,20325,20325,2024-08-16,Payé,1.0
13090,2146,2023-2024,19670,19670,2023-06-06,Payé,1.0
13091,2146,2022-2023,20389,8365,2025-01-09,Partiel,0.4102702437588896
13092,2061,2021-2022,21445,21445,2024-04-01,Payé,1.0
13093,2175,2024-2025,18363,18363,2024-09-13,Payé,1.0
13094,2175,2020-2021,22431,22431,2023-07-14,Payé,1.0
13095,1015,2024-2025,21944,21944,2025-02-28,Payé,1.0
13096,1985,2021-2022,24608,0,2024-11-26,Impayé,0.0
13097,1985,2022-2023,19515,19515,2021-12-20,Payé,1.0
13098,1325,2024-2025,22439,22439,2024-04-05,Payé,1.0
13099,1471,2023-2024,24430,24430,2021-09-07,Payé,1.0
13100,1471,2021-2022,23672,23672,2023-01-31,Payé,1.0
13101,1471,2020-2021,24048,24048,2023-02-07,Payé,1.0
13102,1303,2021-2022,24077,24077,2024-01-04,Payé,1.0
13103,1303,2024-2025,22288,0,2025-02-02,Impayé,0.0
13104,1303,2022-2023,23868,23868,2023-05-10,Payé,1.0
13105,1291,2020-2021,23224,0,2022-06-01,Impayé,0.0
13106,2020,2021-2022,24318,24318,2021-11-08,Payé,1.0
13107,1615,2024-2025,20464,20464,2022-08-23,Payé,1.0
13108,1615,2023-2024,21963,21963,2022-09-25,Payé,1.0
13109,1615,2021-2022,24387,24387,2023-02-14,Payé,1.0
13110,1901,2023-2024,17290,17290,2022-08-09,Payé,1.0
13111,1901,2020-2021,23972,23972,2022-01-09,Payé,1.0
13112,1901,2022-2023,23992,23992,2024-02-14,Payé,1.0
13113,2063,2022-2023,18148,13776,2022-11-24,Partiel,0.7590919109543751
13114,2063,2023-2024,16690,16690,2023-06-11,Payé,1.0
13115,2063,2021-2022,15846,15846,2023-01-26,Payé,1.0
13116,1486,2022-2023,23826,23826,2022-01-22,Payé,1.0
13117,1071,2021-2022,16775,16775,2022-12-08,Payé,1.0
13118,1071,2020-2021,16496,0,2024-12-04,Impayé,0.0
13119,1186,2024-2025,17527,17527,2024-04-28,Payé,1.0
13120,1186,2021-2022,23103,15713,2022-04-22,Partiel,0.6801281218889321
13121,1633,2022-2023,17284,17284,2022-10-24,Payé,1.0
13122,1633,2020-2021,22078,22078,2021-11-20,Payé,1.0
13123,1548,2023-2024,16238,16238,2024-03-08,Payé,1.0
13124,1548,2022-2023,16560,16560,2022-11-05,Payé,1.0
13125,1254,2020-2021,20650,20650,2024-06-01,Payé,1.0
13126,1254,2023-2024,23100,23100,2023-02-21,Payé,1.0
13127,1013,2021-2022,24891,24891,2022-09-08,Payé,1.0
13128,2043,2021-2022,24127,24127,2022-03-30,Payé,1.0
13129,2043,2020-2021,23040,23040,2023-06-18,Payé,1.0
13130,2179,2024-2025,24470,24470,2024-11-29,Payé,1.0
13131,1417,2021-2022,21133,21133,2022-10-19,Payé,1.0
13132,1629,2024-2025,16517,16517,2022-02-02,Payé,1.0
13133,1552,2021-2022,23785,23785,2021-11-02,Payé,1.0
13134,1513,2022-2023,17166,13719,2023-12-18,Partiel,0.7991960852848654
13135,1513,2020-2021,24717,24717,2024-06-13,Payé,1.0
13136,1311,2024-2025,17987,17987,2021-11-11,Payé,1.0
13137,1695,2021-2022,16877,16877,2023-03-16,Payé,1.0
13138,1695,2023-2024,18350,18350,2022-06-11,Payé,1.0
13139,1509,2022-2023,19416,19416,2022-06-26,Payé,1.0
13140,1509,2020-2021,20370,20370,2023-07-20,Payé,1.0
13141,1509,2024-2025,18332,18332,2023-10-26,Payé,1.0
13142,1995,2024-2025,16195,16195,2021-11-21,Payé,1.0
13143,1995,2021-2022,21454,21454,2022-07-14,Payé,1.0
13144,1598,2024-2025,16962,11736,2023-04-30,Partiel,0.6918995401485674
13145,1598,2023-2024,20348,20348,2024-02-21,Payé,1.0
13146,1284,2022-2023,24768,24768,2022-03-15,Payé,1.0
13147,1284,2023-2024,16333,16333,2021-12-23,Payé,1.0
13148,1547,2024-2025,24299,24299,2022-07-21,Payé,1.0
13149,1547,2022-2023,23828,10536,2025-01-05,Partiel,0.4421688769514857
13150,2147,2021-2022,18977,18977,2022-04-14,Payé,1.0
13151,2147,2020-2021,18342,18342,2023-11-10,Payé,1.0
13152,1189,2024-2025,21134,21134,2022-04-03,Payé,1.0
13153,1189,2022-2023,17110,17110,2022-01-27,Payé,1.0
13154,2016,2021-2022,21076,13757,2024-07-31,Partiel,0.652732966407288
13155,2027,2020-2021,17700,17700,2022-11-10,Payé,1.0
13156,1680,2022-2023,19510,19510,2023-11-29,Payé,1.0
13157,1680,2021-2022,18195,18195,2023-09-03,Payé,1.0
13158,1680,2023-2024,17900,9705,2024-06-23,Partiel,0.5421787709497207
13159,1539,2022-2023,20407,20407,2023-07-20,Payé,1.0
13160,1539,2024-2025,21006,21006,2021-11-29,Payé,1.0
13161,1974,2024-2025,18059,18059,2024-11-30,Payé,1.0
13162,1974,2020-2021,22842,22842,2024-04-30,Payé,1.0
13163,2023,2024-2025,21405,21405,2024-09-20,Payé,1.0
13164,2023,2022-2023,23663,23663,2023-05-17,Payé,1.0
13165,2023,2023-2024,22674,22674,2021-09-03,Payé,1.0
13166,1089,2020-2021,22884,22884,2024-12-01,Payé,1.0
13167,1089,2021-2022,22559,22559,2021-11-11,Payé,1.0
13168,1319,2022-2023,18454,18454,2022-05-30,Payé,1.0
13169,1319,2024-2025,16053,16053,2024-11-02,Payé,1.0
13170,1319,2020-2021,20264,20264,2025-02-16,Payé,1.0
13171,1441,2021-2022,24148,24148,2024-06-14,Payé,1.0
13172,1268,2023-2024,15511,15511,2024-06-27,Payé,1.0
13173,1268,2021-2022,23790,23790,2023-07-08,Payé,1.0
13174,2039,2020-2021,16628,16628,2024-12-01,Payé,1.0
13175,1389,2021-2022,17028,17028,2023-11-03,Payé,1.0
13176,1168,2023-2024,18457,18457,2024-10-30,Payé,1.0
13177,1168,2020-2021,19932,19932,2022-06-07,Payé,1.0
13178,1114,2021-2022,16011,16011,2022-06-23,Payé,1.0
13179,1114,2022-2023,24366,24366,2024-03-08,Payé,1.0
13180,1135,2020-2021,18738,18738,2023-01-23,Payé,1.0
13181,1135,2021-2022,16399,16399,2023-09-03,Payé,1.0
13182,1135,2024-2025,20201,20201,2024-10-23,Payé,1.0
13183,1767,2022-2023,22579,22579,2024-01-14,Payé,1.0
13184,1767,2020-2021,16728,16728,2023-03-18,Payé,1.0
13185,1767,2021-2022,16773,16773,2022-03-19,Payé,1.0
13186,1900,2020-2021,15883,15883,2023-06-30,Payé,1.0
13187,1141,2022-2023,21470,21470,2024-07-20,Payé,1.0
13188,1141,2024-2025,22526,22526,2021-10-02,Payé,1.0
13189,1192,2022-2023,22565,22565,2022-01-28,Payé,1.0
13190,1022,2020-2021,18889,18889,2024-08-29,Payé,1.0
13191,1599,2020-2021,19948,0,2023-01-19,Impayé,0.0
13192,1492,2023-2024,17315,17315,2025-02-21,Payé,1.0
13193,1492,2024-2025,21342,21342,2023-07-18,Payé,1.0
13194,1911,2022-2023,21343,21343,2023-11-16,Payé,1.0
13195,1359,2023-2024,16903,16903,2024-06-07,Payé,1.0
13196,2101,2020-2021,18077,8990,2022-08-31,Partiel,0.4973170326934779
13197,1636,2022-2023,18034,18034,2021-10-12,Payé,1.0
13198,1636,2020-2021,16026,0,2022-02-02,Impayé,0.0
13199,1636,2021-2022,19450,19450,2023-08-03,Payé,1.0
13200,2142,2021-2022,17000,7272,2023-07-23,Partiel,0.4277647058823529
13201,2142,2022-2023,18646,18646,2021-11-06,Payé,1.0
13202,1058,2021-2022,21001,10511,2022-02-17,Partiel,0.5004999761916099
13203,1313,2024-2025,24767,24767,2024-09-03,Payé,1.0
13204,1617,2023-2024,19386,0,2023-10-26,Impayé,0.0
13205,1617,2024-2025,17935,17935,2025-02-01,Payé,1.0
13206,1296,2021-2022,17063,17063,2022-07-06,Payé,1.0
13207,1296,2023-2024,15348,15348,2023-04-02,Payé,1.0
13208,1296,2020-2021,20229,20229,2022-03-13,Payé,1.0
13209,1714,2024-2025,16906,16906,2024-12-06,Payé,1.0
13210,1714,2022-2023,23986,23986,2025-01-04,Payé,1.0
13211,1095,2024-2025,19721,19721,2021-11-08,Payé,1.0
13212,1660,2022-2023,18804,18804,2024-07-22,Payé,1.0
13213,1799,2020-2021,19764,0,2022-12-12,Impayé,0.0
13214,1799,2021-2022,23900,23900,2022-05-24,Payé,1.0
13215,2135,2023-2024,20382,20382,2022-12-18,Payé,1.0
13216,2135,2024-2025,15892,15892,2023-11-04,Payé,1.0
13217,1218,2021-2022,22716,22716,2024-07-07,Payé,1.0
13218,1218,2022-2023,23096,16019,2022-12-31,Partiel,0.6935833044683062
13219,1115,2022-2023,21324,21324,2023-12-21,Payé,1.0
13220,1772,2023-2024,21714,21714,2024-06-01,Payé,1.0
13221,1772,2022-2023,17130,17130,2022-07-02,Payé,1.0
13222,1772,2024-2025,17491,17491,2022-07-19,Payé,1.0
13223,1323,2024-2025,21045,21045,2022-02-25,Payé,1.0
13224,1323,2021-2022,17470,7954,2021-09-11,Partiel,0.4552947910704064
13225,1868,2020-2021,21852,21852,2023-04-15,Payé,1.0
13226,1868,2023-2024,19042,19042,2023-09-03,Payé,1.0
13227,1601,2024-2025,24115,24115,2023-01-30,Payé,1.0
13228,1601,2021-2022,24229,24229,2021-10-26,Payé,1.0
13229,1577,2023-2024,21663,21663,2022-08-10,Payé,1.0
13230,1577,2022-2023,18824,18824,2024-01-28,Payé,1.0
13231,1136,2024-2025,17765,8687,2024-08-05,Partiel,0.4889952153110048
13232,1136,2020-2021,21752,21752,2022-01-23,Payé,1.0
13233,1136,2023-2024,16561,8870,2021-12-06,Partiel,0.535595676589578
13234,1960,2022-2023,23647,23647,2022-08-13,Payé,1.0
13235,1959,2024-2025,19424,19424,2024-05-01,Payé,1.0
13236,1885,2020-2021,22326,22326,2021-12-29,Payé,1.0
13237,1885,2022-2023,17973,17973,2023-02-28,Payé,1.0
13238,1850,2022-2023,16465,16465,2024-01-01,Payé,1.0
13239,1180,2023-2024,19224,19224,2023-11-19,Payé,1.0
13240,1180,2021-2022,15548,15548,2023-12-07,Payé,1.0
13241,1961,2021-2022,23787,9772,2022-07-26,Partiel,0.4108126287467945
13242,1961,2020-2021,18056,18056,2023-11-15,Payé,1.0
13243,1876,2020-2021,22754,22754,2022-11-21,Payé,1.0
13244,1876,2022-2023,15718,15718,2022-11-21,Payé,1.0
13245,1897,2023-2024,17839,0,2023-10-11,Impayé,0.0
13246,1897,2021-2022,18798,18798,2025-01-18,Payé,1.0
13247,1897,2024-2025,22822,22822,2024-06-06,Payé,1.0
13248,1383,2023-2024,18051,12602,2023-02-09,Partiel,0.6981330674200875
13249,1383,2021-2022,16689,16689,2024-07-11,Payé,1.0
13250,1855,2020-2021,23466,15648,2023-12-24,Partiel,0.6668371260547175
13251,1855,2021-2022,22704,22704,2022-04-06,Payé,1.0
13252,1257,2024-2025,16446,16446,2022-04-05,Payé,1.0
13253,1041,2022-2023,23345,23345,2024-12-08,Payé,1.0
13254,1618,2024-2025,21093,21093,2025-01-12,Payé,1.0
13255,1618,2023-2024,23439,23439,2024-07-01,Payé,1.0
13256,1618,2021-2022,15733,15733,2023-06-01,Payé,1.0
13257,1349,2020-2021,20514,20514,2022-08-30,Payé,1.0
13258,1349,2023-2024,23469,12645,2022-03-04,Partiel,0.5387958583663556
13259,1349,2022-2023,22234,22234,2023-04-26,Payé,1.0
13260,2009,2024-2025,19254,19254,2022-09-20,Payé,1.0
13261,1752,2022-2023,22912,22912,2023-11-14,Payé,1.0
13262,1181,2022-2023,18784,8714,2024-03-31,Partiel,0.4639054514480409
13263,1181,2020-2021,15742,15742,2023-11-02,Payé,1.0
13264,1181,2023-2024,18474,10284,2022-10-03,Partiel,0.5566742448847029
13265,1119,2024-2025,15696,15696,2022-09-09,Payé,1.0
13266,1119,2023-2024,15256,15256,2023-02-21,Payé,1.0
13267,1119,2021-2022,16108,16108,2022-05-22,Payé,1.0
13268,2104,2020-2021,19211,19211,2023-05-07,Payé,1.0
13269,2104,2023-2024,19646,19646,2024-05-18,Payé,1.0
13270,2104,2022-2023,15078,8566,2024-12-04,Partiel,0.5681124817615069
13271,2141,2021-2022,23849,23849,2022-07-07,Payé,1.0
13272,2141,2020-2021,21634,10325,2022-05-16,Partiel,0.4772580197836738
13273,1130,2020-2021,18712,18712,2023-01-13,Payé,1.0
13274,1130,2023-2024,21736,0,2022-01-26,Impayé,0.0
13275,1097,2023-2024,20401,20401,2023-07-10,Payé,1.0
13276,1060,2021-2022,18278,18278,2022-12-07,Payé,1.0
13277,1060,2024-2025,18654,18654,2022-01-17,Payé,1.0
13278,1308,2024-2025,24818,13019,2024-09-21,Partiel,0.5245789346442098
13279,1705,2023-2024,20513,20513,2025-01-18,Payé,1.0
13280,1705,2021-2022,24282,24282,2022-06-10,Payé,1.0
13281,1705,2022-2023,17901,17901,2021-12-08,Payé,1.0
13282,1367,2020-2021,17776,0,2023-06-10,Impayé,0.0
13283,1367,2024-2025,22889,22889,2021-10-15,Payé,1.0
13284,1434,2023-2024,15127,9416,2021-11-30,Partiel,0.6224631453692073
13285,1434,2024-2025,20787,20787,2024-11-08,Payé,1.0
13286,1434,2021-2022,16564,16564,2023-02-17,Payé,1.0
13287,2057,2024-2025,21397,21397,2024-06-28,Payé,1.0
13288,1793,2022-2023,24945,0,2024-07-14,Impayé,0.0
13289,1706,2021-2022,16553,16553,2023-10-08,Payé,1.0
13290,1199,2020-2021,16107,16107,2023-12-23,Payé,1.0
13291,1199,2021-2022,20429,20429,2023-11-09,Payé,1.0
13292,1238,2020-2021,23180,23180,2025-01-30,Payé,1.0
13293,1238,2021-2022,21672,21672,2022-09-08,Payé,1.0
13294,1981,2020-2021,20059,20059,2023-11-16,Payé,1.0
13295,1981,2022-2023,24120,0,2024-02-07,Impayé,0.0
13296,1981,2023-2024,23603,23603,2024-12-21,Payé,1.0
13297,1847,2020-2021,16104,0,2023-09-20,Impayé,0.0
13298,1847,2023-2024,24912,24912,2024-10-06,Payé,1.0
13299,1847,2022-2023,21987,21987,2023-10-27,Payé,1.0
13300,1330,2020-2021,18159,18159,2024-10-17,Payé,1.0
13301,1666,2021-2022,24485,24485,2023-11-05,Payé,1.0
13302,1244,2022-2023,16967,16967,2024-04-13,Payé,1.0
13303,1244,2024-2025,22009,22009,2022-12-13,Payé,1.0
13304,1244,2023-2024,15524,15524,2023-04-27,Payé,1.0
13305,1656,2021-2022,20473,20473,2023-03-04,Payé,1.0
13306,1656,2023-2024,23123,23123,2023-11-20,Payé,1.0
13307,1656,2024-2025,19342,19342,2022-01-11,Payé,1.0
13308,1312,2022-2023,24335,24335,2023-11-27,Payé,1.0
13309,2177,2020-2021,20963,20963,2023-10-25,Payé,1.0
13310,2177,2023-2024,18074,0,2021-12-27,Impayé,0.0
13311,2177,2024-2025,18701,18701,2024-07-14,Payé,1.0
13312,1054,2023-2024,15275,15275,2022-02-03,Payé,1.0
13313,1054,2024-2025,19710,19710,2024-09-20,Payé,1.0
13314,1087,2024-2025,18809,18809,2022-03-16,Payé,1.0
13315,1635,2023-2024,15170,15170,2023-04-22,Payé,1.0
13316,1635,2021-2022,24209,16650,2022-07-04,Partiel,0.6877607501342476
13317,1854,2024-2025,22307,22307,2022-06-02,Payé,1.0
13318,1854,2023-2024,24448,24448,2024-06-13,Payé,1.0
13319,1051,2020-2021,16118,16118,2024-12-17,Payé,1.0
13320,1747,2023-2024,23399,23399,2022-07-10,Payé,1.0
13321,1747,2022-2023,16057,16057,2023-04-22,Payé,1.0
13322,1747,2021-2022,23748,23748,2023-11-11,Payé,1.0
13323,1562,2024-2025,16953,16953,2024-10-07,Payé,1.0
13324,1562,2022-2023,19237,0,2023-04-29,Impayé,0.0
13325,1858,2021-2022,21678,21678,2024-08-06,Payé,1.0
13326,1858,2020-2021,17736,17736,2023-05-15,Payé,1.0
13327,1050,2023-2024,24985,19461,2024-03-19,Partiel,0.778907344406644
13328,1050,2022-2023,16970,0,2022-01-13,Impayé,0.0
13329,1765,2023-2024,20781,20781,2025-01-02,Payé,1.0
13330,1765,2024-2025,24899,0,2022-05-27,Impayé,0.0
13331,2116,2020-2021,15839,15839,2021-10-14,Payé,1.0
13332,2116,2022-2023,16251,16251,2022-12-09,Payé,1.0
13333,2116,2021-2022,23567,23567,2024-05-13,Payé,1.0
13334,1616,2021-2022,18943,18943,2025-02-20,Payé,1.0
13335,1616,2020-2021,17841,17841,2025-01-16,Payé,1.0
13336,1685,2021-2022,18933,18933,2024-04-07,Payé,1.0
13337,1685,2023-2024,21798,21798,2023-10-26,Payé,1.0
13338,2181,2024-2025,17955,17955,2024-06-20,Payé,1.0
13339,2181,2023-2024,16094,16094,2022-02-12,Payé,1.0
13340,1973,2023-2024,17662,17662,2024-12-03,Payé,1.0
13341,1973,2022-2023,19323,19323,2024-11-20,Payé,1.0
13342,1973,2020-2021,24049,24049,2025-02-16,Payé,1.0
13343,2107,2022-2023,15870,15870,2024-05-22,Payé,1.0
13344,2107,2020-2021,18161,14170,2023-04-03,Partiel,0.7802433786685755
13345,1939,2020-2021,15499,15499,2022-04-30,Payé,1.0
13346,1939,2023-2024,15348,15348,2022-03-27,Payé,1.0
13347,2154,2021-2022,21149,21149,2025-02-23,Payé,1.0
13348,2154,2023-2024,24614,18938,2022-07-30,Partiel,0.7693995287234907
13349,1937,2024-2025,17147,12412,2022-08-31,Partiel,0.7238584008864525
13350,1937,2021-2022,18793,9081,2024-06-04,Partiel,0.4832118341935827
13351,1266,2020-2021,20645,20645,2024-07-25,Payé,1.0
13352,1129,2022-2023,16935,16935,2024-12-05,Payé,1.0
13353,1827,2020-2021,15447,9100,2025-02-11,Partiel,0.5891111542694374
13354,1827,2021-2022,19487,19487,2024-01-13,Payé,1.0
13355,1827,2024-2025,19587,19587,2023-09-29,Payé,1.0
13356,2165,2024-2025,21384,14750,2024-04-17,Partiel,0.689768050879162
13357,2165,2020-2021,23058,23058,2021-10-01,Payé,1.0
13358,1778,2021-2022,21187,0,2024-09-17,Impayé,0.0
13359,1290,2024-2025,22482,22482,2023-02-06,Payé,1.0
13360,1491,2022-2023,23785,23785,2023-10-23,Payé,1.0
13361,1491,2024-2025,17757,17757,2021-10-26,Payé,1.0
13362,1491,2020-2021,19875,19875,2022-04-09,Payé,1.0
13363,1216,2020-2021,19315,19315,2023-11-15,Payé,1.0
13364,1216,2024-2025,18473,0,2022-08-06,Impayé,0.0
13365,1860,2022-2023,15316,15316,2023-07-04,Payé,1.0
13366,1860,2021-2022,18745,12709,2024-07-09,Partiel,0.6779941317684716
13367,1860,2020-2021,23841,23841,2024-08-29,Payé,1.0
13368,1023,2024-2025,16500,16500,2022-05-17,Payé,1.0
13369,1023,2021-2022,23657,23657,2021-12-17,Payé,1.0
13370,1912,2023-2024,24269,0,2023-08-11,Impayé,0.0
13371,1537,2024-2025,19518,19518,2022-04-25,Payé,1.0
13372,1537,2023-2024,17969,8162,2021-12-25,Partiel,0.4542267238021036
13373,1537,2022-2023,15830,15830,2021-09-06,Payé,1.0
13374,1849,2022-2023,24453,24453,2021-09-03,Payé,1.0
13375,1451,2023-2024,15677,15677,2024-06-20,Payé,1.0
13376,1451,2024-2025,15274,15274,2024-01-27,Payé,1.0
13377,1451,2020-2021,19178,19178,2024-04-25,Payé,1.0
13378,1573,2020-2021,21106,21106,2022-06-18,Payé,1.0
13379,1573,2024-2025,16244,16244,2024-02-06,Payé,1.0
13380,1573,2021-2022,19834,19834,2022-06-28,Payé,1.0
13381,1557,2020-2021,17652,17652,2023-08-04,Payé,1.0
13382,1842,2021-2022,21039,21039,2024-09-09,Payé,1.0
13383,1842,2023-2024,15023,15023,2022-03-16,Payé,1.0
13384,1842,2024-2025,19064,19064,2023-12-30,Payé,1.0
13385,1452,2024-2025,23317,23317,2024-01-13,Payé,1.0
13386,1452,2020-2021,22985,22985,2022-08-02,Payé,1.0
13387,1340,2021-2022,24594,18297,2021-11-18,Partiel,0.7439619419370578
13388,1951,2023-2024,15276,15276,2022-03-25,Payé,1.0
13389,1951,2020-2021,17376,17376,2021-10-13,Payé,1.0
13390,1951,2022-2023,22091,22091,2023-09-15,Payé,1.0
13391,2058,2024-2025,24266,0,2022-12-28,Impayé,0.0
13392,1396,2024-2025,20506,20506,2023-04-27,Payé,1.0
13393,1396,2022-2023,20297,20297,2022-01-26,Payé,1.0
13394,1396,2021-2022,21951,21951,2023-11-22,Payé,1.0
13395,1230,2024-2025,16455,16455,2024-02-27,Payé,1.0
13396,1165,2020-2021,20664,20664,2023-05-13,Payé,1.0
13397,1165,2023-2024,24255,12717,2023-04-07,Partiel,0.52430426716141
13398,1170,2023-2024,23227,23227,2023-10-12,Payé,1.0
13399,1893,2023-2024,23311,23311,2025-01-12,Payé,1.0
13400,1893,2020-2021,18984,18984,2022-02-27,Payé,1.0
13401,2117,2021-2022,24879,24879,2022-12-27,Payé,1.0
13402,1535,2021-2022,16145,10822,2024-12-16,Partiel,0.6703004026014245
13403,1535,2022-2023,19833,19833,2023-10-28,Payé,1.0
13404,1535,2020-2021,15821,15821,2022-10-03,Payé,1.0
13405,1894,2020-2021,18921,18921,2024-06-25,Payé,1.0
13406,1261,2020-2021,18785,18785,2024-05-02,Payé,1.0
13407,1261,2023-2024,21787,21787,2023-07-12,Payé,1.0
13408,1261,2024-2025,21588,21588,2022-04-23,Payé,1.0
13409,2150,2021-2022,15618,6363,2023-08-01,Partiel,0.4074145217057242
13410,2150,2024-2025,21267,21267,2022-02-27,Payé,1.0
13411,2150,2022-2023,18947,18947,2024-04-20,Payé,1.0
13412,2156,2024-2025,23599,15110,2023-01-11,Partiel,0.6402813678545701
13413,1239,2022-2023,16291,16291,2021-11-07,Payé,1.0
13414,1237,2024-2025,18656,18656,2022-01-04,Payé,1.0
13415,1696,2021-2022,17273,17273,2022-02-08,Payé,1.0
13416,1696,2023-2024,22650,0,2024-02-16,Impayé,0.0
13417,1197,2022-2023,19913,19913,2022-09-16,Payé,1.0
13418,1197,2023-2024,16858,16858,2022-04-09,Payé,1.0
13419,2044,2024-2025,18896,18896,2023-07-19,Payé,1.0
13420,1566,2020-2021,18122,18122,2021-12-21,Payé,1.0
13421,1566,2021-2022,15959,15959,2024-11-05,Payé,1.0
13422,1566,2022-2023,18539,18539,2024-12-03,Payé,1.0
13423,1668,2021-2022,17646,8316,2023-03-10,Partiel,0.4712682760965658
13424,1668,2024-2025,17548,17548,2023-02-22,Payé,1.0
13425,1668,2020-2021,15274,15274,2023-11-29,Payé,1.0
13426,1056,2020-2021,20736,20736,2022-08-29,Payé,1.0
13427,1056,2022-2023,21934,21934,2022-06-02,Payé,1.0
13428,1883,2024-2025,19907,19907,2023-10-29,Payé,1.0
13429,2074,2022-2023,20517,20517,2024-10-23,Payé,1.0
13430,2074,2023-2024,16680,16680,2023-07-24,Payé,1.0
13431,2074,2020-2021,21887,21887,2022-05-02,Payé,1.0
13432,1700,2021-2022,23051,23051,2022-04-23,Payé,1.0
13433,1700,2024-2025,22084,22084,2022-08-16,Payé,1.0
13434,1945,2022-2023,22360,22360,2023-08-06,Payé,1.0
13435,1945,2023-2024,15771,15771,2022-08-25,Payé,1.0
13436,1076,2024-2025,21385,21385,2024-10-06,Payé,1.0
13437,1062,2020-2021,24398,0,2021-09-05,Impayé,0.0
13438,1062,2023-2024,20263,20263,2022-04-16,Payé,1.0
13439,2178,2022-2023,17240,10470,2023-05-22,Partiel,0.607308584686775
13440,2136,2021-2022,24827,11470,2021-12-31,Partiel,0.4619970193740686
13441,2136,2024-2025,23887,23887,2023-09-04,Payé,1.0
13442,1993,2020-2021,19308,19308,2024-11-08,Payé,1.0
13443,1993,2021-2022,22664,14328,2023-06-10,Partiel,0.632192022590893
13444,1489,2020-2021,22277,15946,2024-05-09,Partiel,0.7158055393455133
13445,1489,2023-2024,23421,23421,2024-11-22,Payé,1.0
13446,1016,2024-2025,15018,7580,2024-01-30,Partiel,0.504727660141164
13447,1029,2024-2025,22285,22285,2022-06-21,Payé,1.0
13448,1029,2020-2021,24142,24142,2022-12-11,Payé,1.0
13449,1029,2023-2024,19801,19801,2022-09-06,Payé,1.0
13450,1146,2023-2024,19892,19892,2023-11-01,Payé,1.0
13451,1146,2020-2021,24112,14227,2024-06-15,Partiel,0.5900381552753815
13452,1146,2021-2022,15535,0,2022-06-24,Impayé,0.0
13453,1245,2022-2023,22858,22858,2024-01-04,Payé,1.0
13454,1245,2020-2021,16620,16620,2021-10-04,Payé,1.0
13455,1245,2023-2024,20345,20345,2021-09-28,Payé,1.0
13456,1846,2021-2022,22642,22642,2024-11-29,Payé,1.0
13457,1846,2024-2025,15867,15867,2022-12-08,Payé,1.0
13458,1846,2020-2021,21373,21373,2024-11-26,Payé,1.0
13459,1220,2024-2025,23077,0,2023-02-05,Impayé,0.0
13460,1326,2022-2023,23012,23012,2023-01-21,Payé,1.0
13461,1556,2020-2021,22068,22068,2024-07-24,Payé,1.0
13462,1143,2021-2022,19818,19818,2022-12-18,Payé,1.0
13463,1143,2024-2025,15797,15797,2024-12-18,Payé,1.0
13464,1143,2020-2021,19627,19627,2024-11-06,Payé,1.0
13465,1204,2024-2025,20291,15663,2022-01-28,Partiel,0.7719185845941551
13466,1204,2023-2024,17104,17104,2021-11-23,Payé,1.0
13467,1204,2020-2021,18026,0,2022-12-20,Impayé,0.0
13468,1339,2023-2024,23965,23965,2024-12-17,Payé,1.0
13469,1339,2024-2025,15069,15069,2024-05-19,Payé,1.0
13470,1339,2022-2023,23134,23134,2024-03-28,Payé,1.0
13471,1824,2023-2024,22180,22180,2024-03-24,Payé,1.0
13472,1824,2022-2023,22371,22371,2025-01-24,Payé,1.0
13473,1824,2020-2021,23842,23842,2024-08-21,Payé,1.0
13474,1880,2021-2022,17459,17459,2024-12-16,Payé,1.0
13475,1880,2022-2023,21177,21177,2022-01-13,Payé,1.0
13476,1881,2024-2025,18226,18226,2023-05-25,Payé,1.0
13477,1025,2021-2022,16225,16225,2024-04-01,Payé,1.0
13478,1448,2022-2023,21726,21726,2023-07-19,Payé,1.0
13479,1448,2024-2025,23086,23086,2022-05-07,Payé,1.0
13480,1448,2023-2024,22952,12473,2023-03-30,Partiel,0.543438480306727
13481,2025,2021-2022,17052,17052,2023-02-06,Payé,1.0
13482,1480,2021-2022,18730,18730,2024-10-14,Payé,1.0
13483,1318,2024-2025,24144,24144,2021-09-20,Payé,1.0
13484,1318,2022-2023,20255,13014,2022-03-31,Partiel,0.6425080227104418
13485,1318,2021-2022,19437,19437,2021-09-03,Payé,1.0
13486,1686,2023-2024,18251,18251,2022-02-12,Payé,1.0
13487,1686,2022-2023,18395,18395,2025-01-02,Payé,1.0
13488,1686,2024-2025,19334,19334,2023-11-22,Payé,1.0
13489,1085,2020-2021,16347,11900,2023-01-27,Partiel,0.7279623172447544
13490,1085,2023-2024,19994,19994,2024-06-12,Payé,1.0
13491,1085,2022-2023,24733,24733,2023-07-10,Payé,1.0
13492,1760,2024-2025,22586,22586,2024-09-25,Payé,1.0
13493,1831,2023-2024,22939,22939,2024-09-04,Payé,1.0
13494,1853,2022-2023,16899,16899,2023-03-18,Payé,1.0
13495,1803,2024-2025,23077,15844,2021-09-24,Partiel,0.6865710447631841
13496,1803,2020-2021,23471,23471,2022-05-01,Payé,1.0
13497,1379,2021-2022,24745,24745,2024-08-01,Payé,1.0
13498,1379,2020-2021,20691,20691,2024-05-11,Payé,1.0
13499,1485,2022-2023,20806,16531,2022-03-04,Partiel,0.794530423916178
13500,1485,2023-2024,19190,19190,2022-03-01,Payé,1.0
13501,1919,2022-2023,17875,17875,2022-04-24,Payé,1.0
13502,1919,2020-2021,22133,22133,2021-10-09,Payé,1.0
13503,1919,2021-2022,19935,0,2023-03-09,Impayé,0.0
13504,1055,2022-2023,20993,20993,2023-10-12,Payé,1.0
13505,1055,2020-2021,17886,17886,2024-11-23,Payé,1.0
13506,1916,2021-2022,22496,22496,2023-10-20,Payé,1.0
13507,1521,2023-2024,15137,15137,2024-05-08,Payé,1.0
13508,1521,2020-2021,21532,21532,2024-07-27,Payé,1.0
13509,1521,2022-2023,24581,24581,2023-04-24,Payé,1.0
13510,1879,2022-2023,16614,0,2023-12-17,Impayé,0.0
13511,1896,2020-2021,15623,15623,2023-05-01,Payé,1.0
13512,1896,2021-2022,23250,23250,2024-05-26,Payé,1.0
13513,1836,2024-2025,15245,15245,2024-08-19,Payé,1.0
13514,1544,2022-2023,18402,18402,2024-10-30,Payé,1.0
13515,1544,2021-2022,20600,20600,2022-07-29,Payé,1.0
13516,1207,2022-2023,21669,21669,2023-09-10,Payé,1.0
13517,1207,2021-2022,24157,19088,2022-04-21,Partiel,0.7901643415987084
13518,1207,2023-2024,17357,17357,2022-12-08,Payé,1.0
13519,1172,2023-2024,22428,22428,2023-10-04,Payé,1.0
13520,1520,2021-2022,17447,17447,2023-03-19,Payé,1.0
13521,1520,2024-2025,19153,9342,2023-08-31,Partiel,0.4877564872343758
13522,1403,2023-2024,21171,21171,2024-10-04,Payé,1.0
13523,1874,2021-2022,19819,19819,2022-07-21,Payé,1.0
13524,1874,2023-2024,22601,0,2023-05-24,Impayé,0.0
13525,1874,2024-2025,17300,17300,2024-10-27,Payé,1.0
13526,1037,2020-2021,16417,16417,2022-04-16,Payé,1.0
13527,1037,2022-2023,22373,22373,2024-01-20,Payé,1.0
13528,1271,2023-2024,24292,13209,2022-11-21,Partiel,0.543759262308579
13529,1271,2022-2023,22897,22897,2022-07-30,Payé,1.0
13530,1099,2022-2023,24444,24444,2024-05-25,Payé,1.0
13531,1099,2020-2021,19326,19326,2025-01-07,Payé,1.0
13532,1099,2023-2024,19014,19014,2023-09-30,Payé,1.0
13533,1390,2022-2023,19178,19178,2024-07-27,Payé,1.0
13534,1390,2024-2025,24553,24553,2024-12-25,Payé,1.0
13535,1390,2020-2021,22277,22277,2022-07-04,Payé,1.0
13536,1103,2021-2022,20152,20152,2023-11-22,Payé,1.0
13537,1103,2024-2025,20819,20819,2021-09-12,Payé,1.0
13538,1320,2024-2025,15980,15980,2024-09-12,Payé,1.0
13539,1320,2020-2021,19894,19894,2022-04-21,Payé,1.0
13540,1320,2023-2024,21508,21508,2024-11-06,Payé,1.0
13541,1231,2021-2022,15358,15358,2021-10-30,Payé,1.0
13542,1231,2020-2021,23103,18171,2023-08-01,Partiel,0.7865212310089599
13543,1231,2023-2024,19474,19474,2022-08-03,Payé,1.0
13544,1350,2021-2022,16231,16231,2021-12-07,Payé,1.0
13545,1350,2023-2024,15762,15762,2024-01-28,Payé,1.0
13546,1350,2022-2023,15699,15699,2022-04-10,Payé,1.0
13547,2011,2023-2024,21772,21772,2021-12-31,Payé,1.0
13548,1287,2023-2024,15321,15321,2023-09-10,Payé,1.0
13549,1287,2022-2023,22451,22451,2022-02-02,Payé,1.0
13550,1287,2024-2025,20121,20121,2023-05-29,Payé,1.0
13551,1226,2022-2023,21441,16367,2023-01-08,Partiel,0.7633505899911385
13552,2192,2020-2021,23075,23075,2024-07-16,Payé,1.0
13553,2192,2021-2022,22851,0,2023-05-12,Impayé,0.0
13554,1731,2023-2024,18878,8930,2024-08-14,Partiel,0.4730373980294523
13555,1731,2022-2023,18128,18128,2023-12-12,Payé,1.0
13556,1731,2020-2021,23573,23573,2022-12-02,Payé,1.0
13557,2040,2023-2024,19076,19076,2021-09-11,Payé,1.0
13558,2102,2021-2022,18356,18356,2022-03-09,Payé,1.0
13559,2085,2024-2025,24997,24997,2022-04-05,Payé,1.0
13560,2085,2021-2022,16178,16178,2024-10-18,Payé,1.0
13561,1733,2024-2025,20739,0,2023-01-21,Impayé,0.0
13562,1771,2022-2023,15742,7273,2022-02-23,Partiel,0.4620124507686444
13563,1664,2020-2021,20209,20209,2023-02-26,Payé,1.0
13564,1664,2022-2023,19598,19598,2024-11-21,Payé,1.0
13565,1664,2023-2024,19197,8073,2023-07-14,Partiel,0.4205344585091421
13566,1723,2021-2022,24769,24769,2022-11-19,Payé,1.0
13567,1723,2024-2025,15352,15352,2023-02-06,Payé,1.0
13568,1516,2024-2025,19040,19040,2024-07-22,Payé,1.0
13569,1516,2023-2024,20267,20267,2023-02-27,Payé,1.0
13570,1587,2022-2023,22911,12697,2023-03-15,Partiel,0.5541879446554057
13571,1155,2024-2025,21105,21105,2023-02-12,Payé,1.0
13572,1155,2021-2022,19029,19029,2022-10-27,Payé,1.0
13573,1861,2021-2022,17196,17196,2021-09-21,Payé,1.0
13574,1861,2024-2025,15418,15418,2021-09-15,Payé,1.0
13575,1315,2023-2024,18811,18811,2023-12-09,Payé,1.0
13576,1315,2020-2021,23122,23122,2022-07-08,Payé,1.0
13577,1845,2022-2023,24975,24975,2022-08-28,Payé,1.0
13578,1355,2021-2022,24818,24818,2022-05-16,Payé,1.0
13579,1355,2020-2021,21334,21334,2022-03-02,Payé,1.0
13580,1681,2022-2023,16086,16086,2022-06-06,Payé,1.0
13581,1681,2020-2021,20877,20877,2022-06-02,Payé,1.0
13582,1681,2023-2024,15516,10326,2024-06-26,Partiel,0.6655065738592421
13583,2083,2024-2025,19950,13220,2022-03-20,Partiel,0.66265664160401
13584,1464,2023-2024,19161,19161,2024-01-04,Payé,1.0
13585,1464,2022-2023,21513,21513,2024-03-11,Payé,1.0
13586,2033,2023-2024,15372,15372,2023-02-16,Payé,1.0
13587,1294,2021-2022,22655,22655,2024-03-22,Payé,1.0
13588,1294,2023-2024,22039,22039,2022-02-14,Payé,1.0
13589,1294,2020-2021,17552,9645,2023-01-04,Partiel,0.5495100273473108
13590,1667,2022-2023,19280,8987,2022-07-10,Partiel,0.4661307053941909
13591,1667,2024-2025,21810,21810,2023-05-09,Payé,1.0
13592,2162,2023-2024,15356,15356,2025-02-03,Payé,1.0
13593,2162,2024-2025,19870,19870,2024-11-26,Payé,1.0
13594,1642,2024-2025,24498,24498,2022-03-06,Payé,1.0
13595,1989,2021-2022,21065,21065,2023-10-05,Payé,1.0
13596,1989,2023-2024,20549,20549,2023-09-26,Payé,1.0
13597,1989,2020-2021,16012,16012,2022-03-17,Payé,1.0
13598,1741,2022-2023,15577,15577,2024-07-10,Payé,1.0
13599,1741,2024-2025,24973,24973,2023-12-02,Payé,1.0
13600,1741,2020-2021,18352,18352,2021-09-16,Payé,1.0
13601,1987,2022-2023,18689,18689,2023-03-12,Payé,1.0
13602,1987,2023-2024,20975,20975,2023-06-05,Payé,1.0
13603,1987,2024-2025,24061,24061,2024-11-03,Payé,1.0
13604,1201,2023-2024,18686,18686,2022-01-15,Payé,1.0
13605,1201,2022-2023,16604,8579,2021-12-02,Partiel,0.516682727053722
13606,1986,2022-2023,16335,16335,2025-02-06,Payé,1.0
13607,2095,2022-2023,15254,0,2022-03-03,Impayé,0.0
13608,1279,2020-2021,19305,19305,2024-12-29,Payé,1.0
13609,1279,2023-2024,22182,0,2023-03-08,Impayé,0.0
13610,1837,2020-2021,15982,15982,2022-04-12,Payé,1.0
13611,1017,2021-2022,15421,15421,2023-05-09,Payé,1.0
13612,1017,2024-2025,17225,8089,2021-10-21,Partiel,0.4696081277213353
13613,1223,2021-2022,21732,21732,2024-09-26,Payé,1.0
13614,1223,2022-2023,21541,21541,2024-04-06,Payé,1.0
13615,1223,2020-2021,19556,11828,2022-11-07,Partiel,0.6048271630190223
13616,1046,2020-2021,24602,11308,2021-11-20,Partiel,0.4596374278513942
13617,1046,2021-2022,22175,22175,2024-03-24,Payé,1.0
13618,1683,2022-2023,19930,19930,2022-11-09,Payé,1.0
13619,1682,2020-2021,19664,12411,2024-07-19,Partiel,0.631153376729048
13620,1682,2023-2024,24099,24099,2024-12-27,Payé,1.0
13621,1863,2021-2022,24077,24077,2022-07-31,Payé,1.0
13622,1863,2022-2023,18209,0,2023-06-15,Impayé,0.0
13623,1719,2022-2023,18236,18236,2025-02-18,Payé,1.0
13624,1348,2022-2023,17703,17703,2023-04-21,Payé,1.0
13625,1348,2020-2021,17481,17481,2021-12-20,Payé,1.0
13626,1348,2021-2022,17889,17889,2024-09-26,Payé,1.0
13627,1561,2021-2022,17353,17353,2024-09-12,Payé,1.0
13628,1561,2022-2023,20127,20127,2024-10-18,Payé,1.0
13629,1797,2020-2021,23511,15520,2023-05-05,Partiel,0.660116541193484
13630,1797,2023-2024,18003,18003,2022-07-13,Payé,1.0
13631,1084,2020-2021,20790,10380,2024-06-14,Partiel,0.4992784992784993
13632,1084,2023-2024,18320,18320,2024-05-22,Payé,1.0
13633,2132,2020-2021,24563,24563,2021-10-05,Payé,1.0
13634,2132,2024-2025,20292,8125,2024-01-25,Partiel,0.4004041001379854
13635,2132,2021-2022,17021,17021,2023-07-28,Payé,1.0
13636,1122,2022-2023,18472,18472,2023-06-19,Payé,1.0
13637,1122,2024-2025,23970,23970,2022-09-06,Payé,1.0
13638,1122,2021-2022,24690,24690,2025-01-18,Payé,1.0
13639,1369,2022-2023,19826,14642,2023-02-03,Partiel,0.7385251689700394
13640,1369,2021-2022,19741,19741,2024-06-25,Payé,1.0
13641,1679,2024-2025,20528,20528,2023-11-21,Payé,1.0
13642,1526,2021-2022,18554,13538,2022-12-30,Partiel,0.7296539829686322
13643,1526,2022-2023,17764,17764,2021-11-01,Payé,1.0
13644,1526,2020-2021,16823,0,2023-09-13,Impayé,0.0
13645,2099,2022-2023,21766,21766,2022-05-13,Payé,1.0
13646,2099,2023-2024,24118,24118,2022-08-30,Payé,1.0
13647,1242,2022-2023,21297,21297,2024-01-25,Payé,1.0
13648,1242,2020-2021,20758,20758,2023-10-20,Payé,1.0
13649,1242,2023-2024,20439,20439,2023-05-06,Payé,1.0
13650,1352,2021-2022,23763,23763,2022-05-11,Payé,1.0
13651,1004,2022-2023,18458,18458,2024-11-12,Payé,1.0
13652,2114,2020-2021,15263,15263,2023-09-07,Payé,1.0
13653,2114,2022-2023,16876,16876,2023-05-21,Payé,1.0
13654,2114,2021-2022,21347,21347,2022-11-11,Payé,1.0
13655,2018,2024-2025,19230,19230,2024-02-13,Payé,1.0
13656,2093,2022-2023,21034,11907,2021-12-20,Partiel,0.5660834838832367
13657,1156,2022-2023,19496,19496,2022-09-25,Payé,1.0
13658,1156,2023-2024,23498,23498,2024-11-21,Payé,1.0
13659,1370,2022-2023,18588,18588,2023-04-29,Payé,1.0
13660,1859,2023-2024,24997,24997,2022-11-29,Payé,1.0
13661,1549,2020-2021,21005,21005,2022-11-08,Payé,1.0
13662,2120,2021-2022,21861,21861,2021-12-05,Payé,1.0
13663,1035,2020-2021,24642,24642,2021-11-23,Payé,1.0
13664,1035,2024-2025,17169,17169,2024-05-29,Payé,1.0
13665,1035,2022-2023,19713,19713,2024-09-27,Payé,1.0
13666,2145,2020-2021,24472,24472,2024-06-19,Payé,1.0
13667,1768,2024-2025,21913,21913,2024-10-05,Payé,1.0
13668,1768,2020-2021,22749,22749,2024-03-16,Payé,1.0
13669,1768,2022-2023,24170,24170,2024-01-01,Payé,1.0
13670,1611,2023-2024,24309,24309,2022-10-07,Payé,1.0
13671,1611,2022-2023,24381,24381,2024-02-05,Payé,1.0
13672,1958,2020-2021,17252,0,2024-08-26,Impayé,0.0
13673,1958,2021-2022,15660,7391,2022-06-15,Partiel,0.4719667943805875
13674,1612,2024-2025,16081,16081,2023-03-06,Payé,1.0
13675,1612,2020-2021,15545,15545,2023-05-18,Payé,1.0
13676,1283,2024-2025,17302,17302,2023-10-12,Payé,1.0
13677,1627,2024-2025,21564,21564,2024-07-22,Payé,1.0
13678,1627,2022-2023,23757,23757,2023-01-22,Payé,1.0
13679,1627,2021-2022,20925,15198,2024-05-25,Partiel,0.7263082437275986
13680,1065,2022-2023,22217,22217,2021-09-26,Payé,1.0
13681,1584,2022-2023,22706,22706,2023-09-26,Payé,1.0
13682,1671,2022-2023,23653,23653,2021-11-12,Payé,1.0
13683,1671,2023-2024,17045,17045,2022-12-05,Payé,1.0
13684,1671,2020-2021,15353,15353,2021-09-23,Payé,1.0
13685,1785,2024-2025,16357,16357,2024-09-02,Payé,1.0
13686,1258,2020-2021,19912,19912,2024-07-06,Payé,1.0
13687,1258,2024-2025,18548,18548,2023-09-16,Payé,1.0
13688,2050,2022-2023,18456,18456,2024-09-18,Payé,1.0
13689,2050,2020-2021,15920,10851,2024-04-13,Partiel,0.6815954773869347
13690,1246,2023-2024,16592,16592,2024-01-07,Payé,1.0
13691,1246,2020-2021,16386,8558,2023-12-23,Partiel,0.5222751129012572
13692,1246,2021-2022,19945,19945,2021-09-07,Payé,1.0
13693,1454,2020-2021,15159,15159,2021-11-22,Payé,1.0
13694,1454,2024-2025,15534,11727,2023-11-14,Partiel,0.7549246813441484
13695,1891,2024-2025,17029,17029,2023-06-21,Payé,1.0
13696,1891,2020-2021,21564,12736,2024-08-13,Partiel,0.5906139862734187
13697,2042,2022-2023,16397,16397,2022-07-05,Payé,1.0
13698,2042,2023-2024,19917,19917,2022-11-14,Payé,1.0
13699,2042,2021-2022,15902,15902,2024-05-28,Payé,1.0
13700,1219,2020-2021,22761,22761,2024-02-22,Payé,1.0
13701,1219,2024-2025,16749,0,2023-09-04,Impayé,0.0
13702,1219,2021-2022,19101,10581,2022-11-01,Partiel,0.553950054970944
13703,1069,2021-2022,16915,16915,2023-05-23,Payé,1.0
13704,1069,2022-2023,20467,0,2025-01-27,Impayé,0.0
13705,2062,2024-2025,15605,15605,2021-11-03,Payé,1.0
13706,1834,2021-2022,17508,17508,2021-10-16,Payé,1.0
13707,1630,2021-2022,19492,19492,2023-10-10,Payé,1.0
13708,1210,2023-2024,24615,24615,2022-05-31,Payé,1.0
13709,2091,2024-2025,24764,24764,2024-04-22,Payé,1.0
13710,2091,2022-2023,20440,20440,2023-04-29,Payé,1.0
13711,1935,2020-2021,16293,16293,2024-06-27,Payé,1.0
13712,1935,2024-2025,18106,18106,2023-04-11,Payé,1.0
13713,1391,2020-2021,19841,19841,2022-08-26,Payé,1.0
13714,1759,2022-2023,15778,15778,2025-02-25,Payé,1.0
13715,1759,2021-2022,17562,17562,2023-04-12,Payé,1.0
13716,1362,2024-2025,17026,17026,2024-05-10,Payé,1.0
13717,1362,2020-2021,16107,16107,2022-01-22,Payé,1.0
13718,1345,2023-2024,21684,21684,2024-06-28,Payé,1.0
13719,1345,2022-2023,21285,21285,2024-11-04,Payé,1.0
13720,1345,2024-2025,20993,20993,2022-02-02,Payé,1.0
13721,1413,2021-2022,21900,21900,2022-05-18,Payé,1.0
13722,1413,2023-2024,19514,19514,2024-12-31,Payé,1.0
13723,1413,2020-2021,18085,18085,2023-05-21,Payé,1.0
13724,1795,2022-2023,20905,20905,2023-01-03,Payé,1.0
13725,1795,2020-2021,23735,0,2022-11-07,Impayé,0.0
13726,1565,2020-2021,21034,21034,2024-08-03,Payé,1.0
13727,1922,2020-2021,23549,0,2024-07-19,Impayé,0.0
13728,1922,2021-2022,16615,16615,2023-03-16,Payé,1.0
13729,1674,2024-2025,20466,20466,2022-07-17,Payé,1.0
13730,1061,2020-2021,21150,21150,2022-12-18,Payé,1.0
13731,1061,2022-2023,17777,17777,2023-05-20,Payé,1.0
13732,1161,2021-2022,18829,18829,2024-05-12,Payé,1.0
13733,1161,2022-2023,17575,10078,2023-07-25,Partiel,0.5734281650071124
13734,2105,2020-2021,15831,15831,2022-01-23,Payé,1.0
13735,2105,2021-2022,24490,24490,2023-10-03,Payé,1.0
13736,2105,2024-2025,16271,7585,2022-01-30,Partiel,0.4661667998279147
13737,1010,2024-2025,23832,23832,2024-12-11,Payé,1.0
13738,1010,2020-2021,18554,18554,2024-09-12,Payé,1.0
13739,1010,2021-2022,20325,9463,2024-01-20,Partiel,0.4655842558425584
13740,1654,2024-2025,15331,15331,2024-10-06,Payé,1.0
13741,1654,2023-2024,24790,24790,2022-12-20,Payé,1.0
13742,1654,2021-2022,16481,16481,2023-10-01,Payé,1.0
13743,1545,2020-2021,17464,17464,2024-12-13,Payé,1.0
13744,1019,2021-2022,18227,18227,2023-02-24,Payé,1.0
13745,1019,2024-2025,20754,20754,2023-04-10,Payé,1.0
13746,1384,2023-2024,17090,17090,2024-04-19,Payé,1.0
13747,1384,2020-2021,19021,19021,2022-03-30,Payé,1.0
13748,1195,2020-2021,24938,24938,2022-11-14,Payé,1.0
13749,1558,2022-2023,19698,19698,2024-05-12,Payé,1.0
13750,1724,2020-2021,20111,20111,2023-04-23,Payé,1.0
13751,1305,2022-2023,16805,0,2022-12-01,Impayé,0.0
13752,1774,2022-2023,24500,24500,2023-08-05,Payé,1.0
13753,1774,2023-2024,21806,21806,2023-10-07,Payé,1.0
13754,1508,2020-2021,22577,22577,2022-10-02,Payé,1.0
13755,1508,2023-2024,15051,15051,2023-12-12,Payé,1.0
13756,1508,2024-2025,18387,18387,2023-02-20,Payé,1.0
13757,1691,2023-2024,19487,19487,2022-03-05,Payé,1.0
13758,1691,2024-2025,24584,24584,2023-10-01,Payé,1.0
13759,1691,2021-2022,22367,0,2022-01-29,Impayé,0.0
13760,1692,2023-2024,18358,18358,2022-03-10,Payé,1.0
13761,1692,2022-2023,22907,10492,2024-10-17,Partiel,0.4580259309381412
13762,2172,2022-2023,15765,15765,2022-11-18,Payé,1.0
13763,2172,2021-2022,19342,19342,2022-04-21,Payé,1.0
13764,1713,2020-2021,24383,24383,2022-07-25,Payé,1.0
13765,1713,2022-2023,23799,23799,2022-08-22,Payé,1.0
13766,2185,2021-2022,17004,17004,2022-03-22,Payé,1.0
13767,2185,2022-2023,20642,14088,2023-06-12,Partiel,0.6824920065885088
13768,2185,2024-2025,15813,15813,2023-04-01,Payé,1.0
13769,1461,2020-2021,22818,22818,2023-03-04,Payé,1.0
13770,1461,2024-2025,23557,23557,2021-10-28,Payé,1.0
13771,1609,2022-2023,22357,16138,2025-01-22,Partiel,0.7218320883839513
13772,1609,2021-2022,17732,17732,2022-07-24,Payé,1.0
13773,1609,2024-2025,15190,12049,2024-04-12,Partiel,0.7932192231731402
13774,1944,2023-2024,21133,21133,2021-11-16,Payé,1.0
13775,1944,2020-2021,23605,23605,2025-02-12,Payé,1.0
13776,1944,2022-2023,19630,19630,2024-09-14,Payé,1.0
13777,1067,2023-2024,20762,20762,2022-02-11,Payé,1.0
13778,1067,2022-2023,17262,17262,2022-04-04,Payé,1.0
13779,1067,2024-2025,20560,12332,2024-08-07,Partiel,0.5998054474708171
13780,2086,2024-2025,18335,18335,2023-02-17,Payé,1.0
13781,2086,2020-2021,21941,16943,2022-05-05,Partiel,0.7722072831684973
13782,2123,2023-2024,19236,19236,2023-06-19,Payé,1.0
13783,2123,2020-2021,19336,19336,2021-12-10,Payé,1.0
13784,1877,2024-2025,19923,14585,2024-08-31,Partiel,0.7320684635848015
13785,1877,2023-2024,18299,18299,2024-01-20,Payé,1.0
13786,1877,2021-2022,20504,20504,2021-10-18,Payé,1.0
13787,1761,2024-2025,24936,24936,2023-09-23,Payé,1.0
13788,1920,2024-2025,18659,18659,2025-02-05,Payé,1.0
13789,1406,2020-2021,23699,23699,2023-07-23,Payé,1.0
13790,1406,2024-2025,24479,24479,2023-04-14,Payé,1.0
13791,1334,2020-2021,18990,18990,2024-12-12,Payé,1.0
13792,1334,2022-2023,20576,20576,2022-03-03,Payé,1.0
13793,1334,2024-2025,16057,0,2024-10-07,Impayé,0.0
13794,1078,2020-2021,21784,21784,2024-05-31,Payé,1.0
13795,1078,2024-2025,24842,24842,2024-08-31,Payé,1.0
13796,1078,2021-2022,19899,19899,2023-03-11,Payé,1.0
13797,1560,2020-2021,21977,21977,2025-02-11,Payé,1.0
13798,1560,2022-2023,23954,23954,2023-12-22,Payé,1.0
13799,1560,2024-2025,19528,19528,2024-03-27,Payé,1.0
13800,1194,2020-2021,18165,7442,2022-09-29,Partiel,0.4096889622901184
13801,1194,2023-2024,15939,15939,2022-10-17,Payé,1.0
13802,1194,2022-2023,22608,22608,2023-04-12,Payé,1.0
13803,1977,2023-2024,20602,20602,2025-02-07,Payé,1.0
13804,1802,2023-2024,15951,15951,2022-11-25,Payé,1.0
13805,1802,2022-2023,23132,15129,2025-02-04,Partiel,0.6540290506657445
13806,1802,2021-2022,23191,23191,2024-04-08,Payé,1.0
13807,1976,2020-2021,16063,16063,2024-09-25,Payé,1.0
13808,1102,2022-2023,21256,21256,2022-08-11,Payé,1.0
13809,1102,2020-2021,22323,22323,2022-01-06,Payé,1.0
13810,1262,2021-2022,20192,11672,2024-09-02,Partiel,0.5780507131537242
13811,1446,2021-2022,20373,20373,2023-04-29,Payé,1.0
13812,1446,2020-2021,22305,22305,2023-11-13,Payé,1.0
13813,1446,2023-2024,24474,10292,2021-09-06,Partiel,0.4205279071667892
13814,1117,2023-2024,24136,11047,2024-10-28,Partiel,0.4576980444149818
13815,1117,2021-2022,24613,24613,2022-07-06,Payé,1.0
13816,1117,2022-2023,18495,18495,2024-11-06,Payé,1.0
13817,1645,2022-2023,19258,8618,2021-09-12,Partiel,0.4475023366912452
13818,1645,2021-2022,22243,22243,2024-09-30,Payé,1.0
13819,1645,2023-2024,23565,23565,2022-10-14,Payé,1.0
13820,1933,2023-2024,16294,16294,2022-06-06,Payé,1.0
13821,1884,2023-2024,18969,18969,2023-09-25,Payé,1.0
13822,1118,2024-2025,18638,18638,2024-11-26,Payé,1.0
13823,1118,2020-2021,19978,19978,2021-10-04,Payé,1.0
13824,2183,2023-2024,18236,18236,2023-01-09,Payé,1.0
13825,1272,2022-2023,24827,24827,2022-01-03,Payé,1.0
13826,1272,2024-2025,24482,24482,2024-07-24,Payé,1.0
13827,1042,2020-2021,22180,22180,2024-10-23,Payé,1.0
13828,1899,2024-2025,17604,17604,2022-05-10,Payé,1.0
13829,1465,2020-2021,24431,24431,2024-01-08,Payé,1.0
13830,1465,2022-2023,19881,19881,2024-12-09,Payé,1.0
13831,1604,2021-2022,22201,22201,2022-02-20,Payé,1.0
13832,1604,2023-2024,24101,24101,2022-01-22,Payé,1.0
13833,1519,2021-2022,21938,13365,2021-10-30,Partiel,0.6092168839456651
13834,1519,2023-2024,15357,15357,2024-03-05,Payé,1.0
13835,1232,2020-2021,16666,16666,2024-08-22,Payé,1.0
13836,1282,2024-2025,20783,20783,2024-10-27,Payé,1.0
13837,1282,2021-2022,24190,24190,2024-05-27,Payé,1.0
13838,1282,2020-2021,15027,15027,2024-10-24,Payé,1.0
13839,1817,2023-2024,23616,23616,2023-06-10,Payé,1.0
13840,1817,2020-2021,21676,0,2023-05-08,Impayé,0.0
13841,1006,2021-2022,17487,7306,2022-05-17,Partiel,0.4177960770858352
13842,1006,2022-2023,21206,10324,2022-06-20,Partiel,0.4868433462227671
13843,1006,2024-2025,15946,15946,2022-11-14,Payé,1.0
13844,1804,2023-2024,23169,23169,2021-11-12,Payé,1.0
13845,1804,2022-2023,20887,20887,2023-07-30,Payé,1.0
13846,1456,2022-2023,15240,15240,2024-12-20,Payé,1.0
13847,1456,2021-2022,20149,20149,2022-04-09,Payé,1.0
13848,1456,2023-2024,21918,0,2024-07-19,Impayé,0.0
13849,1904,2024-2025,15606,15606,2023-03-25,Payé,1.0
13850,1704,2020-2021,24147,0,2022-04-03,Impayé,0.0
13851,2046,2024-2025,23813,23813,2023-07-09,Payé,1.0
13852,2046,2021-2022,22467,22467,2023-05-23,Payé,1.0
13853,1432,2020-2021,24245,24245,2023-09-04,Payé,1.0
13854,1432,2021-2022,21855,21855,2025-01-09,Payé,1.0
13855,1647,2023-2024,15968,15968,2024-06-07,Payé,1.0
13856,1647,2022-2023,17801,17801,2024-10-04,Payé,1.0
13857,1647,2024-2025,21798,15604,2024-01-01,Partiel,0.7158454904119644
13858,2118,2023-2024,23801,23801,2022-08-16,Payé,1.0
13859,2118,2022-2023,16900,16900,2024-09-05,Payé,1.0
13860,2118,2024-2025,18986,18986,2023-02-03,Payé,1.0
13861,1925,2022-2023,15083,15083,2023-12-14,Payé,1.0
13862,1754,2023-2024,24317,24317,2024-05-22,Payé,1.0
13863,1754,2020-2021,17927,9945,2024-09-19,Partiel,0.5547498187092096
13864,1032,2022-2023,19355,19355,2022-02-21,Payé,1.0
13865,1032,2020-2021,24123,24123,2023-03-07,Payé,1.0
13866,1032,2021-2022,18450,18450,2022-02-18,Payé,1.0
13867,1576,2023-2024,21684,15703,2022-07-19,Partiel,0.7241745065486073
13868,1743,2022-2023,16051,10855,2021-12-18,Partiel,0.6762818515980312
13869,1743,2020-2021,19563,19563,2022-09-01,Payé,1.0
13870,1743,2024-2025,22401,22401,2021-10-18,Payé,1.0
13871,1751,2023-2024,22338,22338,2022-03-09,Payé,1.0
13872,1751,2021-2022,18766,18766,2023-03-10,Payé,1.0
13873,1751,2024-2025,19690,19690,2021-10-09,Payé,1.0
13874,1942,2020-2021,18797,0,2022-01-21,Impayé,0.0
13875,1113,2020-2021,24180,24180,2022-05-26,Payé,1.0
13876,1113,2024-2025,17812,17812,2022-11-14,Payé,1.0
13877,2002,2024-2025,18573,18573,2023-05-02,Payé,1.0
13878,1248,2022-2023,22974,22974,2024-08-23,Payé,1.0
13879,1317,2023-2024,24493,17718,2022-05-11,Partiel,0.7233903564283672
13880,1317,2022-2023,22080,22080,2024-06-03,Payé,1.0
13881,1317,2020-2021,16729,16729,2023-03-22,Payé,1.0
13882,1622,2021-2022,21749,9294,2024-10-12,Partiel,0.4273299921835487
13883,1622,2023-2024,20694,20694,2021-11-15,Payé,1.0
13884,1744,2020-2021,17672,17672,2022-06-19,Payé,1.0
13885,1744,2022-2023,15173,15173,2024-02-25,Payé,1.0
13886,1579,2022-2023,19755,19755,2024-11-25,Payé,1.0
13887,1579,2024-2025,21246,21246,2024-02-11,Payé,1.0
13888,1866,2023-2024,21983,16294,2022-01-30,Partiel,0.7412091161351954
13889,1866,2021-2022,17542,17542,2022-03-07,Payé,1.0
13890,1866,2024-2025,15993,0,2021-10-21,Impayé,0.0
13891,1208,2024-2025,23635,18583,2023-10-20,Partiel,0.7862492066850011
13892,1208,2020-2021,23213,23213,2025-01-06,Payé,1.0
13893,1978,2024-2025,15100,15100,2021-12-27,Payé,1.0
13894,1098,2024-2025,23124,0,2024-10-29,Impayé,0.0
13895,1377,2021-2022,16145,16145,2022-11-25,Payé,1.0
13896,1377,2023-2024,22272,22272,2022-06-20,Payé,1.0
13897,1873,2023-2024,19161,0,2023-05-02,Impayé,0.0
13898,1873,2020-2021,21655,21655,2024-11-09,Payé,1.0
13899,1227,2021-2022,23310,23310,2023-06-07,Payé,1.0
13900,2163,2023-2024,22243,22243,2023-04-19,Payé,1.0
13901,2163,2020-2021,15496,15496,2021-10-28,Payé,1.0
13902,2163,2021-2022,17802,17802,2024-06-23,Payé,1.0
13903,1247,2024-2025,17636,17636,2023-02-27,Payé,1.0
13904,1247,2022-2023,17221,17221,2023-03-30,Payé,1.0
13905,1247,2020-2021,22867,22867,2023-09-15,Payé,1.0
13906,1632,2022-2023,24165,24165,2022-11-21,Payé,1.0
13907,1632,2023-2024,21035,21035,2022-02-10,Payé,1.0
13908,1476,2020-2021,22321,22321,2021-12-01,Payé,1.0
13909,1476,2024-2025,18857,18857,2023-01-07,Payé,1.0
13910,1476,2023-2024,18539,0,2024-06-08,Impayé,0.0
13911,1329,2024-2025,21196,21196,2025-01-06,Payé,1.0
13912,1329,2023-2024,19676,19676,2023-12-08,Payé,1.0
13913,2194,2022-2023,17803,17803,2024-01-13,Payé,1.0
13914,2194,2023-2024,19960,19960,2023-11-22,Payé,1.0
13915,1105,2022-2023,17197,17197,2024-07-12,Payé,1.0
13916,1105,2020-2021,16032,0,2024-12-10,Impayé,0.0
13917,1507,2022-2023,16660,16660,2022-06-18,Payé,1.0
13918,1507,2020-2021,16614,0,2024-01-15,Impayé,0.0
13919,1507,2023-2024,24937,24937,2023-02-06,Payé,1.0
13920,1336,2022-2023,16358,16358,2023-04-05,Payé,1.0
13921,1336,2021-2022,22215,22215,2023-04-11,Payé,1.0
13922,1336,2024-2025,21912,9932,2023-05-21,Partiel,0.4532676159182183
13923,2108,2020-2021,15163,15163,2024-11-15,Payé,1.0
13924,2108,2024-2025,20137,20137,2023-06-08,Payé,1.0
13925,1792,2020-2021,23428,23428,2022-03-25,Payé,1.0
13926,1792,2024-2025,22644,22644,2024-10-23,Payé,1.0
13927,1792,2021-2022,16919,16919,2023-09-20,Payé,1.0
13928,1385,2022-2023,19003,19003,2021-12-27,Payé,1.0
13929,1948,2024-2025,20369,9996,2023-12-25,Partiel,0.490745741077127
13930,1948,2020-2021,18534,12006,2024-11-24,Partiel,0.6477824538685659
13931,1190,2020-2021,18208,18208,2024-09-08,Payé,1.0
13932,1677,2022-2023,15912,15912,2024-09-16,Payé,1.0
13933,1163,2023-2024,18579,18579,2024-12-23,Payé,1.0
13934,1786,2020-2021,24989,24989,2023-03-12,Payé,1.0
13935,1786,2021-2022,24029,24029,2023-10-03,Payé,1.0
13936,2174,2021-2022,24108,24108,2023-03-18,Payé,1.0
13937,1657,2021-2022,22253,22253,2025-01-27,Payé,1.0
13938,1687,2021-2022,21884,21884,2021-11-29,Payé,1.0
13939,1687,2024-2025,21653,21653,2024-10-23,Payé,1.0
13940,1049,2024-2025,15026,15026,2022-09-27,Payé,1.0
13941,1049,2022-2023,24906,24906,2022-03-24,Payé,1.0
13942,1034,2020-2021,18599,18599,2024-11-18,Payé,1.0
13943,1138,2024-2025,20705,20705,2022-08-21,Payé,1.0
13944,1138,2022-2023,24130,24130,2022-01-22,Payé,1.0
13945,1321,2023-2024,18914,18914,2023-06-23,Payé,1.0
13946,1321,2020-2021,24093,24093,2022-11-18,Payé,1.0
13947,1321,2021-2022,18791,18791,2021-12-04,Payé,1.0
13948,1588,2024-2025,15863,15863,2024-04-21,Payé,1.0
13949,1203,2021-2022,16298,16298,2021-11-30,Payé,1.0
13950,1506,2021-2022,18551,18551,2024-09-05,Payé,1.0
13951,1506,2024-2025,16998,16998,2022-01-24,Payé,1.0
13952,1506,2022-2023,23764,23764,2023-03-02,Payé,1.0
13953,1343,2024-2025,20795,0,2022-01-23,Impayé,0.0
13954,1343,2020-2021,21543,21543,2023-07-25,Payé,1.0
13955,1343,2021-2022,15733,11544,2024-09-22,Partiel,0.7337443589906566
13956,1553,2020-2021,15995,15995,2023-04-26,Payé,1.0
13957,2160,2024-2025,24503,13520,2022-05-01,Partiel,0.5517691711219035
13958,2160,2023-2024,19936,19936,2024-05-07,Payé,1.0
13959,1546,2021-2022,16221,16221,2022-11-02,Payé,1.0
13960,1234,2022-2023,23648,23648,2023-09-13,Payé,1.0
13961,1234,2024-2025,18258,18258,2024-12-10,Payé,1.0
13962,1234,2020-2021,20988,20988,2024-04-02,Payé,1.0
13963,2082,2020-2021,16988,16988,2022-04-08,Payé,1.0
13964,1040,2020-2021,17029,17029,2022-01-31,Payé,1.0
13965,2180,2021-2022,17551,17551,2023-10-21,Payé,1.0
13966,2180,2022-2023,18796,0,2023-11-05,Impayé,0.0
13967,2180,2020-2021,16281,10450,2022-10-18,Partiel,0.641852466064738
13968,1047,2023-2024,18346,18346,2024-12-27,Payé,1.0
13969,1047,2021-2022,17760,0,2023-02-11,Impayé,0.0
13970,1047,2020-2021,15145,15145,2023-10-27,Payé,1.0
13971,1726,2020-2021,23396,0,2023-04-20,Impayé,0.0
13972,1149,2020-2021,15094,15094,2024-10-07,Payé,1.0
13973,1149,2021-2022,17752,17752,2024-10-17,Payé,1.0
13974,1575,2022-2023,18723,18723,2025-02-19,Payé,1.0
13975,1575,2023-2024,17001,17001,2022-01-05,Payé,1.0
13976,1943,2023-2024,17962,17962,2022-04-12,Payé,1.0
13977,1274,2021-2022,18695,18695,2022-11-07,Payé,1.0
13978,1014,2021-2022,17753,17753,2024-02-25,Payé,1.0
13979,1014,2023-2024,18501,18501,2024-06-23,Payé,1.0
13980,1014,2022-2023,15294,15294,2021-09-07,Payé,1.0
13981,1688,2022-2023,18675,0,2022-06-18,Impayé,0.0
13982,1688,2023-2024,18361,18361,2023-07-04,Payé,1.0
13983,1833,2024-2025,20063,20063,2024-10-18,Payé,1.0
13984,1833,2021-2022,22460,22460,2023-10-10,Payé,1.0
13985,1606,2021-2022,16987,16987,2023-07-30,Payé,1.0
13986,1503,2023-2024,15045,0,2022-10-27,Impayé,0.0
13987,1503,2020-2021,15419,15419,2025-01-04,Payé,1.0
13988,1503,2021-2022,15618,15618,2022-05-19,Payé,1.0
13989,1381,2022-2023,24783,12375,2024-01-21,Partiel,0.4993342210386152
13990,1381,2024-2025,19038,19038,2022-10-02,Payé,1.0
13991,1381,2021-2022,15978,15978,2022-11-12,Payé,1.0
13992,1661,2023-2024,20191,20191,2023-01-19,Payé,1.0
13993,1661,2021-2022,17043,17043,2024-11-26,Payé,1.0
13994,1661,2022-2023,19589,19589,2023-05-24,Payé,1.0
13995,1500,2020-2021,21686,21686,2022-09-07,Payé,1.0
13996,1500,2024-2025,15835,15835,2022-10-09,Payé,1.0
13997,1530,2022-2023,17273,8703,2024-02-29,Partiel,0.5038499392114861
13998,1530,2021-2022,24856,24856,2024-07-15,Payé,1.0
13999,1530,2024-2025,23266,23266,2022-07-03,Payé,1.0
14000,2113,2024-2025,23843,0,2023-09-24,Impayé,0.0
14001,2113,2020-2021,22432,15788,2023-10-23,Partiel,0.7038159771754636
14002,2113,2021-2022,15137,15137,2021-12-20,Payé,1.0
14003,1140,2024-2025,21577,21577,2023-03-31,Payé,1.0
14004,1235,2023-2024,24144,24144,2023-10-28,Payé,1.0
14005,1235,2024-2025,17806,17806,2022-02-09,Payé,1.0
14006,1903,2021-2022,18372,0,2024-08-06,Impayé,0.0
14007,2072,2024-2025,23467,23467,2022-07-15,Payé,1.0
14008,1644,2022-2023,17318,9179,2021-11-30,Partiel,0.5300265619586557
14009,1644,2021-2022,19059,19059,2024-07-25,Payé,1.0
14010,1701,2021-2022,20905,10226,2025-02-25,Partiel,0.4891652714661564
14011,1701,2024-2025,18894,18894,2023-11-12,Payé,1.0
14012,1039,2021-2022,20428,20428,2022-06-30,Payé,1.0
14013,1039,2023-2024,17301,17301,2022-04-13,Payé,1.0
14014,1039,2020-2021,20996,0,2024-12-12,Impayé,0.0
14015,1164,2023-2024,17786,17786,2023-02-08,Payé,1.0
14016,1164,2024-2025,23047,23047,2024-01-08,Payé,1.0
14017,1445,2020-2021,16218,0,2024-09-16,Impayé,0.0
14018,1445,2021-2022,19114,19114,2023-10-30,Payé,1.0
14019,1445,2022-2023,18606,18606,2022-09-10,Payé,1.0
14020,2115,2024-2025,24261,0,2022-04-22,Impayé,0.0
14021,2115,2022-2023,23197,23197,2022-08-28,Payé,1.0
14022,2096,2023-2024,24710,24710,2023-04-06,Payé,1.0
14023,2096,2022-2023,20197,20197,2022-05-25,Payé,1.0
14024,2096,2021-2022,19606,19606,2022-05-14,Payé,1.0
14025,2109,2022-2023,16216,11345,2023-02-22,Partiel,0.6996176615688209
14026,2109,2020-2021,16107,16107,2022-12-10,Payé,1.0
14027,2109,2024-2025,18993,0,2023-05-29,Impayé,0.0
14028,1652,2023-2024,20784,20784,2022-05-03,Payé,1.0
14029,1652,2024-2025,20424,20424,2023-04-04,Payé,1.0
14030,1652,2020-2021,23628,9861,2022-04-27,Partiel,0.4173438293550025
14031,1309,2023-2024,20566,20566,2022-10-13,Payé,1.0
14032,1309,2020-2021,15880,15880,2024-12-25,Payé,1.0
14033,1600,2020-2021,21492,21492,2023-08-24,Payé,1.0
14034,1600,2023-2024,20120,20120,2024-09-23,Payé,1.0
14035,2073,2024-2025,17584,17584,2023-02-20,Payé,1.0
14036,1709,2021-2022,21391,21391,2024-07-05,Payé,1.0
14037,1709,2023-2024,23462,11868,2023-06-30,Partiel,0.5058392293922087
14038,1709,2020-2021,21118,21118,2022-03-07,Payé,1.0
14039,1523,2024-2025,23670,23670,2025-01-27,Payé,1.0
14040,1812,2022-2023,16092,16092,2024-05-05,Payé,1.0
14041,1812,2020-2021,24026,24026,2023-05-25,Payé,1.0
14042,1812,2023-2024,23108,17837,2024-01-16,Partiel,0.771897178466332
14043,1075,2021-2022,16241,16241,2024-06-28,Payé,1.0
14044,1075,2023-2024,17177,0,2024-04-19,Impayé,0.0
14045,1075,2024-2025,15236,8890,2022-08-02,Partiel,0.5834864793909162
14046,1397,2023-2024,22637,14994,2022-07-31,Partiel,0.6623669214118478
14047,1892,2020-2021,22861,22861,2022-09-15,Payé,1.0
14048,1892,2023-2024,16110,0,2022-06-09,Impayé,0.0
14049,1286,2021-2022,24785,24785,2023-09-24,Payé,1.0
14050,1293,2020-2021,21296,21296,2024-02-28,Payé,1.0
14051,1293,2021-2022,24865,24865,2025-02-20,Payé,1.0
14052,1293,2022-2023,21607,21607,2022-02-17,Payé,1.0
14053,1694,2023-2024,17640,17640,2022-07-04,Payé,1.0
14054,1694,2021-2022,17646,17646,2023-09-20,Payé,1.0
14055,1694,2022-2023,18622,18622,2024-11-03,Payé,1.0
14056,1952,2021-2022,23206,23206,2023-09-14,Payé,1.0
14057,1952,2024-2025,20954,20954,2024-11-07,Payé,1.0
14058,2130,2024-2025,16566,16566,2022-08-14,Payé,1.0
14059,2130,2022-2023,21003,21003,2025-02-04,Payé,1.0
14060,2130,2021-2022,19389,13857,2022-09-08,Partiel,0.7146835834751664
14061,2060,2024-2025,18551,18551,2023-06-17,Payé,1.0
14062,2060,2022-2023,24133,17782,2022-06-06,Partiel,0.7368333816765424
14063,1497,2020-2021,18214,18214,2024-06-25,Payé,1.0
14064,1659,2023-2024,16106,16106,2025-01-12,Payé,1.0
14065,1659,2021-2022,20040,20040,2024-10-28,Payé,1.0
14066,1659,2022-2023,19021,19021,2023-01-02,Payé,1.0
14067,1637,2022-2023,21762,21762,2022-12-27,Payé,1.0
14068,1427,2020-2021,22464,22464,2022-06-27,Payé,1.0
14069,1427,2023-2024,17061,17061,2021-09-08,Payé,1.0
14070,1851,2020-2021,21084,21084,2023-08-26,Payé,1.0
14071,1851,2023-2024,24663,24663,2023-08-31,Payé,1.0
14072,1851,2024-2025,23753,23753,2024-05-04,Payé,1.0
14073,2078,2021-2022,20954,20954,2023-10-07,Payé,1.0
14074,2078,2024-2025,21491,21491,2022-05-03,Payé,1.0
14075,2059,2023-2024,15706,15706,2023-08-14,Payé,1.0
14076,2059,2021-2022,21907,0,2024-04-26,Impayé,0.0
14077,1907,2024-2025,17051,8748,2024-06-03,Partiel,0.5130490880300276
14078,1907,2023-2024,15509,15509,2021-10-04,Payé,1.0
14079,1769,2023-2024,18932,14811,2024-07-24,Partiel,0.782326220156349
14080,1950,2020-2021,18860,18860,2024-07-14,Payé,1.0
14081,1950,2021-2022,19550,19550,2022-04-27,Payé,1.0
14082,2170,2023-2024,17578,17578,2021-10-11,Payé,1.0
14083,2170,2022-2023,18337,18337,2022-01-15,Payé,1.0
14084,2170,2024-2025,20314,12608,2023-07-12,Partiel,0.6206557054248302
14085,1083,2022-2023,20068,20068,2024-04-18,Payé,1.0
14086,1083,2021-2022,18903,8492,2022-07-19,Partiel,0.4492408612389568
14087,1083,2020-2021,19621,19621,2024-01-03,Payé,1.0
14088,1376,2020-2021,17459,9038,2021-09-01,Partiel,0.517669969643164
14089,1477,2024-2025,23042,23042,2024-03-12,Payé,1.0
14090,1477,2021-2022,15281,15281,2022-12-27,Payé,1.0
14091,1676,2020-2021,15864,15864,2024-12-18,Payé,1.0
14092,1676,2023-2024,17692,17692,2024-11-02,Payé,1.0
14093,1965,2022-2023,15151,15151,2021-10-12,Payé,1.0
14094,1965,2024-2025,21038,21038,2021-12-11,Payé,1.0
14095,1364,2022-2023,15504,15504,2024-04-26,Payé,1.0
14096,1364,2024-2025,21600,21600,2022-01-26,Payé,1.0
14097,1791,2021-2022,22998,22998,2024-01-05,Payé,1.0
14098,1791,2022-2023,16064,0,2023-06-28,Impayé,0.0
14099,1791,2020-2021,23458,12467,2023-07-17,Partiel,0.5314604825645836
14100,1890,2022-2023,21295,21295,2022-06-09,Payé,1.0
14101,1012,2024-2025,15538,15538,2023-09-12,Payé,1.0
14102,1012,2021-2022,20525,20525,2022-04-23,Payé,1.0
14103,1297,2020-2021,23938,23938,2022-12-12,Payé,1.0
14104,1225,2022-2023,15746,15746,2024-02-06,Payé,1.0
14105,1225,2021-2022,21376,21376,2023-06-25,Payé,1.0
14106,1225,2020-2021,21355,21355,2022-05-11,Payé,1.0
14107,2068,2021-2022,23850,23850,2022-10-26,Payé,1.0
14108,2068,2024-2025,17629,17629,2021-12-22,Payé,1.0
14109,1888,2024-2025,21873,21873,2024-05-11,Payé,1.0
14110,1888,2023-2024,22847,22847,2022-11-19,Payé,1.0
14111,1888,2020-2021,19882,19882,2023-10-26,Payé,1.0
14112,1569,2023-2024,21573,21573,2024-10-23,Payé,1.0
14113,1569,2020-2021,23751,23751,2023-10-27,Payé,1.0
14114,1914,2023-2024,15530,15530,2023-08-05,Payé,1.0
14115,1371,2020-2021,15280,15280,2022-03-15,Payé,1.0
14116,1371,2023-2024,15881,15881,2022-12-14,Payé,1.0
14117,1371,2021-2022,16780,16780,2023-03-19,Payé,1.0
14118,1581,2020-2021,21594,21594,2023-03-29,Payé,1.0
14119,1757,2023-2024,21203,0,2023-03-14,Impayé,0.0
14120,1524,2024-2025,24926,0,2022-09-28,Impayé,0.0
14121,1147,2021-2022,19545,19545,2022-06-27,Payé,1.0
14122,1147,2020-2021,23642,13554,2023-08-20,Partiel,0.5733017511208865
14123,1399,2022-2023,17903,17903,2022-02-12,Payé,1.0
14124,1399,2021-2022,15667,15667,2023-02-16,Payé,1.0
14125,1399,2020-2021,15789,15789,2024-10-05,Payé,1.0
14126,1529,2021-2022,19148,19148,2024-09-29,Payé,1.0
14127,2196,2021-2022,20395,20395,2022-11-23,Payé,1.0
14128,2196,2023-2024,18279,11962,2024-04-24,Partiel,0.6544121669675584
14129,2196,2024-2025,17399,17399,2022-10-25,Payé,1.0
14130,1300,2024-2025,20462,20462,2023-12-15,Payé,1.0
14131,1300,2023-2024,15269,11763,2025-02-02,Partiel,0.7703844390595324
14132,1300,2022-2023,17684,17684,2023-12-10,Payé,1.0
14133,1299,2022-2023,24608,24608,2022-11-15,Payé,1.0
14134,1299,2023-2024,23782,23782,2025-02-20,Payé,1.0
14135,1299,2020-2021,18748,18748,2024-11-06,Payé,1.0
14136,1947,2024-2025,20652,20652,2022-09-05,Payé,1.0
14137,1947,2023-2024,24657,24657,2023-01-13,Payé,1.0
14138,1947,2021-2022,20944,20944,2023-01-31,Payé,1.0
14139,1966,2024-2025,21168,21168,2021-09-11,Payé,1.0
14140,1966,2022-2023,19629,13307,2023-05-26,Partiel,0.6779255183656834
14141,1505,2023-2024,17504,17504,2022-01-05,Payé,1.0
14142,1505,2022-2023,22352,22352,2022-08-12,Payé,1.0
14143,1212,2020-2021,19803,19803,2024-04-29,Payé,1.0
14144,2036,2022-2023,21556,21556,2023-07-08,Payé,1.0
14145,1270,2020-2021,19219,19219,2022-02-01,Payé,1.0
14146,1270,2021-2022,24985,24985,2024-07-06,Payé,1.0
14147,1270,2022-2023,17499,17499,2023-12-16,Payé,1.0
14148,1641,2020-2021,15727,15727,2024-09-24,Payé,1.0
14149,1641,2024-2025,22118,22118,2024-09-10,Payé,1.0
14150,1641,2022-2023,15973,15973,2022-11-23,Payé,1.0
14151,1936,2024-2025,16125,16125,2021-11-30,Payé,1.0
14152,1936,2020-2021,17849,17849,2021-09-07,Payé,1.0
14153,2103,2022-2023,22874,22874,2023-02-05,Payé,1.0
14154,2103,2024-2025,18159,18159,2022-12-16,Payé,1.0
14155,2103,2023-2024,22747,22747,2022-06-02,Payé,1.0
14156,1233,2023-2024,16339,16339,2022-01-10,Payé,1.0
14157,1233,2024-2025,20628,20628,2023-07-12,Payé,1.0
14158,1021,2020-2021,15076,15076,2023-03-13,Payé,1.0
14159,1052,2021-2022,18536,18536,2024-08-11,Payé,1.0
14160,1052,2023-2024,21397,21397,2022-05-30,Payé,1.0
14161,1559,2023-2024,18414,18414,2022-03-01,Payé,1.0
14162,1109,2023-2024,21804,21804,2021-09-23,Payé,1.0
14163,1109,2021-2022,23500,9465,2024-07-16,Partiel,0.4027659574468085
14164,1008,2024-2025,19214,19214,2022-04-07,Payé,1.0
14165,1008,2023-2024,18083,18083,2024-03-26,Payé,1.0
14166,1008,2022-2023,23966,23966,2022-08-06,Payé,1.0
14167,2176,2021-2022,20071,20071,2023-06-30,Payé,1.0
14168,1093,2024-2025,15782,11081,2024-10-29,Partiel,0.7021290077303257
14169,1093,2021-2022,17316,17316,2023-04-12,Payé,1.0
14170,1072,2024-2025,15449,15449,2024-06-05,Payé,1.0
14171,1072,2020-2021,17008,9956,2022-01-26,Partiel,0.5853715898400753
14172,1072,2022-2023,20909,20909,2025-01-27,Payé,1.0
14173,1988,2020-2021,24574,14266,2022-03-01,Partiel,0.5805322698787336
14174,1988,2021-2022,15974,15974,2022-08-15,Payé,1.0
14175,1988,2023-2024,23181,12231,2022-10-01,Partiel,0.5276303869548337
14176,1307,2022-2023,17084,17084,2024-09-18,Payé,1.0
14177,1307,2021-2022,18137,18137,2023-08-12,Payé,1.0
14178,2138,2020-2021,17741,17741,2021-10-11,Payé,1.0
14179,2138,2022-2023,19949,19949,2024-02-01,Payé,1.0
14180,2138,2023-2024,23710,13970,2022-12-10,Partiel,0.5892028679881907
14181,1504,2023-2024,20248,0,2024-06-30,Impayé,0.0
14182,1504,2020-2021,16445,16445,2021-12-06,Payé,1.0
14183,1504,2024-2025,19392,14391,2021-11-05,Partiel,0.7421101485148515
14184,1353,2024-2025,23920,23920,2024-09-01,Payé,1.0
14185,1353,2022-2023,21583,21583,2024-04-06,Payé,1.0
14186,2070,2022-2023,16441,16441,2022-12-02,Payé,1.0
14187,1585,2023-2024,20932,20932,2023-12-12,Payé,1.0
14188,1585,2024-2025,19785,19785,2023-01-25,Payé,1.0
14189,1585,2021-2022,16310,8959,2023-03-10,Partiel,0.5492949110974862
14190,1663,2023-2024,23995,18480,2021-09-16,Partiel,0.7701604500937695
14191,1663,2024-2025,16760,16760,2024-04-19,Payé,1.0
14192,1663,2020-2021,17147,12020,2024-06-11,Partiel,0.7009972589957427
14193,1551,2021-2022,20498,20498,2023-09-09,Payé,1.0
14194,1954,2020-2021,16159,16159,2024-02-10,Payé,1.0
14195,1954,2021-2022,16799,16799,2023-10-28,Payé,1.0
14196,1173,2023-2024,17289,8085,2024-10-29,Partiel,0.467638382786743
14197,1173,2021-2022,23692,23692,2023-02-26,Payé,1.0
14198,1173,2024-2025,16701,16701,2024-09-15,Payé,1.0
14199,1074,2022-2023,18941,18941,2021-09-07,Payé,1.0
14200,1074,2024-2025,21305,21305,2023-12-05,Payé,1.0
14201,1721,2024-2025,24717,24717,2025-01-29,Payé,1.0
14202,1721,2022-2023,22833,22833,2023-01-03,Payé,1.0
14203,1721,2023-2024,24840,10635,2022-02-05,Partiel,0.4281400966183575
14204,2024,2021-2022,15316,15316,2023-03-24,Payé,1.0
14205,2024,2024-2025,17973,7872,2025-01-22,Partiel,0.4379903188115506
14206,2024,2022-2023,18253,8836,2024-08-25,Partiel,0.4840848079767709
14207,1259,2023-2024,23700,16572,2023-04-04,Partiel,0.6992405063291139
14208,1259,2022-2023,18122,0,2022-08-11,Impayé,0.0
14209,1773,2020-2021,21850,0,2023-04-20,Impayé,0.0
14210,1773,2022-2023,24969,24969,2022-03-17,Payé,1.0
14211,2094,2021-2022,19248,12782,2023-11-01,Partiel,0.6640689941812137
14212,2094,2020-2021,22680,11683,2022-03-15,Partiel,0.5151234567901235
14213,1295,2020-2021,15624,15624,2022-11-23,Payé,1.0
14214,1295,2024-2025,19406,19406,2021-10-03,Payé,1.0
14215,1240,2023-2024,22978,0,2022-04-28,Impayé,0.0
14216,1240,2022-2023,16327,16327,2021-11-20,Payé,1.0
14217,1823,2023-2024,18749,18749,2024-06-22,Payé,1.0
14218,1823,2020-2021,15261,0,2024-09-01,Impayé,0.0
14219,1342,2023-2024,22526,22526,2024-10-20,Payé,1.0
14220,1342,2020-2021,21667,21667,2022-03-18,Payé,1.0
14221,1840,2023-2024,23802,0,2024-06-25,Impayé,0.0
14222,1840,2020-2021,15117,10946,2023-03-19,Partiel,0.7240854666931269
14223,1840,2022-2023,16504,7011,2023-07-07,Partiel,0.4248061076102763
14224,1675,2020-2021,24616,15375,2024-02-28,Partiel,0.6245937601559961
14225,1689,2021-2022,18792,18792,2025-01-08,Payé,1.0
14226,1689,2024-2025,19237,15337,2023-11-11,Partiel,0.7972656859177626
14227,2013,2021-2022,21193,21193,2024-08-05,Payé,1.0
14228,2013,2022-2023,21964,21964,2024-02-11,Payé,1.0
14229,1918,2020-2021,22368,22368,2021-11-13,Payé,1.0
14230,1684,2024-2025,18716,18716,2024-10-12,Payé,1.0
14231,2121,2022-2023,22119,22119,2023-11-06,Payé,1.0
14232,2121,2020-2021,18501,18501,2024-02-12,Payé,1.0
14233,1528,2024-2025,24591,24591,2022-06-20,Payé,1.0
14234,1528,2021-2022,19411,19411,2025-01-17,Payé,1.0
14235,1152,2021-2022,15927,15927,2022-05-10,Payé,1.0
14236,1152,2023-2024,20132,20132,2024-04-21,Payé,1.0
14237,1720,2024-2025,19303,19303,2023-01-06,Payé,1.0
14238,1568,2023-2024,24982,24982,2024-02-13,Payé,1.0
14239,1568,2021-2022,17553,17553,2023-06-08,Payé,1.0
14240,1568,2020-2021,24409,0,2024-04-05,Impayé,0.0
14241,1702,2021-2022,17188,11453,2024-10-09,Partiel,0.6663369792878753
14242,1541,2024-2025,22046,0,2022-11-02,Impayé,0.0
14243,2125,2024-2025,17281,17281,2021-11-12,Payé,1.0
14244,2125,2020-2021,18037,18037,2023-01-09,Payé,1.0
14245,1100,2021-2022,21418,21418,2023-11-10,Payé,1.0
14246,1100,2022-2023,20671,20671,2023-07-15,Payé,1.0
14247,1404,2024-2025,23633,23633,2023-01-04,Payé,1.0
14248,1649,2022-2023,20566,16066,2024-09-08,Partiel,0.7811922590683653
14249,1739,2023-2024,24182,24182,2021-09-07,Payé,1.0
14250,1739,2021-2022,17808,17808,2024-01-26,Payé,1.0
14251,1469,2020-2021,23393,23393,2021-11-11,Payé,1.0
14252,1469,2024-2025,19348,19348,2022-01-12,Payé,1.0
14253,1088,2022-2023,15916,15916,2025-02-06,Payé,1.0
14254,1088,2020-2021,17027,17027,2022-07-02,Payé,1.0
14255,1088,2021-2022,20739,20739,2024-09-14,Payé,1.0
14256,1335,2022-2023,24975,19889,2022-04-20,Partiel,0.7963563563563564
14257,1335,2021-2022,17989,17989,2021-10-06,Payé,1.0
14258,1578,2020-2021,19796,19796,2023-09-14,Payé,1.0
14259,1578,2024-2025,23748,23748,2022-12-10,Payé,1.0
14260,1578,2022-2023,23145,23145,2023-05-10,Payé,1.0
14261,1921,2021-2022,15748,15748,2023-07-28,Payé,1.0
14262,1921,2023-2024,15656,15656,2022-08-07,Payé,1.0
14263,1921,2022-2023,22579,0,2023-11-02,Impayé,0.0
14264,1030,2024-2025,24639,24639,2022-02-10,Payé,1.0
14265,2100,2022-2023,15634,15634,2022-07-25,Payé,1.0
14266,2084,2021-2022,15807,15807,2023-01-05,Payé,1.0
14267,1864,2024-2025,19547,7953,2023-11-01,Partiel,0.4068655036578503
14268,2089,2021-2022,21499,21499,2024-07-02,Payé,1.0
14269,1125,2023-2024,17272,17272,2024-04-03,Payé,1.0
14270,1125,2022-2023,18675,14566,2023-05-01,Partiel,0.7799732262382865
14271,1125,2021-2022,21434,21434,2021-10-15,Payé,1.0
14272,1905,2024-2025,16379,16379,2024-05-08,Payé,1.0
14273,1905,2022-2023,16264,16264,2023-07-24,Payé,1.0
14274,1905,2021-2022,21090,21090,2023-03-13,Payé,1.0
14275,1926,2020-2021,18853,18853,2024-12-10,Payé,1.0
14276,1926,2021-2022,17989,17989,2022-02-11,Payé,1.0
14277,1926,2023-2024,16933,8376,2021-10-18,Partiel,0.4946554066024922
14278,1229,2024-2025,18193,18193,2022-07-17,Payé,1.0
14279,1229,2022-2023,22141,22141,2022-06-04,Payé,1.0
14280,1229,2023-2024,23228,12299,2025-02-25,Partiel,0.5294902703633546
14281,1358,2022-2023,20095,20095,2022-01-24,Payé,1.0
14282,1358,2021-2022,17593,17593,2022-12-26,Payé,1.0
14283,1358,2020-2021,22524,22524,2022-10-21,Payé,1.0
14284,1707,2022-2023,23810,23810,2024-08-17,Payé,1.0
14285,2161,2020-2021,17111,17111,2022-09-24,Payé,1.0
14286,2161,2021-2022,24277,0,2022-11-12,Impayé,0.0
14287,1967,2022-2023,19276,13934,2022-12-10,Partiel,0.7228678148993567
14288,1572,2020-2021,16238,16238,2023-01-13,Payé,1.0
14289,1590,2021-2022,21965,21965,2024-01-10,Payé,1.0
14290,1590,2024-2025,19694,19694,2025-02-22,Payé,1.0
14291,2045,2024-2025,16804,16804,2022-05-14,Payé,1.0
14292,1533,2022-2023,22261,22261,2022-08-27,Payé,1.0
14293,1425,2021-2022,15766,9564,2021-11-01,Partiel,0.6066218444754535
14294,1425,2020-2021,24446,24446,2024-09-29,Payé,1.0
14295,1425,2023-2024,17160,11881,2024-07-06,Partiel,0.6923659673659673
14296,1964,2024-2025,23851,23851,2022-10-29,Payé,1.0
14297,1964,2021-2022,15467,15467,2022-01-08,Payé,1.0
14298,1455,2024-2025,23054,14798,2025-01-26,Partiel,0.6418842717098985
14299,1182,2023-2024,15179,10675,2024-07-11,Partiel,0.7032742604914685
14300,1182,2020-2021,16533,16533,2024-10-29,Payé,1.0
14301,1182,2024-2025,19070,19070,2024-07-04,Payé,1.0
14302,2038,2020-2021,17362,17362,2023-06-13,Payé,1.0
14303,2038,2024-2025,24228,24228,2024-07-30,Payé,1.0
14304,2038,2021-2022,19217,19217,2024-09-15,Payé,1.0
14305,1215,2022-2023,20055,0,2024-10-24,Impayé,0.0
14306,1171,2022-2023,24787,24787,2024-08-10,Payé,1.0
14307,1205,2023-2024,20002,20002,2024-03-25,Payé,1.0
14308,1205,2024-2025,19079,19079,2024-06-10,Payé,1.0
14309,1554,2020-2021,17837,17837,2023-02-18,Payé,1.0
14310,1554,2021-2022,17734,17734,2022-10-14,Payé,1.0
14311,1554,2023-2024,21561,21561,2024-11-21,Payé,1.0
14312,1159,2023-2024,17733,17733,2024-12-09,Payé,1.0
14313,1159,2022-2023,16858,16858,2024-04-24,Payé,1.0
14314,1159,2024-2025,15293,15293,2022-06-25,Payé,1.0
14315,1999,2020-2021,17556,17556,2022-06-24,Payé,1.0
14316,1999,2023-2024,22961,22961,2022-07-11,Payé,1.0
14317,1999,2021-2022,24265,0,2023-02-22,Impayé,0.0
14318,1494,2024-2025,18012,18012,2023-11-02,Payé,1.0
14319,1494,2020-2021,20409,20409,2024-10-01,Payé,1.0
14320,1494,2023-2024,22755,22755,2022-10-30,Payé,1.0
14321,1063,2021-2022,18359,11917,2023-09-02,Partiel,0.6491094286181165
14322,1063,2020-2021,22646,22646,2023-10-09,Payé,1.0
14323,1924,2024-2025,17732,17732,2023-01-18,Payé,1.0
14324,1924,2020-2021,23349,23349,2024-09-08,Payé,1.0
14325,1583,2022-2023,18244,18244,2024-01-11,Payé,1.0
14326,1583,2024-2025,19547,19547,2022-09-21,Payé,1.0
14327,1623,2021-2022,17178,17178,2023-08-07,Payé,1.0
14328,1623,2023-2024,21824,21824,2021-12-29,Payé,1.0
14329,1623,2020-2021,20068,20068,2022-01-23,Payé,1.0
14330,2191,2023-2024,18594,18594,2024-12-28,Payé,1.0
14331,1970,2023-2024,24523,0,2023-04-20,Impayé,0.0
14332,1970,2020-2021,18059,18059,2024-01-17,Payé,1.0
14333,1626,2022-2023,24343,10308,2025-01-25,Partiel,0.4234482192005916
14334,1626,2024-2025,23009,23009,2023-08-19,Payé,1.0
14335,2032,2020-2021,19834,19834,2023-10-27,Payé,1.0
14336,2032,2024-2025,16164,16164,2023-02-08,Payé,1.0
14337,1902,2021-2022,16668,16668,2022-11-13,Payé,1.0
14338,2111,2022-2023,18770,18770,2023-08-20,Payé,1.0
14339,2111,2023-2024,20210,20210,2023-08-22,Payé,1.0
14340,2111,2020-2021,16736,0,2024-12-16,Impayé,0.0
14341,1830,2020-2021,17887,17887,2024-02-08,Payé,1.0
14342,1830,2022-2023,15186,0,2023-03-10,Impayé,0.0
14343,2133,2024-2025,21578,21578,2023-11-18,Payé,1.0
14344,2133,2022-2023,22199,0,2022-01-14,Impayé,0.0
14345,2133,2023-2024,20331,20331,2024-06-12,Payé,1.0
14346,1332,2022-2023,22480,22480,2024-02-21,Payé,1.0
14347,1332,2023-2024,19027,14860,2024-02-03,Partiel,0.7809954275503233
14348,1185,2021-2022,21981,8897,2021-11-14,Partiel,0.4047586552022201
14349,1185,2023-2024,24113,24113,2024-12-03,Payé,1.0
14350,1185,2022-2023,21586,21586,2022-12-24,Payé,1.0
14351,1269,2020-2021,18552,11991,2021-11-11,Partiel,0.6463454075032341
14352,1269,2021-2022,19652,19652,2023-03-18,Payé,1.0
14353,1269,2023-2024,19238,19238,2023-01-27,Payé,1.0
14354,1648,2021-2022,17974,17974,2021-09-14,Payé,1.0
14355,2190,2023-2024,18380,18380,2021-10-31,Payé,1.0
14356,2190,2020-2021,16102,12718,2022-10-14,Partiel,0.7898397714569618
14357,2190,2021-2022,17066,12393,2023-04-19,Partiel,0.7261807101839916
14358,2128,2020-2021,24817,14592,2022-06-02,Partiel,0.5879840431961961
14359,1869,2023-2024,24416,24416,2022-12-03,Payé,1.0
14360,1869,2022-2023,15966,15966,2024-07-04,Payé,1.0
14361,1869,2024-2025,18562,18562,2023-02-10,Payé,1.0
14362,2139,2021-2022,18912,18912,2022-05-13,Payé,1.0
14363,1124,2020-2021,22453,16566,2022-07-09,Partiel,0.7378078653186657
14364,1124,2024-2025,18811,18811,2022-08-13,Payé,1.0
14365,1124,2021-2022,17080,7404,2024-02-29,Partiel,0.4334894613583138
14366,1871,2024-2025,19737,19737,2024-09-27,Payé,1.0
14367,1871,2022-2023,17813,17813,2022-06-16,Payé,1.0
14368,1871,2021-2022,24663,24663,2023-10-02,Payé,1.0
14369,1260,2021-2022,22497,9788,2024-07-28,Partiel,0.4350802329199449
14370,1260,2020-2021,19195,19195,2024-07-12,Payé,1.0
14371,2122,2023-2024,16647,16647,2022-12-09,Payé,1.0
14372,1592,2022-2023,22805,22805,2024-09-22,Payé,1.0
14373,1592,2020-2021,15919,9967,2024-02-18,Partiel,0.6261071675356492
14374,1592,2023-2024,22229,22229,2022-04-10,Payé,1.0
14375,1542,2020-2021,15796,15796,2023-08-30,Payé,1.0
14376,1542,2021-2022,24544,0,2022-03-31,Impayé,0.0
14377,1542,2023-2024,22746,22746,2022-04-14,Payé,1.0
14378,2187,2022-2023,20383,14384,2024-04-14,Partiel,0.7056861109748319
14379,2187,2021-2022,19150,19150,2022-11-23,Payé,1.0
14380,2187,2024-2025,17701,17701,2025-01-03,Payé,1.0
14381,1628,2023-2024,18711,0,2022-04-02,Impayé,0.0
14382,1628,2021-2022,20320,20320,2024-08-18,Payé,1.0
14383,2182,2024-2025,18173,18173,2023-03-28,Payé,1.0
14384,2182,2021-2022,19725,0,2022-12-17,Impayé,0.0
14385,1275,2022-2023,19609,0,2023-05-31,Impayé,0.0
14386,1275,2024-2025,23340,23340,2024-03-04,Payé,1.0
14387,1374,2023-2024,17641,0,2024-03-21,Impayé,0.0
14388,1811,2021-2022,21505,21505,2025-01-11,Payé,1.0
14389,1811,2020-2021,20399,20399,2024-02-23,Payé,1.0
14390,1811,2022-2023,15741,0,2023-01-21,Impayé,0.0
14391,1419,2023-2024,19432,19432,2022-03-31,Payé,1.0
14392,1167,2021-2022,18546,18546,2022-07-25,Payé,1.0
14393,1167,2020-2021,23308,13415,2024-12-20,Partiel,0.5755534580401579
14394,1167,2024-2025,21834,12679,2021-10-12,Partiel,0.5806998259595126
14395,2081,2020-2021,23321,23321,2023-07-21,Payé,1.0
14396,2081,2022-2023,24173,24173,2024-09-11,Payé,1.0
14397,1825,2023-2024,18948,18948,2022-10-04,Payé,1.0
14398,1825,2020-2021,16508,16508,2023-09-24,Payé,1.0
14399,1825,2024-2025,20635,0,2021-11-06,Impayé,0.0
14400,1931,2021-2022,23898,13934,2023-06-19,Partiel,0.5830613440455268
14401,1931,2024-2025,22575,22575,2023-02-15,Payé,1.0
14402,1048,2024-2025,23429,12021,2022-01-17,Partiel,0.5130820777668701
14403,1048,2022-2023,23053,23053,2025-01-05,Payé,1.0
14404,1048,2020-2021,20768,13214,2024-07-31,Partiel,0.6362673343605547
14405,1992,2022-2023,22100,22100,2022-01-20,Payé,1.0
14406,1992,2023-2024,21789,21789,2023-12-11,Payé,1.0
14407,1992,2021-2022,22165,22165,2023-11-09,Payé,1.0
14408,1121,2023-2024,20662,20662,2022-09-19,Payé,1.0
14409,1121,2021-2022,19934,19934,2024-09-05,Payé,1.0
14410,1121,2022-2023,21732,21732,2022-10-04,Payé,1.0
14411,1338,2020-2021,20816,20816,2025-01-06,Payé,1.0
14412,1338,2023-2024,15415,15415,2024-11-05,Payé,1.0
14413,1265,2024-2025,23132,23132,2024-06-20,Payé,1.0
14414,1265,2021-2022,21589,21589,2024-11-24,Payé,1.0
14415,1531,2021-2022,15703,15703,2021-09-27,Payé,1.0
14416,1531,2024-2025,16081,11303,2023-12-07,Partiel,0.7028791741807101
14417,1531,2022-2023,23793,23793,2023-03-29,Payé,1.0
14418,1580,2024-2025,22432,22432,2022-02-15,Payé,1.0
14419,1091,2022-2023,24668,24668,2023-10-16,Payé,1.0
14420,1091,2021-2022,17608,17608,2023-11-19,Payé,1.0
14421,1091,2024-2025,19818,19818,2023-01-30,Payé,1.0
14422,1243,2023-2024,22274,22274,2022-08-31,Payé,1.0
14423,1243,2021-2022,16445,16445,2023-07-06,Payé,1.0
14424,1116,2022-2023,18051,18051,2023-10-23,Payé,1.0
14425,1250,2024-2025,20009,20009,2024-10-13,Payé,1.0
14426,1250,2022-2023,23425,0,2021-09-24,Impayé,0.0
14427,1963,2024-2025,17621,17621,2023-04-11,Payé,1.0
14428,1963,2022-2023,16810,16810,2021-10-29,Payé,1.0
14429,1764,2024-2025,24947,24947,2022-07-03,Payé,1.0
14430,1429,2022-2023,22980,22980,2022-11-27,Payé,1.0
14431,1137,2023-2024,23645,23645,2023-04-06,Payé,1.0
14432,1137,2020-2021,16925,16925,2024-06-27,Payé,1.0
14433,1137,2021-2022,21594,21594,2022-01-02,Payé,1.0
14434,1463,2021-2022,24103,24103,2024-04-02,Payé,1.0
14435,1640,2022-2023,21075,21075,2024-09-01,Payé,1.0
14436,1722,2022-2023,22941,22941,2023-12-05,Payé,1.0
14437,1722,2020-2021,21069,21069,2024-01-07,Payé,1.0
14438,1722,2024-2025,18165,18165,2022-12-01,Payé,1.0
14439,1301,2022-2023,19654,19654,2022-04-12,Payé,1.0
14440,1301,2021-2022,16758,0,2022-07-07,Impayé,0.0
14441,1301,2024-2025,15119,15119,2022-06-08,Payé,1.0
14442,1898,2022-2023,22968,22968,2024-09-18,Payé,1.0
14443,1133,2020-2021,15055,11529,2022-07-05,Partiel,0.765792095649286
14444,1133,2022-2023,17691,17691,2021-11-12,Payé,1.0
14445,1133,2021-2022,17309,17309,2022-02-20,Payé,1.0
14446,2169,2021-2022,19640,14740,2021-10-05,Partiel,0.7505091649694501
14447,1806,2023-2024,20374,0,2021-09-22,Impayé,0.0
14448,1255,2023-2024,20723,20723,2022-12-17,Payé,1.0
14449,1255,2022-2023,20604,20604,2023-09-12,Payé,1.0
14450,1255,2020-2021,18266,18266,2021-11-20,Payé,1.0
14451,2029,2024-2025,16753,16753,2021-09-16,Payé,1.0
14452,2029,2021-2022,15379,15379,2024-08-21,Payé,1.0
14453,1699,2021-2022,23013,23013,2023-05-07,Payé,1.0
14454,1906,2024-2025,17199,17199,2023-10-26,Payé,1.0
14455,1906,2020-2021,23435,23435,2021-09-01,Payé,1.0
14456,1466,2022-2023,23094,23094,2021-12-22,Payé,1.0
14457,1466,2024-2025,17794,17794,2024-11-29,Payé,1.0
14458,1466,2023-2024,16884,16884,2023-02-04,Payé,1.0
14459,1735,2023-2024,17741,0,2022-03-21,Impayé,0.0
14460,1398,2020-2021,20093,20093,2022-09-08,Payé,1.0
14461,1398,2024-2025,16701,16701,2022-04-19,Payé,1.0
14462,1481,2021-2022,22449,22449,2024-11-25,Payé,1.0
14463,1470,2020-2021,15255,15255,2023-01-15,Payé,1.0
14464,1470,2024-2025,16789,12612,2022-07-21,Partiel,0.7512061468818869
14465,1718,2020-2021,20777,13977,2024-09-11,Partiel,0.6727150214179141
14466,1718,2021-2022,18147,13698,2024-07-05,Partiel,0.7548355100016532
14467,1718,2022-2023,23940,12287,2022-09-18,Partiel,0.5132414369256475
14468,1749,2021-2022,15362,15362,2022-06-09,Payé,1.0
14469,1749,2022-2023,15999,15999,2023-03-05,Payé,1.0
14470,1104,2020-2021,15524,10930,2025-01-11,Partiel,0.704071115691832
14471,1104,2023-2024,23229,23229,2024-12-03,Payé,1.0
14472,1104,2024-2025,18395,0,2022-06-18,Impayé,0.0
14473,1424,2020-2021,18286,18286,2024-05-09,Payé,1.0
14474,1775,2022-2023,20402,20402,2023-04-24,Payé,1.0
14475,1775,2021-2022,24322,0,2023-01-19,Impayé,0.0
14476,1775,2024-2025,21359,21359,2022-05-05,Payé,1.0
14477,1595,2024-2025,22064,0,2024-11-13,Impayé,0.0
14478,1595,2022-2023,19683,19683,2025-01-24,Payé,1.0
14479,1595,2023-2024,22882,22882,2022-02-25,Payé,1.0
14480,2080,2023-2024,15216,15216,2022-04-06,Payé,1.0
14481,2080,2021-2022,20946,20946,2022-03-30,Payé,1.0
14482,1631,2022-2023,17764,17764,2022-11-03,Payé,1.0
14483,1020,2020-2021,19459,19459,2021-12-16,Payé,1.0
14484,1020,2023-2024,15784,15784,2023-04-22,Payé,1.0
14485,1020,2022-2023,16097,16097,2021-09-03,Payé,1.0
14486,1209,2024-2025,23151,13024,2023-08-14,Partiel,0.5625674916850244
14487,1209,2021-2022,18804,18804,2022-06-26,Payé,1.0
14488,1077,2020-2021,20471,13362,2024-06-10,Partiel,0.6527282497191148
14489,1077,2024-2025,16905,16905,2023-09-24,Payé,1.0
14490,1077,2022-2023,16451,11118,2024-10-28,Partiel,0.6758251778007416
14491,1453,2024-2025,19556,19556,2023-10-05,Payé,1.0
14492,1929,2021-2022,24987,13147,2023-08-20,Partiel,0.5261535998719334
14493,1929,2020-2021,19120,19120,2024-04-08,Payé,1.0
14494,1929,2022-2023,21189,21189,2022-03-13,Payé,1.0
14495,1567,2023-2024,23935,23935,2022-06-19,Payé,1.0
14496,1567,2020-2021,19639,19639,2025-02-14,Payé,1.0
14497,1550,2022-2023,15969,6526,2024-11-24,Partiel,0.4086667919093243
14498,1550,2020-2021,19505,19505,2023-06-20,Payé,1.0
14499,1835,2021-2022,21486,21486,2022-08-05,Payé,1.0
14500,1957,2024-2025,23058,23058,2024-03-27,Payé,1.0
14501,1957,2023-2024,21676,21676,2021-10-04,Payé,1.0
14502,1662,2024-2025,23666,23666,2024-07-10,Payé,1.0
14503,1662,2023-2024,19726,19726,2024-10-03,Payé,1.0
14504,1111,2020-2021,24419,24419,2022-01-03,Payé,1.0
14505,1111,2021-2022,22116,17279,2022-06-07,Partiel,0.7812895641164768
14506,1779,2021-2022,15451,15451,2021-09-29,Payé,1.0
14507,1779,2022-2023,16415,16415,2022-03-09,Payé,1.0
14508,1779,2024-2025,19286,19286,2023-11-09,Payé,1.0
14509,1134,2022-2023,15607,8236,2024-02-02,Partiel,0.5277119241366054
14510,1134,2024-2025,22485,22485,2022-05-25,Payé,1.0
14511,1134,2023-2024,16660,16660,2024-09-12,Payé,1.0
14512,1639,2024-2025,21229,21229,2021-10-07,Payé,1.0
14513,1639,2020-2021,19075,19075,2023-04-18,Payé,1.0
14514,2051,2024-2025,22065,22065,2024-09-29,Payé,1.0
14515,2051,2021-2022,15650,15650,2024-04-28,Payé,1.0
14516,1408,2022-2023,21637,21637,2024-02-07,Payé,1.0
14517,1634,2024-2025,21772,21772,2024-05-18,Payé,1.0
14518,1634,2023-2024,16456,16456,2022-05-12,Payé,1.0
14519,1127,2023-2024,20634,20634,2022-03-15,Payé,1.0
14520,1515,2021-2022,17706,17706,2023-09-06,Payé,1.0
14521,1515,2024-2025,17253,0,2024-09-19,Impayé,0.0
14522,1031,2021-2022,21115,21115,2022-06-11,Payé,1.0
14523,1031,2020-2021,19175,19175,2024-03-18,Payé,1.0
14524,2037,2024-2025,16179,16179,2022-08-28,Payé,1.0
14525,2037,2021-2022,24096,24096,2021-12-12,Payé,1.0
14526,2037,2020-2021,20034,20034,2022-07-10,Payé,1.0
14527,1394,2022-2023,19001,19001,2023-07-25,Payé,1.0
14528,1996,2024-2025,17582,17582,2021-12-16,Payé,1.0
14529,1996,2020-2021,18407,18407,2023-09-04,Payé,1.0
14530,1996,2023-2024,19371,19371,2025-02-13,Payé,1.0
14531,2052,2020-2021,22469,22469,2023-01-13,Payé,1.0
14532,2052,2023-2024,22763,22763,2023-08-09,Payé,1.0
14533,1178,2022-2023,24885,24885,2023-05-01,Payé,1.0
14534,1387,2022-2023,15175,8328,2023-06-18,Partiel,0.5487973640856673
14535,1387,2021-2022,18653,18653,2025-01-17,Payé,1.0
14536,1387,2024-2025,15869,15869,2024-08-13,Payé,1.0
14537,1421,2020-2021,23347,23347,2024-03-16,Payé,1.0
14538,1728,2024-2025,17939,17939,2023-03-07,Payé,1.0
14539,1728,2022-2023,24093,24093,2022-09-12,Payé,1.0
14540,1728,2023-2024,23397,23397,2022-12-29,Payé,1.0
14541,1354,2024-2025,21356,21356,2023-07-19,Payé,1.0
14542,2003,2024-2025,16553,16553,2025-01-11,Payé,1.0
14543,2003,2023-2024,23258,23258,2023-12-20,Payé,1.0
14544,2003,2021-2022,22414,8997,2023-03-24,Partiel,0.4014009101454448
14545,1756,2022-2023,20676,14813,2023-05-16,Partiel,0.7164345134455408
14546,1756,2024-2025,24724,24724,2024-08-24,Payé,1.0
14547,1756,2020-2021,21523,21523,2023-10-18,Payé,1.0
14548,1574,2022-2023,16972,16972,2024-10-07,Payé,1.0
14549,1574,2020-2021,23319,0,2024-07-03,Impayé,0.0
14550,1574,2021-2022,21703,21703,2022-01-09,Payé,1.0
14551,2157,2022-2023,22198,22198,2024-10-29,Payé,1.0
14552,2064,2022-2023,16023,7080,2024-06-29,Partiel,0.4418648193222243
14553,1798,2022-2023,17446,17446,2022-04-04,Payé,1.0
14554,1798,2023-2024,24616,24616,2024-02-06,Payé,1.0
14555,1798,2020-2021,24784,24784,2023-10-11,Payé,1.0
14556,2079,2022-2023,17228,17228,2024-01-21,Payé,1.0
14557,2079,2023-2024,23678,23678,2021-09-01,Payé,1.0
14558,1059,2022-2023,23205,23205,2022-10-01,Payé,1.0
14559,1732,2022-2023,20810,0,2021-11-23,Impayé,0.0
14560,1838,2022-2023,18964,9826,2024-03-27,Partiel,0.5181396329888209
14561,2047,2022-2023,19033,9788,2022-03-07,Partiel,0.5142646981558346
14562,2047,2024-2025,17646,17646,2023-11-08,Payé,1.0
14563,2047,2023-2024,24757,24757,2024-02-25,Payé,1.0
14564,2124,2022-2023,21190,21190,2022-06-26,Payé,1.0
14565,1341,2024-2025,21794,21794,2025-02-12,Payé,1.0
14566,1341,2021-2022,18831,18831,2022-07-02,Payé,1.0
14567,1341,2022-2023,18685,11021,2024-03-25,Partiel,0.5898314155739899
14568,1057,2020-2021,16226,16226,2024-01-16,Payé,1.0
14569,1057,2023-2024,24203,13205,2023-11-15,Partiel,0.5455935214642813
14570,2137,2023-2024,18099,18099,2023-11-23,Payé,1.0
14571,2137,2024-2025,17126,17126,2023-10-25,Payé,1.0
14572,1968,2022-2023,16146,7206,2021-12-24,Partiel,0.4463024897807507
14573,1968,2023-2024,19224,14023,2024-03-30,Partiel,0.7294527673741157
14574,1499,2023-2024,23854,23854,2022-09-12,Payé,1.0
14575,1499,2021-2022,17807,17807,2024-12-11,Payé,1.0
14576,1499,2022-2023,21426,21426,2022-07-14,Payé,1.0
14577,1923,2022-2023,17834,17834,2024-01-15,Payé,1.0
14578,1865,2021-2022,18447,8749,2024-08-14,Partiel,0.474277660324172
14579,1865,2022-2023,17062,17062,2024-06-14,Payé,1.0
14580,1865,2020-2021,20985,20985,2023-04-06,Payé,1.0
14581,2014,2023-2024,15692,0,2022-11-16,Impayé,0.0
14582,2014,2022-2023,17234,17234,2023-01-20,Payé,1.0
14583,1070,2020-2021,15532,15532,2024-04-20,Payé,1.0
14584,1070,2024-2025,24487,19032,2024-05-06,Partiel,0.7772287336137542
14585,1459,2020-2021,17147,17147,2023-07-18,Payé,1.0
14586,1459,2022-2023,15365,15365,2023-07-05,Payé,1.0
14587,1483,2020-2021,22396,22396,2023-09-13,Payé,1.0
14588,1483,2023-2024,24206,24206,2025-02-03,Payé,1.0
14589,1483,2022-2023,22210,22210,2024-09-11,Payé,1.0
14590,2077,2020-2021,20113,20113,2023-06-01,Payé,1.0
14591,2077,2023-2024,18821,18821,2024-10-10,Payé,1.0
14592,2077,2024-2025,22884,22884,2024-06-08,Payé,1.0
14593,1331,2020-2021,23558,23558,2023-11-11,Payé,1.0
14594,1331,2022-2023,18059,18059,2021-10-23,Payé,1.0
14595,1442,2023-2024,23765,23765,2022-10-21,Payé,1.0
14596,1750,2021-2022,20374,0,2024-01-31,Impayé,0.0
14597,1750,2022-2023,19047,19047,2022-06-22,Payé,1.0
14598,1750,2020-2021,19993,19993,2025-02-25,Payé,1.0
14599,2153,2021-2022,17237,17237,2023-11-03,Payé,1.0
14600,2153,2020-2021,22478,22478,2023-07-22,Payé,1.0
14601,2153,2024-2025,24799,24799,2024-01-06,Payé,1.0
14602,1213,2021-2022,18779,12621,2021-11-30,Partiel,0.6720805154694073
14603,1213,2020-2021,24315,24315,2022-07-23,Payé,1.0
14604,1932,2023-2024,24271,24271,2022-10-05,Payé,1.0
14605,1932,2021-2022,19135,19135,2024-03-02,Payé,1.0
14606,2193,2020-2021,19595,19595,2024-02-03,Payé,1.0
14607,2193,2022-2023,19112,19112,2024-04-19,Payé,1.0
14608,1273,2020-2021,15280,15280,2022-07-18,Payé,1.0
14609,1273,2023-2024,16578,16578,2022-04-14,Payé,1.0
14610,1273,2021-2022,24467,16239,2022-05-19,Partiel,0.6637103036743368
14611,2198,2022-2023,23610,23610,2024-12-06,Payé,1.0
14612,1188,2022-2023,19486,19486,2023-03-01,Payé,1.0
14613,1188,2024-2025,21891,21891,2024-12-31,Payé,1.0
14614,1188,2023-2024,24850,24850,2024-03-21,Payé,1.0
14615,1360,2022-2023,19227,19227,2023-05-10,Payé,1.0
14616,1360,2021-2022,22999,22999,2022-01-28,Payé,1.0
14617,2166,2024-2025,20954,20954,2023-07-29,Payé,1.0
14618,1328,2023-2024,17443,17443,2024-07-30,Payé,1.0
14619,1328,2020-2021,21378,21378,2021-10-05,Payé,1.0
14620,1328,2022-2023,19911,19911,2021-09-26,Payé,1.0
14621,1736,2021-2022,22487,22487,2023-08-20,Payé,1.0
14622,1941,2023-2024,15095,15095,2022-10-01,Payé,1.0
14623,1941,2024-2025,23247,15319,2021-11-22,Partiel,0.6589667483976427
14624,1304,2022-2023,20356,20356,2024-09-17,Payé,1.0
14625,1304,2020-2021,21768,21768,2021-12-27,Payé,1.0
14626,1304,2024-2025,18973,10645,2022-09-10,Partiel,0.5610604543298371
14627,1001,2024-2025,19167,19167,2024-11-15,Payé,1.0
14628,1001,2022-2023,15865,15865,2021-11-27,Payé,1.0
14629,1263,2020-2021,24438,24438,2024-12-18,Payé,1.0
14630,1608,2022-2023,17129,11598,2021-10-28,Partiel,0.6770973203339365
14631,1608,2023-2024,24332,24332,2021-12-22,Payé,1.0
14632,1997,2022-2023,24318,24318,2022-01-31,Payé,1.0
14633,1997,2020-2021,18960,18960,2022-03-20,Payé,1.0
14634,1673,2020-2021,18974,18974,2023-07-04,Payé,1.0
14635,1813,2024-2025,16938,16938,2024-01-07,Payé,1.0
14636,1813,2022-2023,15881,15881,2021-09-27,Payé,1.0
14637,1475,2024-2025,20150,20150,2021-09-13,Payé,1.0
14638,1475,2020-2021,18145,18145,2024-05-07,Payé,1.0
14639,1729,2024-2025,18602,18602,2023-02-01,Payé,1.0
14640,1729,2023-2024,22820,22820,2021-12-19,Payé,1.0
14641,1821,2022-2023,22632,11260,2024-03-30,Partiel,0.4975256274301874
14642,1808,2021-2022,20385,20385,2025-01-08,Payé,1.0
14643,1211,2023-2024,20681,20681,2022-12-15,Payé,1.0
14644,1953,2022-2023,21863,21863,2023-07-22,Payé,1.0
14645,1953,2024-2025,22874,22874,2024-09-13,Payé,1.0
14646,1298,2024-2025,23595,23595,2024-02-14,Payé,1.0
14647,1298,2020-2021,24068,24068,2022-10-20,Payé,1.0
14648,1298,2021-2022,21520,21520,2022-05-14,Payé,1.0
14649,1794,2024-2025,18958,18958,2023-03-22,Payé,1.0
14650,1794,2022-2023,22001,22001,2024-02-29,Payé,1.0
14651,1794,2020-2021,21401,21401,2022-08-16,Payé,1.0
14652,2171,2022-2023,19246,19246,2024-02-07,Payé,1.0
14653,2171,2023-2024,17143,17143,2023-09-05,Payé,1.0
14654,1843,2021-2022,20169,8744,2022-10-06,Partiel,0.4335366155981952
14655,1191,2024-2025,17286,17286,2022-03-02,Payé,1.0
14656,1191,2023-2024,24734,24734,2023-01-10,Payé,1.0
14657,1820,2021-2022,24939,24939,2024-10-21,Payé,1.0
14658,2144,2023-2024,18945,18945,2023-07-15,Payé,1.0
14659,2144,2021-2022,19474,0,2022-01-01,Impayé,0.0
14660,1400,2022-2023,21767,0,2023-01-10,Impayé,0.0
14661,1426,2021-2022,24951,24951,2024-01-26,Payé,1.0
14662,1426,2020-2021,16536,0,2022-08-29,Impayé,0.0
14663,1784,2022-2023,19051,19051,2022-05-12,Payé,1.0
14664,1841,2022-2023,23149,23149,2023-01-04,Payé,1.0
14665,1428,2023-2024,22744,10672,2023-06-23,Partiel,0.4692226521280338
14666,1428,2020-2021,19874,12854,2022-01-20,Partiel,0.6467746804870685
14667,2200,2024-2025,19248,19248,2023-10-19,Payé,1.0
14668,2134,2021-2022,22880,22880,2024-07-13,Payé,1.0
14669,2134,2023-2024,19490,0,2022-06-18,Impayé,0.0
14670,2134,2020-2021,24830,24830,2023-09-28,Payé,1.0
14671,1148,2022-2023,23807,11744,2022-05-03,Partiel,0.493300289830722
14672,1148,2024-2025,21757,21757,2021-12-12,Payé,1.0
14673,1462,2023-2024,19776,19776,2021-10-01,Payé,1.0
14674,1462,2020-2021,22657,22657,2024-11-26,Payé,1.0
14675,1650,2020-2021,19649,19649,2023-02-23,Payé,1.0
14676,1650,2023-2024,17278,17278,2023-06-24,Payé,1.0
14677,1363,2021-2022,24531,24531,2024-06-06,Payé,1.0
14678,1363,2022-2023,24201,24201,2023-12-12,Payé,1.0
14679,1363,2024-2025,22010,22010,2022-04-20,Payé,1.0
14680,1514,2023-2024,17459,17459,2021-10-09,Payé,1.0
14681,1514,2021-2022,19078,19078,2022-02-14,Payé,1.0
14682,2195,2020-2021,23440,23440,2022-08-02,Payé,1.0
14683,2197,2020-2021,16798,16798,2021-10-15,Payé,1.0
14684,1510,2023-2024,19970,19970,2024-01-24,Payé,1.0
14685,1150,2022-2023,24983,24983,2021-11-20,Payé,1.0
14686,1150,2023-2024,20425,0,2023-12-21,Impayé,0.0
14687,1150,2020-2021,20946,0,2021-11-26,Impayé,0.0
14688,1202,2022-2023,15286,15286,2023-03-11,Payé,1.0
14689,2004,2020-2021,19003,19003,2024-07-06,Payé,1.0
14690,1028,2024-2025,20273,20273,2021-09-19,Payé,1.0
14691,1028,2022-2023,17746,17746,2023-04-21,Payé,1.0
14692,1028,2023-2024,23927,14878,2022-03-24,Partiel,0.6218079993312994
14693,1256,2020-2021,22196,15401,2024-12-11,Partiel,0.6938637592358984
14694,1256,2023-2024,16600,16600,2022-01-12,Payé,1.0
14695,1256,2022-2023,23771,23771,2023-01-18,Payé,1.0
14696,1437,2023-2024,18462,0,2024-03-13,Impayé,0.0
14697,1437,2024-2025,17337,17337,2023-02-24,Payé,1.0
14698,1437,2022-2023,18867,0,2024-05-16,Impayé,0.0
14699,1333,2023-2024,21157,21157,2021-12-21,Payé,1.0
14700,1333,2021-2022,24926,24926,2024-05-27,Payé,1.0
14701,2199,2023-2024,15146,11515,2024-03-16,Partiel,0.7602667370923016
14702,1940,2022-2023,23490,23490,2023-03-05,Payé,1.0
14703,1940,2023-2024,17322,17322,2023-08-01,Payé,1.0
14704,1169,2024-2025,20182,20182,2022-08-09,Payé,1.0
14705,2015,2023-2024,17825,13545,2023-07-23,Partiel,0.7598877980364657
14706,2015,2020-2021,22808,22808,2023-02-02,Payé,1.0
14707,1106,2024-2025,17457,17457,2024-07-15,Payé,1.0
14708,1011,2023-2024,15975,15975,2024-12-04,Payé,1.0
14709,1011,2022-2023,17665,17665,2024-09-18,Payé,1.0
14710,1011,2020-2021,15448,15448,2023-03-31,Payé,1.0
14711,2159,2023-2024,20109,20109,2024-07-13,Payé,1.0
14712,2159,2022-2023,17324,17324,2022-05-04,Payé,1.0
14713,2159,2024-2025,20210,20210,2024-01-20,Payé,1.0
14714,1982,2024-2025,15287,15287,2024-04-17,Payé,1.0
14715,1277,2021-2022,21596,21596,2024-12-22,Payé,1.0
14716,1277,2024-2025,20525,20525,2023-09-09,Payé,1.0
14717,1594,2023-2024,22835,22835,2021-10-30,Payé,1.0
14718,1594,2024-2025,23617,23617,2023-01-30,Payé,1.0
14719,1112,2023-2024,15398,15398,2024-07-21,Payé,1.0
14720,1372,2024-2025,24803,24803,2023-07-20,Payé,1.0
14721,1123,2024-2025,21319,21319,2022-11-17,Payé,1.0
14722,1123,2022-2023,22822,22822,2024-07-19,Payé,1.0
14723,2106,2020-2021,24298,24298,2023-12-21,Payé,1.0
14724,2106,2022-2023,17313,9998,2022-02-10,Partiel,0.577485126783342
14725,2106,2024-2025,24358,0,2023-11-03,Impayé,0.0
14726,1026,2024-2025,17577,17577,2024-02-27,Payé,1.0
14727,1026,2020-2021,21519,0,2024-10-09,Impayé,0.0
14728,1564,2022-2023,21302,21302,2023-05-28,Payé,1.0
14729,1734,2022-2023,20857,20857,2023-09-30,Payé,1.0
14730,1734,2021-2022,20147,20147,2023-02-19,Payé,1.0
14731,1184,2020-2021,15067,15067,2024-03-06,Payé,1.0
14732,1184,2022-2023,17589,17589,2024-11-15,Payé,1.0
14733,1184,2023-2024,16729,16729,2024-07-04,Payé,1.0
14734,1525,2021-2022,15397,15397,2024-08-03,Payé,1.0
14735,1525,2020-2021,23888,0,2023-11-06,Impayé,0.0
14736,1525,2022-2023,22661,22661,2023-11-28,Payé,1.0
14737,1473,2022-2023,20498,0,2023-03-27,Impayé,0.0
14738,1473,2023-2024,23456,23456,2023-10-27,Payé,1.0
14739,1473,2020-2021,18223,18223,2024-06-17,Payé,1.0
14740,1145,2022-2023,16037,16037,2024-06-18,Payé,1.0
14741,1690,2023-2024,22168,22168,2021-11-01,Payé,1.0
14742,1690,2022-2023,18269,18269,2023-12-22,Payé,1.0
14743,1690,2024-2025,16940,16940,2022-05-24,Payé,1.0
14744,1430,2021-2022,19229,14859,2021-11-05,Partiel,0.7727390919964636
14745,1430,2022-2023,16802,16802,2023-07-29,Payé,1.0
14746,1602,2023-2024,23474,23474,2023-07-19,Payé,1.0
14747,1602,2024-2025,19806,19806,2023-10-26,Payé,1.0
14748,1602,2021-2022,19191,19191,2024-03-31,Payé,1.0
14749,2007,2023-2024,23388,23388,2021-10-28,Payé,1.0
14750,1727,2021-2022,23654,23654,2022-04-16,Payé,1.0
14751,1887,2021-2022,20617,20617,2022-02-16,Payé,1.0
14752,1887,2022-2023,18579,18579,2023-03-17,Payé,1.0
14753,1887,2024-2025,19825,12513,2024-07-05,Partiel,0.6311727616645649
14754,1522,2022-2023,20448,20448,2023-08-14,Payé,1.0
14755,1522,2020-2021,15663,15663,2024-12-31,Payé,1.0
14756,1252,2024-2025,21905,21905,2024-05-12,Payé,1.0
14757,1252,2021-2022,22419,22419,2022-06-17,Payé,1.0
14758,1366,2024-2025,16438,16438,2022-11-24,Payé,1.0
14759,1366,2020-2021,19850,19850,2021-10-27,Payé,1.0
14760,1366,2022-2023,18737,18737,2024-01-06,Payé,1.0
14761,1809,2021-2022,16973,16973,2025-01-26,Payé,1.0
14762,2017,2020-2021,22081,22081,2023-01-16,Payé,1.0
14763,2017,2022-2023,16523,16523,2024-06-02,Payé,1.0
14764,2017,2021-2022,22866,22866,2022-09-11,Payé,1.0
14765,1490,2022-2023,16901,16901,2024-05-30,Payé,1.0
14766,1538,2024-2025,16026,16026,2022-06-02,Payé,1.0
14767,1538,2020-2021,18439,18439,2023-11-09,Payé,1.0
14768,1009,2024-2025,20035,8579,2023-03-04,Partiel,0.4282006488644872
14769,1009,2023-2024,21698,21698,2024-02-22,Payé,1.0
14770,1009,2020-2021,19416,19416,2022-05-03,Payé,1.0
14771,1267,2021-2022,21879,14138,2022-10-12,Partiel,0.6461904108962933
14772,1267,2020-2021,20236,20236,2024-12-30,Payé,1.0
14773,1439,2021-2022,20114,11219,2022-04-16,Partiel,0.5577707069702694
14774,1439,2023-2024,15934,15934,2024-11-19,Payé,1.0
14775,1153,2024-2025,16647,8194,2023-03-29,Partiel,0.4922208205682705
14776,1479,2022-2023,19337,19337,2021-12-03,Payé,1.0
14777,1479,2020-2021,21682,21682,2022-12-05,Payé,1.0
14778,1479,2023-2024,18329,18329,2024-10-12,Payé,1.0
14779,1710,2024-2025,21342,0,2022-11-09,Impayé,0.0
14780,1710,2023-2024,18747,18747,2023-05-19,Payé,1.0
14781,1710,2021-2022,15608,15608,2024-07-09,Payé,1.0
14782,1511,2024-2025,16592,16592,2021-09-03,Payé,1.0
14783,1511,2022-2023,17995,12678,2023-01-28,Partiel,0.7045290358432899
14784,1388,2021-2022,24261,0,2023-07-27,Impayé,0.0
14785,1388,2023-2024,19335,19335,2023-06-09,Payé,1.0
14786,1388,2024-2025,17275,17275,2024-08-02,Payé,1.0
14787,1708,2023-2024,18119,18119,2023-08-03,Payé,1.0
14788,1708,2020-2021,24992,24992,2022-11-10,Payé,1.0
14789,1474,2021-2022,24850,24850,2022-10-15,Payé,1.0
14790,1474,2022-2023,22428,22428,2022-10-21,Payé,1.0
14791,1474,2020-2021,19884,9450,2022-08-21,Partiel,0.4752564876282438
14792,1002,2022-2023,20205,12937,2023-05-06,Partiel,0.6402870576589953
14793,1002,2020-2021,18101,18101,2024-10-26,Payé,1.0
14794,2069,2020-2021,20209,20209,2022-06-15,Payé,1.0
14795,2069,2021-2022,22962,22962,2022-12-23,Payé,1.0
14796,2069,2024-2025,18565,18565,2024-12-05,Payé,1.0
14797,1527,2024-2025,24545,24545,2022-03-10,Payé,1.0
14798,1913,2023-2024,23171,23171,2023-02-09,Payé,1.0
14799,1913,2024-2025,22047,22047,2024-08-23,Payé,1.0
14800,2041,2024-2025,24451,10556,2022-08-10,Partiel,0.4317205840251933
14801,1693,2022-2023,16482,12430,2024-03-05,Partiel,0.7541560490231768
14802,1991,2020-2021,16202,16202,2021-12-07,Payé,1.0
14803,1365,2021-2022,19267,19267,2023-10-04,Payé,1.0
14804,1365,2022-2023,16522,16522,2022-01-13,Payé,1.0
14805,1101,2021-2022,19055,19055,2023-01-30,Payé,1.0
14806,1101,2024-2025,17904,17904,2024-04-02,Payé,1.0
14807,1101,2023-2024,19148,19148,2022-07-11,Payé,1.0
14808,1187,2021-2022,19187,19187,2023-08-19,Payé,1.0
14809,1187,2020-2021,17604,17604,2023-12-29,Payé,1.0
14810,1187,2024-2025,23815,23815,2024-01-10,Payé,1.0
14811,1753,2020-2021,19404,19404,2021-12-08,Payé,1.0
14812,1753,2021-2022,19398,19398,2022-01-16,Payé,1.0
14813,1596,2024-2025,24059,19009,2023-10-08,Partiel,0.7900993391246519
14814,1200,2022-2023,17336,17336,2024-07-06,Payé,1.0
14815,1200,2023-2024,23804,23804,2022-05-23,Payé,1.0
14816,1200,2021-2022,24833,24833,2024-03-16,Payé,1.0
14817,2026,2022-2023,15930,15930,2022-03-30,Payé,1.0
14818,2026,2021-2022,19756,19756,2022-01-25,Payé,1.0
14819,2026,2023-2024,23426,23426,2024-10-14,Payé,1.0
14820,1392,2023-2024,21881,21881,2024-04-25,Payé,1.0
14821,1392,2020-2021,23419,23419,2024-09-24,Payé,1.0
14822,1316,2024-2025,20602,20602,2023-07-06,Payé,1.0
14823,1856,2020-2021,20896,20896,2022-05-03,Payé,1.0
14824,1856,2022-2023,20285,20285,2024-01-28,Payé,1.0
14825,1856,2023-2024,16390,16390,2025-01-15,Payé,1.0
14826,1826,2023-2024,20183,20183,2021-12-26,Payé,1.0
14827,1214,2023-2024,18641,0,2022-02-09,Impayé,0.0
14828,1214,2020-2021,18447,18447,2023-12-03,Payé,1.0
14829,1214,2022-2023,24868,24868,2022-08-29,Payé,1.0
14830,1839,2020-2021,24529,24529,2021-10-09,Payé,1.0
14831,1621,2023-2024,22888,22888,2023-04-20,Payé,1.0
14832,1621,2020-2021,15446,15446,2023-07-05,Payé,1.0
14833,1416,2024-2025,23035,9568,2021-12-22,Partiel,0.4153679183850662
14834,1416,2022-2023,16937,16937,2024-02-27,Payé,1.0
14835,1777,2024-2025,24335,24335,2022-01-08,Payé,1.0
14836,1619,2023-2024,20891,20891,2021-12-20,Payé,1.0
14837,1619,2021-2022,16417,16417,2024-03-30,Payé,1.0
14838,1276,2022-2023,19709,19709,2024-07-03,Payé,1.0
14839,1276,2021-2022,16941,16941,2024-01-16,Payé,1.0
14840,1276,2020-2021,16379,16379,2022-12-30,Payé,1.0
14841,1081,2022-2023,19717,19717,2022-03-10,Payé,1.0
14842,1449,2023-2024,21854,21854,2023-09-29,Payé,1.0
14843,1395,2021-2022,19029,19029,2024-12-18,Payé,1.0
14844,1395,2024-2025,16624,16624,2022-12-23,Payé,1.0
14845,1758,2021-2022,24854,24854,2022-12-20,Payé,1.0
14846,1758,2020-2021,17891,17891,2022-03-28,Payé,1.0
14847,1781,2024-2025,19371,19371,2021-11-03,Payé,1.0
14848,1781,2023-2024,16472,16472,2024-12-26,Payé,1.0
14849,1107,2023-2024,16096,16096,2024-10-03,Payé,1.0
14850,1107,2021-2022,15178,15178,2022-05-04,Payé,1.0
14851,1107,2022-2023,20881,20881,2024-08-02,Payé,1.0
14852,1593,2022-2023,20899,20899,2022-09-28,Payé,1.0
14853,1593,2021-2022,22400,22400,2024-06-30,Payé,1.0
14854,1593,2023-2024,16867,16867,2024-01-26,Payé,1.0
14855,1347,2023-2024,24085,24085,2023-04-01,Payé,1.0
14856,1496,2024-2025,17970,17970,2025-02-21,Payé,1.0
14857,1496,2021-2022,23937,15395,2024-06-17,Partiel,0.6431465931403267
14858,1423,2020-2021,20681,20681,2024-06-03,Payé,1.0
14859,1423,2021-2022,16486,16486,2022-05-25,Payé,1.0
14860,1423,2024-2025,20536,20536,2022-07-21,Payé,1.0
14861,2048,2021-2022,21995,12822,2023-05-21,Partiel,0.5829506706069562
14862,2048,2024-2025,15927,15927,2022-10-22,Payé,1.0
14863,2048,2022-2023,23818,23818,2024-04-25,Payé,1.0
14864,1443,2022-2023,24227,24227,2023-04-08,Payé,1.0
14865,1292,2020-2021,21892,21892,2024-05-23,Payé,1.0
14866,1292,2022-2023,18230,0,2022-09-29,Impayé,0.0
14867,1096,2022-2023,24802,24802,2022-10-18,Payé,1.0
14868,1073,2024-2025,23125,23125,2021-11-10,Payé,1.0
14869,1073,2020-2021,22965,22965,2022-07-21,Payé,1.0
14870,1422,2022-2023,21745,0,2021-09-26,Impayé,0.0
14871,1422,2020-2021,21901,21901,2022-03-20,Payé,1.0
14872,1422,2021-2022,19720,19720,2024-10-03,Payé,1.0
14873,1737,2024-2025,19957,10827,2022-10-23,Partiel,0.5425164102821065
14874,1737,2023-2024,21885,21885,2021-09-22,Payé,1.0
14875,2173,2022-2023,23336,23336,2023-06-04,Payé,1.0
14876,1518,2022-2023,21066,21066,2022-06-14,Payé,1.0
14877,1518,2023-2024,19962,0,2023-09-28,Impayé,0.0
14878,1142,2023-2024,17146,17146,2022-10-31,Payé,1.0
14879,2031,2023-2024,23490,23490,2024-11-22,Payé,1.0
14880,1322,2021-2022,16472,16472,2023-06-02,Payé,1.0
14881,1322,2023-2024,17740,17740,2024-05-03,Payé,1.0
14882,1068,2020-2021,18777,18777,2024-12-25,Payé,1.0
14883,1068,2021-2022,18145,18145,2022-01-28,Payé,1.0
14884,1068,2024-2025,17901,0,2023-01-09,Impayé,0.0
14885,1351,2024-2025,24245,24245,2021-12-05,Payé,1.0
14886,1351,2021-2022,15601,15601,2022-03-17,Payé,1.0
14887,1878,2022-2023,22185,22185,2024-07-13,Payé,1.0
14888,2088,2021-2022,22445,9437,2025-01-14,Partiel,0.4204499888616618
14889,2088,2022-2023,19845,19845,2021-10-05,Payé,1.0
14890,1998,2024-2025,20076,20076,2025-01-30,Payé,1.0
14891,1998,2022-2023,19722,19722,2024-02-09,Payé,1.0
14892,1998,2020-2021,21635,21635,2021-11-11,Payé,1.0
14893,1007,2021-2022,24900,24900,2024-06-08,Payé,1.0
14894,1984,2024-2025,23333,23333,2024-10-15,Payé,1.0
14895,1984,2023-2024,23103,13201,2022-11-30,Partiel,0.5713976539843311
14896,1607,2023-2024,17629,7540,2023-07-10,Partiel,0.4277043507856373
14897,1607,2021-2022,22202,22202,2024-11-14,Payé,1.0
14898,1570,2024-2025,20458,20458,2021-10-18,Payé,1.0
14899,1570,2021-2022,17945,0,2023-05-08,Impayé,0.0
14900,1570,2020-2021,22768,22768,2025-01-30,Payé,1.0
14901,1356,2020-2021,15381,15381,2023-07-04,Payé,1.0
14902,1356,2022-2023,22842,22842,2023-07-15,Payé,1.0
14903,2008,2022-2023,22614,22614,2023-01-10,Payé,1.0
14904,2008,2020-2021,24342,24342,2024-01-08,Payé,1.0
14905,2008,2021-2022,21335,21335,2022-07-28,Payé,1.0
14906,1844,2020-2021,15754,15754,2023-09-12,Payé,1.0
14907,1844,2023-2024,15396,15396,2025-01-10,Payé,1.0
14908,1725,2023-2024,23061,0,2025-02-21,Impayé,0.0
14909,1435,2022-2023,16493,16493,2022-03-16,Payé,1.0
14910,1435,2021-2022,19612,15655,2023-02-19,Partiel,0.7982357740159086
14911,1435,2023-2024,15061,9731,2024-08-10,Partiel,0.6461058362658522
14912,1872,2023-2024,18635,18635,2022-11-09,Payé,1.0
14913,1872,2024-2025,15749,15749,2022-04-29,Payé,1.0
14914,1571,2022-2023,24445,24445,2022-01-10,Payé,1.0
14915,1571,2024-2025,19211,9333,2023-01-13,Partiel,0.4858154182499609
14916,1151,2024-2025,20346,11278,2024-04-03,Partiel,0.5543104295684655
14917,1151,2021-2022,24668,24668,2021-11-23,Payé,1.0
14918,1151,2022-2023,20931,20931,2023-01-30,Payé,1.0
14919,1915,2024-2025,20482,20482,2024-10-04,Payé,1.0
14920,1401,2024-2025,21873,21873,2024-06-02,Payé,1.0
14921,2155,2022-2023,20876,16690,2024-09-24,Partiel,0.7994826595133168
14922,2155,2023-2024,19598,19598,2022-09-19,Payé,1.0
14923,2155,2020-2021,21339,21339,2022-10-02,Payé,1.0
14924,1501,2023-2024,18410,18410,2023-08-12,Payé,1.0
14925,2129,2024-2025,23266,10182,2023-06-11,Partiel,0.4376343161695178
14926,2129,2023-2024,23597,23597,2023-01-30,Payé,1.0
14927,1917,2021-2022,23357,0,2021-11-15,Impayé,0.0
14928,1036,2024-2025,16641,16641,2023-12-15,Payé,1.0
14929,1036,2021-2022,17923,8445,2024-01-09,Partiel,0.4711822797522736
14930,1036,2020-2021,21510,12804,2025-02-13,Partiel,0.5952580195258019
14931,1780,2021-2022,20922,20922,2023-05-19,Payé,1.0
14932,1780,2023-2024,22135,22135,2021-10-30,Payé,1.0
14933,1780,2020-2021,16816,16816,2024-06-27,Payé,1.0
14934,1716,2021-2022,22218,22218,2024-07-13,Payé,1.0
14935,1716,2023-2024,21872,21872,2022-08-28,Payé,1.0
14936,1716,2020-2021,19356,19356,2025-01-04,Payé,1.0
14937,1882,2021-2022,15745,15745,2022-04-08,Payé,1.0
14938,1882,2020-2021,21282,21282,2022-07-28,Payé,1.0
14939,1882,2023-2024,16698,16698,2024-01-31,Payé,1.0
14940,1532,2024-2025,22002,22002,2024-02-22,Payé,1.0
14941,1532,2020-2021,19627,12417,2022-09-13,Partiel,0.6326489020227238
14942,1543,2023-2024,19242,15233,2024-08-23,Partiel,0.7916536742542355
14943,1543,2021-2022,16071,16071,2022-11-30,Payé,1.0
14944,2168,2022-2023,21906,21906,2022-07-02,Payé,1.0
14945,1672,2021-2022,15486,15486,2022-01-19,Payé,1.0
14946,1672,2023-2024,21351,13147,2022-04-08,Partiel,0.6157557023090253
14947,1361,2021-2022,24173,24173,2024-05-11,Payé,1.0
14948,1625,2024-2025,20263,20263,2024-10-24,Payé,1.0
14949,1344,2020-2021,16418,16418,2022-02-26,Payé,1.0
14950,1344,2024-2025,16362,16362,2022-10-13,Payé,1.0
14951,1344,2022-2023,22464,22464,2023-12-30,Payé,1.0
14952,1502,2021-2022,15602,15602,2021-11-04,Payé,1.0
14953,1502,2020-2021,19429,19429,2023-03-13,Payé,1.0
14954,1193,2021-2022,22254,22254,2021-12-14,Payé,1.0
14955,1193,2020-2021,15344,15344,2024-11-24,Payé,1.0
14956,1306,2020-2021,21078,21078,2024-04-03,Payé,1.0
14957,1414,2022-2023,20044,20044,2024-07-12,Payé,1.0
14958,2006,2020-2021,24717,10512,2023-06-24,Partiel,0.4252943318363879
14959,2006,2024-2025,15232,15232,2023-05-14,Payé,1.0
14960,1217,2021-2022,23263,23263,2023-08-05,Payé,1.0
14961,1120,2020-2021,16135,16135,2022-08-08,Payé,1.0
14962,1979,2023-2024,24886,11763,2024-04-15,Partiel,0.4726753998231938
14963,1979,2022-2023,23021,23021,2022-10-05,Payé,1.0
14964,1979,2020-2021,20661,20661,2024-12-20,Payé,1.0
14965,1324,2021-2022,19388,19388,2024-12-21,Payé,1.0
14966,1324,2020-2021,15947,15947,2025-01-22,Payé,1.0
14967,1045,2023-2024,24112,19021,2025-01-12,Partiel,0.7888603185136032
14968,1288,2020-2021,17759,17759,2022-04-15,Payé,1.0
14969,1810,2020-2021,18814,0,2024-09-06,Impayé,0.0
14970,1810,2022-2023,20017,20017,2022-05-06,Payé,1.0
14971,1980,2022-2023,15642,15642,2024-11-03,Payé,1.0
14972,1980,2023-2024,18493,9079,2023-04-29,Partiel,0.4909425187908938
14973,1832,2021-2022,15654,0,2022-07-24,Impayé,0.0
14974,1832,2022-2023,19676,19676,2022-12-11,Payé,1.0
14975,1832,2023-2024,24605,24605,2022-09-14,Payé,1.0
14976,1198,2023-2024,18540,18540,2022-12-15,Payé,1.0
14977,1198,2020-2021,21828,21828,2023-05-24,Payé,1.0
14978,1665,2022-2023,23051,23051,2024-11-26,Payé,1.0
14979,1665,2020-2021,23506,23506,2024-05-19,Payé,1.0
14980,1411,2021-2022,19217,19217,2023-10-13,Payé,1.0
14981,1411,2022-2023,24301,24301,2023-03-08,Payé,1.0
14982,1411,2023-2024,23436,23436,2023-09-26,Payé,1.0
14983,1818,2022-2023,20453,20453,2023-08-19,Payé,1.0
14984,1818,2020-2021,19502,19502,2022-02-21,Payé,1.0
14985,1818,2023-2024,19709,19709,2021-10-18,Payé,1.0
14986,1971,2023-2024,19724,19724,2024-02-05,Payé,1.0
14987,1971,2022-2023,24094,24094,2024-04-03,Payé,1.0
14988,1930,2020-2021,23509,16077,2022-03-31,Partiel,0.6838657535411969
14989,1409,2022-2023,16725,16725,2021-11-07,Payé,1.0
