id_inscription,id_etudiant,annee_universitaire,type,date_inscription,filiere,niveau,annee
2001,1001,2020-2021,Nouveau,2021-02-27,Finance & Comptabilité,S2,2020-2021
2002,1002,2021-2022,Nouveau,2022-02-11,Génie Electrique,S2,2021-2022
2003,1002,2021-2022,Réinscrit,2020-02-16,Génie Electrique,S1,2021-2022
2004,1003,2020-2021,Nouveau,2019-07-16,Droit des Affaires,S1,2020-2021
2005,1003,2023-2024,Réinscrit,2023-07-03,Droit des Affaires,S1,2023-2024
2006,1003,2021-2022,Réinscrit,2019-11-16,Droit des Affaires,S1,2021-2022
2007,1003,2024-2025,Réinscrit,2019-05-01,Droit des Affaires,S4,2024-2025
2008,1004,2022-2023,Nouveau,2019-02-25,Génie Civil,S1,2022-2023
2009,1005,2020-2021,Nouveau,2019-10-01,Génie Electrique,S1,2020-2021
2010,1005,2024-2025,Réinscrit,2020-12-20,Génie Electrique,S5,2024-2025
2011,1005,2021-2022,Réinscrit,2020-09-26,Génie Electrique,S6,2021-2022
2012,1006,2020-2021,Nouveau,2019-09-07,Génie Informatique,S2,2020-2021
2013,1006,2022-2023,Réinscrit,2022-07-26,Génie Informatique,S3,2022-2023
2014,1006,2021-2022,Réinscrit,2024-04-12,Génie Informatique,S6,2021-2022
2015,1007,2024-2025,Nouveau,2019-06-07,Finance & Comptabilité,S1,2024-2025
2016,1007,2024-2025,Réinscrit,2018-10-28,Finance & Comptabilité,S5,2024-2025
2017,1008,2021-2022,Nouveau,2021-10-29,Droit des Affaires,S2,2021-2022
2018,1008,2024-2025,Réinscrit,2018-09-18,Droit des Affaires,S6,2024-2025
2019,1009,2021-2022,Nouveau,2024-04-27,Finance & Comptabilité,S6,2021-2022
2020,1010,2022-2023,Nouveau,2020-09-28,Marketing,S4,2022-2023
2021,1010,2020-2021,Réinscrit,2020-09-10,Marketing,S3,2020-2021
2022,1010,2023-2024,Réinscrit,2023-06-04,Marketing,S2,2023-2024
2023,1010,2024-2025,Réinscrit,2021-03-21,Marketing,S4,2024-2025
2024,1011,2022-2023,Nouveau,2020-01-20,Génie Electrique,S4,2022-2023
2025,1012,2024-2025,Nouveau,2020-03-10,Marketing,S4,2024-2025
2026,1013,2022-2023,Nouveau,2019-02-14,Droit des Affaires,S1,2022-2023
2027,1013,2022-2023,Réinscrit,2024-03-15,Droit des Affaires,S1,2022-2023
2028,1013,2023-2024,Réinscrit,2021-11-05,Droit des Affaires,S4,2023-2024
2029,1014,2023-2024,Nouveau,2021-03-14,Finance & Comptabilité,S5,2023-2024
2030,1014,2023-2024,Réinscrit,2021-12-04,Finance & Comptabilité,S4,2023-2024
2031,1014,2021-2022,Réinscrit,2019-06-13,Finance & Comptabilité,S4,2021-2022
2032,1015,2021-2022,Nouveau,2018-10-23,Génie Civil,S6,2021-2022
2033,1015,2023-2024,Réinscrit,2019-11-05,Génie Civil,S4,2023-2024
2034,1015,2023-2024,Réinscrit,2024-07-11,Génie Civil,S6,2023-2024
2035,1016,2020-2021,Nouveau,2020-04-10,Marketing,S4,2020-2021
2036,1017,2024-2025,Nouveau,2019-10-22,Génie Civil,S6,2024-2025
2037,1017,2021-2022,Réinscrit,2019-05-24,Génie Civil,S3,2021-2022
2038,1017,2021-2022,Réinscrit,2022-06-19,Génie Civil,S2,2021-2022
2039,1017,2024-2025,Réinscrit,2023-03-14,Génie Civil,S1,2024-2025
2040,1018,2023-2024,Nouveau,2024-04-06,Marketing,S3,2023-2024
2041,1018,2024-2025,Réinscrit,2021-09-23,Marketing,S6,2024-2025
2042,1019,2022-2023,Nouveau,2024-01-01,Génie Electrique,S6,2022-2023
2043,1019,2024-2025,Réinscrit,2023-03-15,Génie Electrique,S4,2024-2025
2044,1019,2024-2025,Réinscrit,2021-10-17,Génie Electrique,S2,2024-2025
2045,1019,2023-2024,Réinscrit,2019-11-17,Génie Electrique,S1,2023-2024
2046,1020,2023-2024,Nouveau,2024-03-29,Génie Electrique,S2,2023-2024
2047,1020,2021-2022,Réinscrit,2018-12-31,Génie Electrique,S1,2021-2022
2048,1020,2020-2021,Réinscrit,2019-06-07,Génie Electrique,S4,2020-2021
2049,1021,2021-2022,Nouveau,2022-12-16,Droit des Affaires,S5,2021-2022
2050,1022,2021-2022,Nouveau,2022-01-23,Finance & Comptabilité,S5,2021-2022
2051,1022,2024-2025,Réinscrit,2019-09-30,Finance & Comptabilité,S1,2024-2025
2052,1022,2024-2025,Réinscrit,2024-03-09,Finance & Comptabilité,S4,2024-2025
2053,1023,2022-2023,Nouveau,2024-04-01,Génie Electrique,S4,2022-2023
2054,1023,2024-2025,Réinscrit,2021-08-07,Génie Electrique,S5,2024-2025
2055,1024,2024-2025,Nouveau,2018-11-12,Marketing,S1,2024-2025
2056,1024,2023-2024,Réinscrit,2020-01-01,Marketing,S4,2023-2024
2057,1024,2023-2024,Réinscrit,2022-03-12,Marketing,S4,2023-2024
2058,1025,2023-2024,Nouveau,2019-01-26,Marketing,S1,2023-2024
2059,1025,2021-2022,Réinscrit,2022-01-24,Marketing,S6,2021-2022
2060,1025,2021-2022,Réinscrit,2024-03-06,Marketing,S4,2021-2022
2061,1025,2021-2022,Réinscrit,2022-03-03,Marketing,S6,2021-2022
2062,1026,2023-2024,Nouveau,2019-11-23,Génie Civil,S5,2023-2024
2063,1026,2023-2024,Réinscrit,2024-09-18,Génie Civil,S5,2023-2024
2064,1026,2023-2024,Réinscrit,2024-01-02,Génie Civil,S5,2023-2024
2065,1026,2021-2022,Réinscrit,2024-05-07,Génie Civil,S1,2021-2022
2066,1027,2022-2023,Nouveau,2024-03-19,Génie Informatique,S5,2022-2023
2067,1027,2023-2024,Réinscrit,2022-08-15,Génie Informatique,S3,2023-2024
2068,1027,2022-2023,Réinscrit,2019-05-10,Génie Informatique,S1,2022-2023
2069,1027,2024-2025,Réinscrit,2019-03-04,Génie Informatique,S2,2024-2025
2070,1028,2022-2023,Nouveau,2018-12-20,Marketing,S6,2022-2023
2071,1028,2022-2023,Réinscrit,2022-12-07,Marketing,S1,2022-2023
2072,1028,2023-2024,Réinscrit,2022-07-15,Marketing,S3,2023-2024
2073,1029,2022-2023,Nouveau,2019-04-20,Génie Civil,S6,2022-2023
2074,1029,2021-2022,Réinscrit,2021-06-11,Génie Civil,S2,2021-2022
2075,1029,2022-2023,Réinscrit,2019-08-14,Génie Civil,S6,2022-2023
2076,1029,2020-2021,Réinscrit,2022-01-31,Génie Civil,S1,2020-2021
2077,1030,2021-2022,Nouveau,2018-11-20,Finance & Comptabilité,S5,2021-2022
2078,1030,2022-2023,Réinscrit,2019-02-01,Finance & Comptabilité,S4,2022-2023
2079,1030,2023-2024,Réinscrit,2024-06-09,Finance & Comptabilité,S4,2023-2024
2080,1031,2020-2021,Nouveau,2023-12-07,Génie Electrique,S5,2020-2021
2081,1031,2020-2021,Réinscrit,2022-03-20,Génie Electrique,S4,2020-2021
2082,1031,2024-2025,Réinscrit,2023-01-16,Génie Electrique,S3,2024-2025
2083,1032,2023-2024,Nouveau,2019-10-15,Génie Electrique,S6,2023-2024
2084,1033,2022-2023,Nouveau,2024-03-27,Marketing,S5,2022-2023
2085,1033,2022-2023,Réinscrit,2020-07-14,Marketing,S5,2022-2023
2086,1034,2022-2023,Nouveau,2023-07-22,Génie Electrique,S2,2022-2023
2087,1034,2023-2024,Réinscrit,2019-07-06,Génie Electrique,S5,2023-2024
2088,1034,2021-2022,Réinscrit,2021-11-21,Génie Electrique,S3,2021-2022
2089,1035,2022-2023,Nouveau,2023-03-05,Finance & Comptabilité,S2,2022-2023
2090,1036,2024-2025,Nouveau,2019-09-24,Génie Informatique,S5,2024-2025
2091,1037,2022-2023,Nouveau,2019-06-03,Droit des Affaires,S5,2022-2023
2092,1037,2024-2025,Réinscrit,2023-12-30,Droit des Affaires,S4,2024-2025
2093,1037,2021-2022,Réinscrit,2022-07-24,Droit des Affaires,S1,2021-2022
2094,1038,2024-2025,Nouveau,2022-01-11,Marketing,S4,2024-2025
2095,1038,2024-2025,Réinscrit,2022-03-07,Marketing,S2,2024-2025
2096,1038,2023-2024,Réinscrit,2023-03-06,Marketing,S3,2023-2024
2097,1039,2024-2025,Nouveau,2020-09-09,Finance & Comptabilité,S1,2024-2025
2098,1039,2024-2025,Réinscrit,2020-10-04,Finance & Comptabilité,S5,2024-2025
2099,1039,2023-2024,Réinscrit,2021-01-20,Finance & Comptabilité,S6,2023-2024
2100,1039,2023-2024,Réinscrit,2021-09-02,Finance & Comptabilité,S6,2023-2024
2101,1040,2024-2025,Nouveau,2019-05-04,Droit des Affaires,S5,2024-2025
2102,1040,2021-2022,Réinscrit,2022-10-02,Droit des Affaires,S4,2021-2022
2103,1040,2021-2022,Réinscrit,2021-05-12,Droit des Affaires,S2,2021-2022
2104,1040,2022-2023,Réinscrit,2023-07-20,Droit des Affaires,S4,2022-2023
2105,1041,2020-2021,Nouveau,2020-12-12,Génie Civil,S4,2020-2021
2106,1041,2022-2023,Réinscrit,2021-11-19,Génie Civil,S6,2022-2023
2107,1041,2021-2022,Réinscrit,2021-07-17,Génie Civil,S6,2021-2022
2108,1042,2023-2024,Nouveau,2021-05-04,Génie Informatique,S1,2023-2024
2109,1042,2021-2022,Réinscrit,2020-10-26,Génie Informatique,S1,2021-2022
2110,1043,2022-2023,Nouveau,2023-11-15,Marketing,S4,2022-2023
2111,1043,2024-2025,Réinscrit,2023-07-23,Marketing,S4,2024-2025
2112,1044,2021-2022,Nouveau,2020-06-14,Génie Electrique,S3,2021-2022
2113,1045,2020-2021,Nouveau,2021-07-25,Marketing,S3,2020-2021
2114,1045,2024-2025,Réinscrit,2020-08-21,Marketing,S6,2024-2025
2115,1046,2023-2024,Nouveau,2018-11-21,Génie Civil,S1,2023-2024
2116,1047,2022-2023,Nouveau,2022-01-03,Génie Electrique,S1,2022-2023
2117,1048,2022-2023,Nouveau,2019-09-05,Droit des Affaires,S4,2022-2023
2118,1048,2021-2022,Réinscrit,2021-04-24,Droit des Affaires,S1,2021-2022
2119,1048,2024-2025,Réinscrit,2024-04-11,Droit des Affaires,S1,2024-2025
2120,1048,2024-2025,Réinscrit,2024-07-22,Droit des Affaires,S3,2024-2025
2121,1049,2020-2021,Nouveau,2021-05-03,Génie Informatique,S5,2020-2021
2122,1049,2020-2021,Réinscrit,2022-03-07,Génie Informatique,S3,2020-2021
2123,1049,2024-2025,Réinscrit,2023-01-15,Génie Informatique,S6,2024-2025
2124,1049,2021-2022,Réinscrit,2023-05-30,Génie Informatique,S2,2021-2022
2125,1050,2020-2021,Nouveau,2020-08-18,Droit des Affaires,S2,2020-2021
2126,1050,2022-2023,Réinscrit,2023-08-06,Droit des Affaires,S4,2022-2023
2127,1051,2024-2025,Nouveau,2019-04-18,Marketing,S4,2024-2025
2128,1051,2024-2025,Réinscrit,2022-11-13,Marketing,S6,2024-2025
2129,1051,2020-2021,Réinscrit,2022-03-20,Marketing,S5,2020-2021
2130,1052,2023-2024,Nouveau,2021-06-06,Finance & Comptabilité,S3,2023-2024
2131,1052,2021-2022,Réinscrit,2022-09-26,Finance & Comptabilité,S4,2021-2022
2132,1052,2022-2023,Réinscrit,2022-02-14,Finance & Comptabilité,S1,2022-2023
2133,1052,2024-2025,Réinscrit,2019-01-21,Finance & Comptabilité,S6,2024-2025
2134,1053,2021-2022,Nouveau,2021-07-03,Génie Civil,S5,2021-2022
2135,1054,2022-2023,Nouveau,2022-09-26,Marketing,S6,2022-2023
2136,1054,2020-2021,Réinscrit,2024-08-30,Marketing,S2,2020-2021
2137,1054,2023-2024,Réinscrit,2023-01-09,Marketing,S1,2023-2024
2138,1054,2023-2024,Réinscrit,2021-07-13,Marketing,S3,2023-2024
2139,1055,2021-2022,Nouveau,2022-01-01,Droit des Affaires,S2,2021-2022
2140,1056,2023-2024,Nouveau,2022-03-23,Finance & Comptabilité,S6,2023-2024
2141,1056,2023-2024,Réinscrit,2019-01-17,Finance & Comptabilité,S3,2023-2024
2142,1057,2023-2024,Nouveau,2023-12-13,Marketing,S6,2023-2024
2143,1058,2022-2023,Nouveau,2023-05-28,Génie Civil,S1,2022-2023
2144,1058,2021-2022,Réinscrit,2021-08-04,Génie Civil,S5,2021-2022
2145,1058,2020-2021,Réinscrit,2022-08-12,Génie Civil,S4,2020-2021
2146,1058,2024-2025,Réinscrit,2022-05-01,Génie Civil,S4,2024-2025
2147,1059,2020-2021,Nouveau,2020-09-22,Marketing,S6,2020-2021
2148,1060,2021-2022,Nouveau,2018-09-13,Génie Electrique,S4,2021-2022
2149,1060,2021-2022,Réinscrit,2022-02-03,Génie Electrique,S3,2021-2022
2150,1060,2024-2025,Réinscrit,2019-08-03,Génie Electrique,S1,2024-2025
2151,1060,2021-2022,Réinscrit,2021-06-19,Génie Electrique,S5,2021-2022
2152,1061,2024-2025,Nouveau,2023-04-08,Génie Electrique,S3,2024-2025
2153,1061,2023-2024,Réinscrit,2024-01-12,Génie Electrique,S6,2023-2024
2154,1062,2022-2023,Nouveau,2020-08-11,Finance & Comptabilité,S6,2022-2023
2155,1062,2024-2025,Réinscrit,2022-05-04,Finance & Comptabilité,S3,2024-2025
2156,1063,2020-2021,Nouveau,2023-04-25,Droit des Affaires,S3,2020-2021
2157,1063,2021-2022,Réinscrit,2023-01-29,Droit des Affaires,S4,2021-2022
2158,1064,2020-2021,Nouveau,2018-12-04,Génie Electrique,S5,2020-2021
2159,1064,2024-2025,Réinscrit,2021-03-25,Génie Electrique,S1,2024-2025
2160,1065,2021-2022,Nouveau,2021-08-08,Génie Informatique,S6,2021-2022
2161,1065,2021-2022,Réinscrit,2019-03-23,Génie Informatique,S4,2021-2022
2162,1065,2024-2025,Réinscrit,2023-06-23,Génie Informatique,S5,2024-2025
2163,1065,2022-2023,Réinscrit,2020-05-04,Génie Informatique,S1,2022-2023
2164,1066,2021-2022,Nouveau,2019-12-25,Génie Informatique,S1,2021-2022
2165,1066,2024-2025,Réinscrit,2023-07-19,Génie Informatique,S4,2024-2025
2166,1066,2023-2024,Réinscrit,2019-12-30,Génie Informatique,S2,2023-2024
2167,1067,2021-2022,Nouveau,2021-08-26,Marketing,S3,2021-2022
2168,1067,2023-2024,Réinscrit,2022-12-13,Marketing,S2,2023-2024
2169,1068,2021-2022,Nouveau,2021-01-30,Droit des Affaires,S3,2021-2022
2170,1068,2021-2022,Réinscrit,2023-05-11,Droit des Affaires,S2,2021-2022
2171,1068,2023-2024,Réinscrit,2020-04-20,Droit des Affaires,S1,2023-2024
2172,1068,2022-2023,Réinscrit,2021-08-08,Droit des Affaires,S2,2022-2023
2173,1069,2021-2022,Nouveau,2022-10-24,Génie Informatique,S5,2021-2022
2174,1069,2023-2024,Réinscrit,2019-08-18,Génie Informatique,S1,2023-2024
2175,1069,2023-2024,Réinscrit,2020-02-28,Génie Informatique,S3,2023-2024
2176,1069,2023-2024,Réinscrit,2021-01-17,Génie Informatique,S6,2023-2024
2177,1070,2023-2024,Nouveau,2021-07-16,Génie Informatique,S1,2023-2024
2178,1070,2020-2021,Réinscrit,2019-04-29,Génie Informatique,S1,2020-2021
2179,1070,2022-2023,Réinscrit,2021-04-19,Génie Informatique,S4,2022-2023
2180,1070,2022-2023,Réinscrit,2019-03-06,Génie Informatique,S1,2022-2023
2181,1071,2024-2025,Nouveau,2022-12-09,Génie Civil,S3,2024-2025
2182,1071,2023-2024,Réinscrit,2022-10-29,Génie Civil,S2,2023-2024
2183,1071,2024-2025,Réinscrit,2019-02-16,Génie Civil,S5,2024-2025
2184,1072,2022-2023,Nouveau,2020-07-27,Génie Civil,S5,2022-2023
2185,1072,2023-2024,Réinscrit,2022-06-21,Génie Civil,S4,2023-2024
2186,1073,2020-2021,Nouveau,2022-03-23,Génie Informatique,S6,2020-2021
2187,1073,2024-2025,Réinscrit,2023-07-10,Génie Informatique,S2,2024-2025
2188,1074,2020-2021,Nouveau,2022-03-07,Génie Civil,S1,2020-2021
2189,1074,2021-2022,Réinscrit,2024-04-06,Génie Civil,S3,2021-2022
2190,1074,2022-2023,Réinscrit,2023-06-28,Génie Civil,S3,2022-2023
2191,1075,2024-2025,Nouveau,2021-08-16,Génie Informatique,S5,2024-2025
2192,1075,2022-2023,Réinscrit,2023-07-21,Génie Informatique,S2,2022-2023
2193,1075,2022-2023,Réinscrit,2024-03-05,Génie Informatique,S2,2022-2023
2194,1076,2020-2021,Nouveau,2020-10-13,Finance & Comptabilité,S2,2020-2021
2195,1076,2020-2021,Réinscrit,2021-03-30,Finance & Comptabilité,S2,2020-2021
2196,1076,2020-2021,Réinscrit,2023-12-10,Finance & Comptabilité,S3,2020-2021
2197,1076,2021-2022,Réinscrit,2023-11-27,Finance & Comptabilité,S4,2021-2022
2198,1077,2023-2024,Nouveau,2019-02-15,Génie Civil,S4,2023-2024
2199,1078,2024-2025,Nouveau,2024-02-09,Génie Informatique,S4,2024-2025
2200,1078,2023-2024,Réinscrit,2019-12-05,Génie Informatique,S6,2023-2024
2201,1078,2021-2022,Réinscrit,2020-01-20,Génie Informatique,S3,2021-2022
2202,1079,2021-2022,Nouveau,2021-11-07,Génie Informatique,S2,2021-2022
2203,1080,2024-2025,Nouveau,2021-09-22,Marketing,S5,2024-2025
2204,1080,2024-2025,Réinscrit,2021-01-17,Marketing,S5,2024-2025
2205,1081,2024-2025,Nouveau,2020-09-09,Droit des Affaires,S4,2024-2025
2206,1082,2021-2022,Nouveau,2024-04-02,Finance & Comptabilité,S6,2021-2022
2207,1083,2022-2023,Nouveau,2018-12-16,Droit des Affaires,S3,2022-2023
2208,1084,2023-2024,Nouveau,2022-11-09,Finance & Comptabilité,S5,2023-2024
2209,1085,2022-2023,Nouveau,2020-05-22,Marketing,S1,2022-2023
2210,1086,2023-2024,Nouveau,2024-01-18,Marketing,S4,2023-2024
2211,1087,2024-2025,Nouveau,2018-09-24,Droit des Affaires,S3,2024-2025
2212,1087,2020-2021,Réinscrit,2023-09-30,Droit des Affaires,S3,2020-2021
2213,1087,2024-2025,Réinscrit,2020-02-12,Droit des Affaires,S2,2024-2025
2214,1088,2022-2023,Nouveau,2022-04-16,Marketing,S1,2022-2023
2215,1089,2024-2025,Nouveau,2022-12-11,Génie Electrique,S1,2024-2025
2216,1090,2022-2023,Nouveau,2020-08-30,Génie Informatique,S2,2022-2023
2217,1090,2023-2024,Réinscrit,2019-09-01,Génie Informatique,S1,2023-2024
2218,1090,2021-2022,Réinscrit,2020-06-29,Génie Informatique,S4,2021-2022
2219,1090,2023-2024,Réinscrit,2021-11-11,Génie Informatique,S6,2023-2024
2220,1091,2020-2021,Nouveau,2022-01-05,Génie Electrique,S4,2020-2021
2221,1091,2023-2024,Réinscrit,2022-02-22,Génie Electrique,S6,2023-2024
2222,1092,2022-2023,Nouveau,2019-09-29,Génie Civil,S3,2022-2023
2223,1092,2024-2025,Réinscrit,2020-11-27,Génie Civil,S4,2024-2025
2224,1093,2023-2024,Nouveau,2024-01-04,Marketing,S3,2023-2024
2225,1093,2024-2025,Réinscrit,2023-05-30,Marketing,S1,2024-2025
2226,1093,2023-2024,Réinscrit,2022-10-18,Marketing,S5,2023-2024
2227,1093,2021-2022,Réinscrit,2023-07-15,Marketing,S6,2021-2022
2228,1094,2020-2021,Nouveau,2019-02-13,Droit des Affaires,S5,2020-2021
2229,1094,2022-2023,Réinscrit,2023-11-12,Droit des Affaires,S6,2022-2023
2230,1094,2021-2022,Réinscrit,2020-05-28,Droit des Affaires,S4,2021-2022
2231,1094,2024-2025,Réinscrit,2024-07-20,Droit des Affaires,S1,2024-2025
2232,1095,2023-2024,Nouveau,2023-07-28,Génie Informatique,S1,2023-2024
2233,1095,2023-2024,Réinscrit,2022-01-13,Génie Informatique,S2,2023-2024
2234,1095,2021-2022,Réinscrit,2022-01-13,Génie Informatique,S2,2021-2022
2235,1096,2022-2023,Nouveau,2019-03-15,Génie Informatique,S5,2022-2023
2236,1096,2020-2021,Réinscrit,2019-03-04,Génie Informatique,S5,2020-2021
2237,1096,2020-2021,Réinscrit,2024-05-23,Génie Informatique,S4,2020-2021
2238,1096,2023-2024,Réinscrit,2019-09-23,Génie Informatique,S4,2023-2024
2239,1097,2022-2023,Nouveau,2021-07-10,Génie Civil,S5,2022-2023
2240,1097,2020-2021,Réinscrit,2024-04-24,Génie Civil,S1,2020-2021
2241,1097,2020-2021,Réinscrit,2023-11-09,Génie Civil,S2,2020-2021
2242,1098,2023-2024,Nouveau,2019-03-05,Droit des Affaires,S1,2023-2024
2243,1098,2023-2024,Réinscrit,2022-01-02,Droit des Affaires,S3,2023-2024
2244,1099,2023-2024,Nouveau,2021-08-21,Finance & Comptabilité,S3,2023-2024
2245,1099,2021-2022,Réinscrit,2021-01-12,Finance & Comptabilité,S2,2021-2022
2246,1099,2020-2021,Réinscrit,2021-07-29,Finance & Comptabilité,S6,2020-2021
2247,1099,2020-2021,Réinscrit,2023-07-13,Finance & Comptabilité,S5,2020-2021
2248,1100,2020-2021,Nouveau,2023-02-04,Génie Informatique,S1,2020-2021
2249,1101,2021-2022,Nouveau,2024-01-07,Finance & Comptabilité,S4,2021-2022
2250,1102,2024-2025,Nouveau,2024-02-15,Droit des Affaires,S3,2024-2025
2251,1102,2024-2025,Réinscrit,2022-09-17,Droit des Affaires,S6,2024-2025
2252,1102,2023-2024,Réinscrit,2022-01-22,Droit des Affaires,S1,2023-2024
2253,1102,2021-2022,Réinscrit,2020-03-07,Droit des Affaires,S1,2021-2022
2254,1103,2020-2021,Nouveau,2018-11-05,Génie Informatique,S6,2020-2021
2255,1103,2021-2022,Réinscrit,2018-12-19,Génie Informatique,S2,2021-2022
2256,1104,2021-2022,Nouveau,2021-05-18,Génie Electrique,S4,2021-2022
2257,1104,2024-2025,Réinscrit,2020-10-21,Génie Electrique,S1,2024-2025
2258,1104,2022-2023,Réinscrit,2023-11-12,Génie Electrique,S2,2022-2023
2259,1104,2023-2024,Réinscrit,2023-05-26,Génie Electrique,S1,2023-2024
2260,1105,2021-2022,Nouveau,2020-05-17,Marketing,S6,2021-2022
2261,1106,2023-2024,Nouveau,2023-12-15,Droit des Affaires,S1,2023-2024
2262,1106,2023-2024,Réinscrit,2021-05-21,Droit des Affaires,S2,2023-2024
2263,1106,2022-2023,Réinscrit,2023-01-22,Droit des Affaires,S1,2022-2023
2264,1106,2022-2023,Réinscrit,2018-10-03,Droit des Affaires,S1,2022-2023
2265,1107,2023-2024,Nouveau,2024-03-23,Finance & Comptabilité,S6,2023-2024
2266,1107,2024-2025,Réinscrit,2021-12-05,Finance & Comptabilité,S1,2024-2025
2267,1107,2023-2024,Réinscrit,2023-02-24,Finance & Comptabilité,S4,2023-2024
2268,1107,2024-2025,Réinscrit,2024-02-20,Finance & Comptabilité,S2,2024-2025
2269,1108,2024-2025,Nouveau,2018-11-17,Génie Electrique,S4,2024-2025
2270,1109,2024-2025,Nouveau,2019-05-19,Droit des Affaires,S3,2024-2025
2271,1109,2023-2024,Réinscrit,2023-12-22,Droit des Affaires,S1,2023-2024
2272,1109,2023-2024,Réinscrit,2022-07-22,Droit des Affaires,S4,2023-2024
2273,1110,2020-2021,Nouveau,2020-06-22,Génie Informatique,S3,2020-2021
2274,1110,2021-2022,Réinscrit,2023-12-06,Génie Informatique,S3,2021-2022
2275,1110,2023-2024,Réinscrit,2021-04-08,Génie Informatique,S5,2023-2024
2276,1110,2021-2022,Réinscrit,2022-06-21,Génie Informatique,S5,2021-2022
2277,1111,2021-2022,Nouveau,2021-12-15,Marketing,S6,2021-2022
2278,1111,2023-2024,Réinscrit,2023-05-05,Marketing,S6,2023-2024
2279,1111,2022-2023,Réinscrit,2023-12-18,Marketing,S2,2022-2023
2280,1111,2024-2025,Réinscrit,2020-12-27,Marketing,S3,2024-2025
2281,1112,2023-2024,Nouveau,2020-02-11,Génie Electrique,S2,2023-2024
2282,1113,2021-2022,Nouveau,2024-03-08,Marketing,S1,2021-2022
2283,1113,2023-2024,Réinscrit,2024-03-15,Marketing,S3,2023-2024
2284,1114,2021-2022,Nouveau,2019-03-12,Génie Informatique,S1,2021-2022
2285,1114,2022-2023,Réinscrit,2021-08-04,Génie Informatique,S3,2022-2023
2286,1115,2021-2022,Nouveau,2024-04-24,Droit des Affaires,S1,2021-2022
2287,1115,2020-2021,Réinscrit,2022-06-15,Droit des Affaires,S4,2020-2021
2288,1116,2024-2025,Nouveau,2021-03-17,Génie Informatique,S1,2024-2025
2289,1117,2023-2024,Nouveau,2021-07-23,Génie Electrique,S3,2023-2024
2290,1117,2022-2023,Réinscrit,2019-03-11,Génie Electrique,S5,2022-2023
2291,1118,2021-2022,Nouveau,2024-06-12,Génie Informatique,S5,2021-2022
2292,1118,2020-2021,Réinscrit,2019-03-26,Génie Informatique,S4,2020-2021
2293,1118,2023-2024,Réinscrit,2019-11-29,Génie Informatique,S1,2023-2024
2294,1119,2024-2025,Nouveau,2019-02-19,Génie Civil,S5,2024-2025
2295,1120,2021-2022,Nouveau,2019-12-28,Marketing,S2,2021-2022
2296,1121,2021-2022,Nouveau,2021-12-10,Génie Informatique,S6,2021-2022
2297,1121,2023-2024,Réinscrit,2024-05-04,Génie Informatique,S4,2023-2024
2298,1121,2020-2021,Réinscrit,2020-05-24,Génie Informatique,S6,2020-2021
2299,1122,2022-2023,Nouveau,2020-03-18,Génie Informatique,S1,2022-2023
2300,1122,2021-2022,Réinscrit,2023-08-04,Génie Informatique,S4,2021-2022
2301,1122,2020-2021,Réinscrit,2021-06-01,Génie Informatique,S4,2020-2021
2302,1123,2022-2023,Nouveau,2024-04-30,Droit des Affaires,S2,2022-2023
2303,1123,2020-2021,Réinscrit,2021-08-25,Droit des Affaires,S3,2020-2021
2304,1123,2023-2024,Réinscrit,2022-09-17,Droit des Affaires,S6,2023-2024
2305,1124,2021-2022,Nouveau,2024-08-09,Génie Civil,S4,2021-2022
2306,1124,2021-2022,Réinscrit,2020-03-19,Génie Civil,S4,2021-2022
2307,1125,2023-2024,Nouveau,2023-10-24,Marketing,S5,2023-2024
2308,1125,2022-2023,Réinscrit,2018-12-31,Marketing,S4,2022-2023
2309,1125,2021-2022,Réinscrit,2018-10-11,Marketing,S6,2021-2022
2310,1125,2024-2025,Réinscrit,2019-06-13,Marketing,S1,2024-2025
2311,1126,2022-2023,Nouveau,2023-03-04,Finance & Comptabilité,S2,2022-2023
2312,1126,2023-2024,Réinscrit,2019-05-10,Finance & Comptabilité,S4,2023-2024
2313,1126,2020-2021,Réinscrit,2020-05-11,Finance & Comptabilité,S5,2020-2021
2314,1127,2024-2025,Nouveau,2021-12-25,Génie Civil,S4,2024-2025
2315,1128,2024-2025,Nouveau,2022-01-29,Génie Civil,S6,2024-2025
2316,1128,2022-2023,Réinscrit,2022-07-11,Génie Civil,S1,2022-2023
2317,1128,2022-2023,Réinscrit,2024-08-01,Génie Civil,S5,2022-2023
2318,1128,2021-2022,Réinscrit,2023-03-13,Génie Civil,S4,2021-2022
2319,1129,2024-2025,Nouveau,2023-08-17,Marketing,S6,2024-2025
2320,1129,2022-2023,Réinscrit,2023-03-15,Marketing,S2,2022-2023
2321,1130,2020-2021,Nouveau,2019-01-30,Droit des Affaires,S5,2020-2021
2322,1130,2022-2023,Réinscrit,2023-01-15,Droit des Affaires,S6,2022-2023
2323,1130,2021-2022,Réinscrit,2024-07-02,Droit des Affaires,S5,2021-2022
2324,1131,2021-2022,Nouveau,2019-09-16,Génie Civil,S5,2021-2022
2325,1131,2024-2025,Réinscrit,2022-03-02,Génie Civil,S5,2024-2025
2326,1131,2022-2023,Réinscrit,2020-06-17,Génie Civil,S1,2022-2023
2327,1132,2024-2025,Nouveau,2021-07-26,Marketing,S2,2024-2025
2328,1133,2023-2024,Nouveau,2024-05-01,Droit des Affaires,S1,2023-2024
2329,1133,2020-2021,Réinscrit,2022-11-06,Droit des Affaires,S3,2020-2021
2330,1133,2024-2025,Réinscrit,2022-08-22,Droit des Affaires,S1,2024-2025
2331,1134,2020-2021,Nouveau,2023-09-13,Génie Civil,S3,2020-2021
2332,1135,2023-2024,Nouveau,2022-06-20,Marketing,S2,2023-2024
2333,1136,2022-2023,Nouveau,2022-01-08,Droit des Affaires,S3,2022-2023
2334,1136,2024-2025,Réinscrit,2020-03-27,Droit des Affaires,S6,2024-2025
2335,1137,2024-2025,Nouveau,2021-06-11,Marketing,S1,2024-2025
2336,1137,2022-2023,Réinscrit,2024-06-16,Marketing,S5,2022-2023
2337,1137,2021-2022,Réinscrit,2022-09-19,Marketing,S4,2021-2022
2338,1137,2020-2021,Réinscrit,2020-04-23,Marketing,S6,2020-2021
2339,1138,2023-2024,Nouveau,2019-08-02,Finance & Comptabilité,S1,2023-2024
2340,1138,2020-2021,Réinscrit,2023-06-07,Finance & Comptabilité,S2,2020-2021
2341,1138,2023-2024,Réinscrit,2021-01-27,Finance & Comptabilité,S4,2023-2024
2342,1138,2020-2021,Réinscrit,2022-10-22,Finance & Comptabilité,S6,2020-2021
2343,1139,2024-2025,Nouveau,2024-06-26,Droit des Affaires,S4,2024-2025
2344,1139,2022-2023,Réinscrit,2024-04-05,Droit des Affaires,S6,2022-2023
2345,1139,2023-2024,Réinscrit,2023-08-08,Droit des Affaires,S6,2023-2024
2346,1139,2023-2024,Réinscrit,2023-05-05,Droit des Affaires,S2,2023-2024
2347,1140,2024-2025,Nouveau,2020-02-03,Génie Informatique,S4,2024-2025
2348,1140,2023-2024,Réinscrit,2020-02-12,Génie Informatique,S6,2023-2024
2349,1141,2021-2022,Nouveau,2023-10-10,Droit des Affaires,S4,2021-2022
2350,1142,2021-2022,Nouveau,2022-10-22,Marketing,S1,2021-2022
2351,1143,2020-2021,Nouveau,2020-01-09,Génie Electrique,S3,2020-2021
2352,1143,2024-2025,Réinscrit,2021-11-30,Génie Electrique,S1,2024-2025
2353,1143,2024-2025,Réinscrit,2020-05-20,Génie Electrique,S1,2024-2025
2354,1143,2022-2023,Réinscrit,2022-01-31,Génie Electrique,S3,2022-2023
2355,1144,2022-2023,Nouveau,2024-02-12,Droit des Affaires,S1,2022-2023
2356,1144,2021-2022,Réinscrit,2020-04-05,Droit des Affaires,S5,2021-2022
2357,1144,2023-2024,Réinscrit,2019-03-19,Droit des Affaires,S3,2023-2024
2358,1145,2021-2022,Nouveau,2020-09-19,Finance & Comptabilité,S6,2021-2022
2359,1145,2023-2024,Réinscrit,2018-09-09,Finance & Comptabilité,S1,2023-2024
2360,1145,2024-2025,Réinscrit,2022-07-30,Finance & Comptabilité,S1,2024-2025
2361,1146,2023-2024,Nouveau,2024-01-23,Droit des Affaires,S5,2023-2024
2362,1147,2024-2025,Nouveau,2023-09-27,Droit des Affaires,S3,2024-2025
2363,1147,2023-2024,Réinscrit,2023-12-30,Droit des Affaires,S6,2023-2024
2364,1147,2024-2025,Réinscrit,2020-02-26,Droit des Affaires,S2,2024-2025
2365,1148,2023-2024,Nouveau,2023-09-14,Finance & Comptabilité,S2,2023-2024
2366,1148,2022-2023,Réinscrit,2019-09-01,Finance & Comptabilité,S5,2022-2023
2367,1148,2024-2025,Réinscrit,2023-04-05,Finance & Comptabilité,S4,2024-2025
2368,1148,2021-2022,Réinscrit,2023-02-06,Finance & Comptabilité,S3,2021-2022
2369,1149,2023-2024,Nouveau,2021-10-11,Génie Informatique,S6,2023-2024
2370,1150,2021-2022,Nouveau,2018-12-11,Génie Civil,S5,2021-2022
2371,1151,2024-2025,Nouveau,2020-01-21,Génie Civil,S6,2024-2025
2372,1151,2024-2025,Réinscrit,2019-08-15,Génie Civil,S2,2024-2025
2373,1151,2024-2025,Réinscrit,2024-09-28,Génie Civil,S5,2024-2025
2374,1152,2024-2025,Nouveau,2024-07-08,Marketing,S2,2024-2025
2375,1153,2024-2025,Nouveau,2018-11-16,Finance & Comptabilité,S1,2024-2025
2376,1153,2024-2025,Réinscrit,2020-09-06,Finance & Comptabilité,S1,2024-2025
2377,1153,2022-2023,Réinscrit,2020-12-21,Finance & Comptabilité,S2,2022-2023
2378,1153,2024-2025,Réinscrit,2023-08-25,Finance & Comptabilité,S1,2024-2025
2379,1154,2023-2024,Nouveau,2019-03-04,Marketing,S4,2023-2024
2380,1154,2020-2021,Réinscrit,2022-06-24,Marketing,S4,2020-2021
2381,1154,2021-2022,Réinscrit,2023-04-27,Marketing,S1,2021-2022
2382,1155,2023-2024,Nouveau,2021-07-20,Génie Electrique,S1,2023-2024
2383,1155,2020-2021,Réinscrit,2019-10-12,Génie Electrique,S5,2020-2021
2384,1155,2021-2022,Réinscrit,2021-11-12,Génie Electrique,S2,2021-2022
2385,1156,2022-2023,Nouveau,2019-09-03,Droit des Affaires,S2,2022-2023
2386,1156,2022-2023,Réinscrit,2023-03-27,Droit des Affaires,S6,2022-2023
2387,1157,2020-2021,Nouveau,2022-04-25,Génie Civil,S2,2020-2021
2388,1157,2020-2021,Réinscrit,2019-04-28,Génie Civil,S3,2020-2021
2389,1158,2020-2021,Nouveau,2022-04-03,Marketing,S2,2020-2021
2390,1158,2023-2024,Réinscrit,2022-04-20,Marketing,S3,2023-2024
2391,1158,2023-2024,Réinscrit,2020-01-09,Marketing,S1,2023-2024
2392,1158,2021-2022,Réinscrit,2021-05-09,Marketing,S5,2021-2022
2393,1159,2023-2024,Nouveau,2024-05-15,Marketing,S5,2023-2024
2394,1159,2023-2024,Réinscrit,2019-12-16,Marketing,S3,2023-2024
2395,1160,2022-2023,Nouveau,2023-11-17,Finance & Comptabilité,S5,2022-2023
2396,1161,2020-2021,Nouveau,2024-02-05,Génie Electrique,S1,2020-2021
2397,1161,2023-2024,Réinscrit,2021-04-15,Génie Electrique,S1,2023-2024
2398,1161,2022-2023,Réinscrit,2019-10-21,Génie Electrique,S2,2022-2023
2399,1161,2024-2025,Réinscrit,2020-01-28,Génie Electrique,S3,2024-2025
2400,1162,2023-2024,Nouveau,2019-08-10,Génie Electrique,S6,2023-2024
2401,1162,2024-2025,Réinscrit,2020-12-12,Génie Electrique,S2,2024-2025
2402,1162,2022-2023,Réinscrit,2024-09-22,Génie Electrique,S2,2022-2023
2403,1162,2021-2022,Réinscrit,2024-09-10,Génie Electrique,S4,2021-2022
2404,1163,2020-2021,Nouveau,2018-09-05,Marketing,S4,2020-2021
2405,1163,2024-2025,Réinscrit,2021-11-28,Marketing,S6,2024-2025
2406,1163,2021-2022,Réinscrit,2018-09-03,Marketing,S1,2021-2022
2407,1163,2023-2024,Réinscrit,2021-09-24,Marketing,S5,2023-2024
2408,1164,2023-2024,Nouveau,2022-08-10,Génie Electrique,S6,2023-2024
2409,1164,2021-2022,Réinscrit,2024-05-22,Génie Electrique,S3,2021-2022
2410,1164,2020-2021,Réinscrit,2020-06-23,Génie Electrique,S6,2020-2021
2411,1165,2022-2023,Nouveau,2019-09-03,Génie Electrique,S4,2022-2023
2412,1166,2021-2022,Nouveau,2021-10-19,Finance & Comptabilité,S4,2021-2022
2413,1167,2024-2025,Nouveau,2024-04-29,Droit des Affaires,S3,2024-2025
2414,1167,2022-2023,Réinscrit,2021-08-06,Droit des Affaires,S6,2022-2023
2415,1168,2022-2023,Nouveau,2021-06-04,Finance & Comptabilité,S6,2022-2023
2416,1168,2022-2023,Réinscrit,2022-07-01,Finance & Comptabilité,S2,2022-2023
2417,1168,2023-2024,Réinscrit,2022-05-08,Finance & Comptabilité,S1,2023-2024
2418,1168,2021-2022,Réinscrit,2018-09-09,Finance & Comptabilité,S5,2021-2022
2419,1169,2020-2021,Nouveau,2018-10-10,Droit des Affaires,S6,2020-2021
2420,1169,2021-2022,Réinscrit,2023-04-20,Droit des Affaires,S5,2021-2022
2421,1169,2023-2024,Réinscrit,2023-01-26,Droit des Affaires,S5,2023-2024
2422,1169,2020-2021,Réinscrit,2019-07-15,Droit des Affaires,S5,2020-2021
2423,1170,2023-2024,Nouveau,2020-01-19,Génie Electrique,S3,2023-2024
2424,1171,2024-2025,Nouveau,2022-09-06,Marketing,S4,2024-2025
2425,1171,2021-2022,Réinscrit,2018-10-05,Marketing,S1,2021-2022
2426,1171,2023-2024,Réinscrit,2022-10-27,Marketing,S2,2023-2024
2427,1171,2023-2024,Réinscrit,2018-10-09,Marketing,S2,2023-2024
2428,1172,2022-2023,Nouveau,2022-09-05,Génie Civil,S2,2022-2023
2429,1173,2024-2025,Nouveau,2022-01-24,Marketing,S6,2024-2025
2430,1174,2021-2022,Nouveau,2024-03-15,Marketing,S3,2021-2022
2431,1174,2020-2021,Réinscrit,2021-10-24,Marketing,S4,2020-2021
2432,1175,2020-2021,Nouveau,2020-11-12,Génie Civil,S6,2020-2021
2433,1175,2023-2024,Réinscrit,2019-11-29,Génie Civil,S3,2023-2024
2434,1176,2021-2022,Nouveau,2020-11-02,Finance & Comptabilité,S6,2021-2022
2435,1176,2024-2025,Réinscrit,2020-08-19,Finance & Comptabilité,S1,2024-2025
2436,1176,2024-2025,Réinscrit,2020-02-08,Finance & Comptabilité,S6,2024-2025
2437,1176,2020-2021,Réinscrit,2020-02-04,Finance & Comptabilité,S3,2020-2021
2438,1177,2024-2025,Nouveau,2021-09-28,Marketing,S2,2024-2025
2439,1177,2020-2021,Réinscrit,2024-08-22,Marketing,S5,2020-2021
2440,1178,2024-2025,Nouveau,2023-10-04,Droit des Affaires,S1,2024-2025
2441,1178,2023-2024,Réinscrit,2019-04-01,Droit des Affaires,S3,2023-2024
2442,1178,2023-2024,Réinscrit,2023-03-25,Droit des Affaires,S3,2023-2024
2443,1179,2024-2025,Nouveau,2023-11-25,Génie Electrique,S4,2024-2025
2444,1180,2024-2025,Nouveau,2019-02-26,Génie Electrique,S6,2024-2025
2445,1180,2021-2022,Réinscrit,2019-03-12,Génie Electrique,S3,2021-2022
2446,1180,2023-2024,Réinscrit,2024-08-20,Génie Electrique,S4,2023-2024
2447,1181,2020-2021,Nouveau,2023-01-23,Finance & Comptabilité,S2,2020-2021
2448,1181,2022-2023,Réinscrit,2019-08-02,Finance & Comptabilité,S5,2022-2023
2449,1181,2020-2021,Réinscrit,2021-03-13,Finance & Comptabilité,S6,2020-2021
2450,1182,2020-2021,Nouveau,2021-06-20,Finance & Comptabilité,S2,2020-2021
2451,1182,2021-2022,Réinscrit,2022-05-11,Finance & Comptabilité,S3,2021-2022
2452,1182,2020-2021,Réinscrit,2019-10-02,Finance & Comptabilité,S1,2020-2021
2453,1182,2023-2024,Réinscrit,2023-07-06,Finance & Comptabilité,S1,2023-2024
2454,1183,2022-2023,Nouveau,2021-06-09,Finance & Comptabilité,S1,2022-2023
2455,1183,2023-2024,Réinscrit,2021-05-04,Finance & Comptabilité,S3,2023-2024
2456,1183,2020-2021,Réinscrit,2022-05-29,Finance & Comptabilité,S5,2020-2021
2457,1184,2020-2021,Nouveau,2023-08-02,Génie Informatique,S1,2020-2021
2458,1184,2023-2024,Réinscrit,2020-01-25,Génie Informatique,S1,2023-2024
2459,1185,2020-2021,Nouveau,2022-11-24,Droit des Affaires,S3,2020-2021
2460,1186,2021-2022,Nouveau,2019-05-12,Génie Informatique,S4,2021-2022
2461,1187,2022-2023,Nouveau,2023-07-05,Génie Electrique,S1,2022-2023
2462,1188,2020-2021,Nouveau,2019-04-02,Marketing,S3,2020-2021
2463,1189,2023-2024,Nouveau,2019-09-28,Génie Informatique,S5,2023-2024
2464,1189,2023-2024,Réinscrit,2021-04-12,Génie Informatique,S5,2023-2024
2465,1189,2024-2025,Réinscrit,2018-10-14,Génie Informatique,S4,2024-2025
2466,1189,2023-2024,Réinscrit,2023-11-15,Génie Informatique,S4,2023-2024
2467,1190,2022-2023,Nouveau,2018-12-16,Marketing,S4,2022-2023
2468,1191,2024-2025,Nouveau,2020-10-28,Génie Civil,S1,2024-2025
2469,1191,2020-2021,Réinscrit,2018-10-21,Génie Civil,S5,2020-2021
2470,1191,2020-2021,Réinscrit,2020-11-02,Génie Civil,S5,2020-2021
2471,1192,2024-2025,Nouveau,2021-07-16,Génie Electrique,S3,2024-2025
2472,1192,2023-2024,Réinscrit,2024-01-24,Génie Electrique,S6,2023-2024
2473,1193,2021-2022,Nouveau,2021-05-23,Génie Informatique,S2,2021-2022
2474,1193,2020-2021,Réinscrit,2019-05-06,Génie Informatique,S2,2020-2021
2475,1193,2022-2023,Réinscrit,2023-07-22,Génie Informatique,S5,2022-2023
2476,1193,2022-2023,Réinscrit,2022-02-26,Génie Informatique,S5,2022-2023
2477,1194,2021-2022,Nouveau,2023-12-07,Génie Electrique,S3,2021-2022
2478,1194,2024-2025,Réinscrit,2022-07-06,Génie Electrique,S3,2024-2025
2479,1195,2020-2021,Nouveau,2024-06-21,Génie Civil,S5,2020-2021
2480,1195,2021-2022,Réinscrit,2019-04-23,Génie Civil,S2,2021-2022
2481,1195,2024-2025,Réinscrit,2019-04-12,Génie Civil,S4,2024-2025
2482,1196,2021-2022,Nouveau,2020-11-29,Génie Civil,S6,2021-2022
2483,1196,2021-2022,Réinscrit,2019-06-08,Génie Civil,S3,2021-2022
2484,1196,2021-2022,Réinscrit,2024-01-01,Génie Civil,S6,2021-2022
2485,1197,2024-2025,Nouveau,2022-05-19,Génie Electrique,S5,2024-2025
2486,1197,2024-2025,Réinscrit,2022-06-06,Génie Electrique,S5,2024-2025
2487,1197,2022-2023,Réinscrit,2023-05-12,Génie Electrique,S3,2022-2023
2488,1197,2021-2022,Réinscrit,2019-11-04,Génie Electrique,S4,2021-2022
2489,1198,2023-2024,Nouveau,2021-02-15,Génie Informatique,S1,2023-2024
2490,1199,2021-2022,Nouveau,2023-11-24,Droit des Affaires,S5,2021-2022
2491,1199,2021-2022,Réinscrit,2021-05-07,Droit des Affaires,S4,2021-2022
2492,1200,2023-2024,Nouveau,2020-12-19,Génie Electrique,S4,2023-2024
2493,1200,2021-2022,Réinscrit,2018-09-28,Génie Electrique,S3,2021-2022
2494,1200,2020-2021,Réinscrit,2019-06-30,Génie Electrique,S3,2020-2021
2495,1201,2024-2025,Nouveau,2019-12-16,Marketing,S2,2024-2025
2496,1202,2023-2024,Nouveau,2020-11-05,Marketing,S6,2023-2024
2497,1202,2024-2025,Réinscrit,2022-09-14,Marketing,S1,2024-2025
2498,1202,2020-2021,Réinscrit,2020-11-24,Marketing,S2,2020-2021
2499,1203,2021-2022,Nouveau,2021-02-13,Marketing,S3,2021-2022
2500,1203,2021-2022,Réinscrit,2022-06-23,Marketing,S5,2021-2022
2501,1203,2021-2022,Réinscrit,2020-09-01,Marketing,S2,2021-2022
2502,1204,2021-2022,Nouveau,2021-08-08,Marketing,S1,2021-2022
2503,1205,2021-2022,Nouveau,2022-12-01,Marketing,S6,2021-2022
2504,1206,2022-2023,Nouveau,2021-01-09,Génie Civil,S3,2022-2023
2505,1207,2021-2022,Nouveau,2022-10-24,Génie Informatique,S3,2021-2022
2506,1207,2021-2022,Réinscrit,2024-07-29,Génie Informatique,S5,2021-2022
2507,1207,2023-2024,Réinscrit,2019-05-26,Génie Informatique,S1,2023-2024
2508,1207,2021-2022,Réinscrit,2020-02-18,Génie Informatique,S2,2021-2022
2509,1208,2024-2025,Nouveau,2022-11-28,Génie Informatique,S6,2024-2025
2510,1208,2022-2023,Réinscrit,2022-03-26,Génie Informatique,S5,2022-2023
2511,1209,2021-2022,Nouveau,2019-03-09,Finance & Comptabilité,S5,2021-2022
2512,1209,2024-2025,Réinscrit,2020-10-14,Finance & Comptabilité,S5,2024-2025
2513,1209,2022-2023,Réinscrit,2020-05-01,Finance & Comptabilité,S3,2022-2023
2514,1209,2021-2022,Réinscrit,2019-04-07,Finance & Comptabilité,S6,2021-2022
2515,1210,2021-2022,Nouveau,2024-05-13,Génie Electrique,S5,2021-2022
2516,1210,2023-2024,Réinscrit,2021-01-05,Génie Electrique,S6,2023-2024
2517,1210,2020-2021,Réinscrit,2023-12-11,Génie Electrique,S6,2020-2021
2518,1211,2021-2022,Nouveau,2024-05-15,Génie Civil,S4,2021-2022
2519,1212,2023-2024,Nouveau,2024-06-26,Génie Civil,S4,2023-2024
2520,1212,2021-2022,Réinscrit,2022-04-11,Génie Civil,S6,2021-2022
2521,1212,2022-2023,Réinscrit,2024-07-23,Génie Civil,S6,2022-2023
2522,1213,2023-2024,Nouveau,2023-12-24,Génie Electrique,S3,2023-2024
2523,1213,2024-2025,Réinscrit,2023-03-01,Génie Electrique,S6,2024-2025
2524,1213,2024-2025,Réinscrit,2019-01-28,Génie Electrique,S2,2024-2025
2525,1213,2021-2022,Réinscrit,2020-12-10,Génie Electrique,S4,2021-2022
2526,1214,2023-2024,Nouveau,2021-02-12,Génie Electrique,S3,2023-2024
2527,1214,2023-2024,Réinscrit,2022-11-23,Génie Electrique,S5,2023-2024
2528,1215,2022-2023,Nouveau,2021-07-09,Marketing,S5,2022-2023
2529,1215,2020-2021,Réinscrit,2020-03-04,Marketing,S1,2020-2021
2530,1216,2023-2024,Nouveau,2024-06-26,Génie Civil,S3,2023-2024
2531,1216,2021-2022,Réinscrit,2019-02-16,Génie Civil,S4,2021-2022
2532,1216,2024-2025,Réinscrit,2022-06-09,Génie Civil,S4,2024-2025
2533,1217,2023-2024,Nouveau,2023-07-08,Génie Civil,S4,2023-2024
2534,1217,2022-2023,Réinscrit,2024-03-30,Génie Civil,S3,2022-2023
2535,1217,2022-2023,Réinscrit,2022-12-15,Génie Civil,S1,2022-2023
2536,1217,2021-2022,Réinscrit,2023-08-15,Génie Civil,S2,2021-2022
2537,1218,2020-2021,Nouveau,2022-09-10,Génie Electrique,S1,2020-2021
2538,1218,2022-2023,Réinscrit,2024-04-17,Génie Electrique,S5,2022-2023
2539,1218,2024-2025,Réinscrit,2019-07-18,Génie Electrique,S3,2024-2025
2540,1219,2020-2021,Nouveau,2019-12-30,Génie Electrique,S1,2020-2021
2541,1219,2022-2023,Réinscrit,2019-02-04,Génie Electrique,S5,2022-2023
2542,1220,2022-2023,Nouveau,2020-11-14,Génie Informatique,S6,2022-2023
2543,1220,2022-2023,Réinscrit,2021-06-21,Génie Informatique,S3,2022-2023
2544,1221,2021-2022,Nouveau,2020-03-18,Marketing,S6,2021-2022
2545,1221,2024-2025,Réinscrit,2021-08-05,Marketing,S1,2024-2025
2546,1221,2022-2023,Réinscrit,2021-10-29,Marketing,S3,2022-2023
2547,1222,2023-2024,Nouveau,2018-10-19,Finance & Comptabilité,S4,2023-2024
2548,1222,2024-2025,Réinscrit,2020-05-04,Finance & Comptabilité,S4,2024-2025
2549,1222,2021-2022,Réinscrit,2021-03-18,Finance & Comptabilité,S6,2021-2022
2550,1222,2021-2022,Réinscrit,2023-12-27,Finance & Comptabilité,S2,2021-2022
2551,1223,2023-2024,Nouveau,2022-06-27,Marketing,S1,2023-2024
2552,1223,2022-2023,Réinscrit,2020-10-09,Marketing,S4,2022-2023
2553,1223,2023-2024,Réinscrit,2021-01-06,Marketing,S4,2023-2024
2554,1223,2023-2024,Réinscrit,2019-01-02,Marketing,S3,2023-2024
2555,1224,2024-2025,Nouveau,2020-02-08,Génie Civil,S3,2024-2025
2556,1224,2020-2021,Réinscrit,2024-04-09,Génie Civil,S6,2020-2021
2557,1225,2022-2023,Nouveau,2021-03-12,Droit des Affaires,S4,2022-2023
2558,1225,2023-2024,Réinscrit,2023-03-11,Droit des Affaires,S6,2023-2024
2559,1225,2024-2025,Réinscrit,2022-01-10,Droit des Affaires,S3,2024-2025
2560,1226,2024-2025,Nouveau,2019-01-10,Génie Informatique,S2,2024-2025
2561,1227,2022-2023,Nouveau,2023-01-19,Droit des Affaires,S4,2022-2023
2562,1227,2021-2022,Réinscrit,2023-01-18,Droit des Affaires,S1,2021-2022
2563,1228,2021-2022,Nouveau,2023-12-28,Génie Electrique,S1,2021-2022
2564,1228,2022-2023,Réinscrit,2023-09-24,Génie Electrique,S6,2022-2023
2565,1228,2022-2023,Réinscrit,2019-09-17,Génie Electrique,S2,2022-2023
2566,1228,2020-2021,Réinscrit,2020-08-28,Génie Electrique,S1,2020-2021
2567,1229,2020-2021,Nouveau,2020-10-04,Finance & Comptabilité,S2,2020-2021
2568,1229,2020-2021,Réinscrit,2022-12-29,Finance & Comptabilité,S3,2020-2021
2569,1229,2021-2022,Réinscrit,2021-04-12,Finance & Comptabilité,S3,2021-2022
2570,1229,2024-2025,Réinscrit,2019-06-14,Finance & Comptabilité,S4,2024-2025
2571,1230,2022-2023,Nouveau,2024-06-24,Génie Civil,S1,2022-2023
2572,1231,2022-2023,Nouveau,2023-04-10,Finance & Comptabilité,S4,2022-2023
2573,1231,2021-2022,Réinscrit,2019-11-28,Finance & Comptabilité,S2,2021-2022
2574,1232,2023-2024,Nouveau,2019-06-09,Droit des Affaires,S4,2023-2024
2575,1232,2021-2022,Réinscrit,2020-02-15,Droit des Affaires,S2,2021-2022
2576,1232,2022-2023,Réinscrit,2023-07-07,Droit des Affaires,S6,2022-2023
2577,1232,2023-2024,Réinscrit,2020-06-12,Droit des Affaires,S5,2023-2024
2578,1233,2024-2025,Nouveau,2020-12-10,Droit des Affaires,S5,2024-2025
2579,1233,2023-2024,Réinscrit,2021-10-03,Droit des Affaires,S2,2023-2024
2580,1233,2020-2021,Réinscrit,2020-04-07,Droit des Affaires,S4,2020-2021
2581,1234,2023-2024,Nouveau,2021-06-08,Marketing,S5,2023-2024
2582,1235,2024-2025,Nouveau,2024-03-03,Génie Informatique,S4,2024-2025
2583,1235,2023-2024,Réinscrit,2019-02-08,Génie Informatique,S6,2023-2024
2584,1235,2020-2021,Réinscrit,2021-11-23,Génie Informatique,S6,2020-2021
2585,1236,2022-2023,Nouveau,2022-01-01,Marketing,S4,2022-2023
2586,1236,2024-2025,Réinscrit,2020-08-18,Marketing,S4,2024-2025
2587,1236,2021-2022,Réinscrit,2020-09-05,Marketing,S5,2021-2022
2588,1236,2023-2024,Réinscrit,2023-10-20,Marketing,S4,2023-2024
2589,1237,2024-2025,Nouveau,2019-09-27,Droit des Affaires,S4,2024-2025
2590,1237,2020-2021,Réinscrit,2021-05-09,Droit des Affaires,S2,2020-2021
2591,1238,2024-2025,Nouveau,2021-12-09,Génie Electrique,S6,2024-2025
2592,1238,2020-2021,Réinscrit,2021-02-06,Génie Electrique,S4,2020-2021
2593,1238,2023-2024,Réinscrit,2020-01-10,Génie Electrique,S3,2023-2024
2594,1239,2020-2021,Nouveau,2024-04-28,Génie Informatique,S3,2020-2021
2595,1240,2023-2024,Nouveau,2020-07-07,Droit des Affaires,S3,2023-2024
2596,1240,2021-2022,Réinscrit,2024-05-04,Droit des Affaires,S1,2021-2022
2597,1240,2023-2024,Réinscrit,2018-12-19,Droit des Affaires,S1,2023-2024
2598,1240,2023-2024,Réinscrit,2022-12-10,Droit des Affaires,S3,2023-2024
2599,1241,2021-2022,Nouveau,2023-02-11,Marketing,S1,2021-2022
2600,1241,2020-2021,Réinscrit,2021-06-23,Marketing,S1,2020-2021
2601,1241,2021-2022,Réinscrit,2022-05-02,Marketing,S6,2021-2022
2602,1241,2023-2024,Réinscrit,2024-02-07,Marketing,S4,2023-2024
2603,1242,2020-2021,Nouveau,2021-05-20,Finance & Comptabilité,S6,2020-2021
2604,1243,2021-2022,Nouveau,2023-12-12,Génie Informatique,S3,2021-2022
2605,1243,2021-2022,Réinscrit,2020-07-30,Génie Informatique,S1,2021-2022
2606,1243,2024-2025,Réinscrit,2019-10-17,Génie Informatique,S2,2024-2025
2607,1243,2022-2023,Réinscrit,2020-01-22,Génie Informatique,S5,2022-2023
2608,1244,2021-2022,Nouveau,2019-07-15,Génie Informatique,S6,2021-2022
2609,1244,2020-2021,Réinscrit,2021-09-24,Génie Informatique,S2,2020-2021
2610,1244,2023-2024,Réinscrit,2022-09-06,Génie Informatique,S2,2023-2024
2611,1244,2021-2022,Réinscrit,2019-01-20,Génie Informatique,S6,2021-2022
2612,1245,2023-2024,Nouveau,2019-03-15,Génie Electrique,S6,2023-2024
2613,1245,2024-2025,Réinscrit,2019-10-27,Génie Electrique,S4,2024-2025
2614,1246,2023-2024,Nouveau,2019-04-03,Génie Electrique,S5,2023-2024
2615,1246,2020-2021,Réinscrit,2019-03-19,Génie Electrique,S4,2020-2021
2616,1246,2021-2022,Réinscrit,2021-06-19,Génie Electrique,S3,2021-2022
2617,1247,2021-2022,Nouveau,2019-09-10,Finance & Comptabilité,S1,2021-2022
2618,1247,2023-2024,Réinscrit,2018-12-24,Finance & Comptabilité,S1,2023-2024
2619,1248,2021-2022,Nouveau,2019-05-17,Finance & Comptabilité,S2,2021-2022
2620,1248,2020-2021,Réinscrit,2020-07-19,Finance & Comptabilité,S6,2020-2021
2621,1248,2021-2022,Réinscrit,2019-02-28,Finance & Comptabilité,S4,2021-2022
2622,1249,2022-2023,Nouveau,2022-04-14,Génie Informatique,S5,2022-2023
2623,1250,2024-2025,Nouveau,2020-12-27,Génie Civil,S5,2024-2025
2624,1250,2023-2024,Réinscrit,2023-06-19,Génie Civil,S1,2023-2024
2625,1251,2021-2022,Nouveau,2019-11-08,Droit des Affaires,S3,2021-2022
2626,1251,2022-2023,Réinscrit,2020-08-12,Droit des Affaires,S1,2022-2023
2627,1252,2022-2023,Nouveau,2018-10-20,Droit des Affaires,S4,2022-2023
2628,1252,2021-2022,Réinscrit,2023-10-24,Droit des Affaires,S2,2021-2022
2629,1252,2020-2021,Réinscrit,2021-10-15,Droit des Affaires,S6,2020-2021
2630,1252,2024-2025,Réinscrit,2022-10-21,Droit des Affaires,S1,2024-2025
2631,1253,2021-2022,Nouveau,2023-04-11,Marketing,S3,2021-2022
2632,1254,2020-2021,Nouveau,2024-09-05,Génie Informatique,S5,2020-2021
2633,1254,2021-2022,Réinscrit,2021-06-28,Génie Informatique,S1,2021-2022
2634,1254,2024-2025,Réinscrit,2022-04-21,Génie Informatique,S6,2024-2025
2635,1254,2023-2024,Réinscrit,2020-02-27,Génie Informatique,S3,2023-2024
2636,1255,2022-2023,Nouveau,2024-01-27,Droit des Affaires,S1,2022-2023
2637,1255,2022-2023,Réinscrit,2018-11-12,Droit des Affaires,S5,2022-2023
2638,1256,2023-2024,Nouveau,2024-05-25,Droit des Affaires,S6,2023-2024
2639,1256,2021-2022,Réinscrit,2024-04-24,Droit des Affaires,S5,2021-2022
2640,1256,2020-2021,Réinscrit,2021-04-10,Droit des Affaires,S1,2020-2021
2641,1256,2024-2025,Réinscrit,2020-01-22,Droit des Affaires,S3,2024-2025
2642,1257,2023-2024,Nouveau,2021-05-25,Finance & Comptabilité,S5,2023-2024
2643,1257,2020-2021,Réinscrit,2019-05-04,Finance & Comptabilité,S2,2020-2021
2644,1258,2023-2024,Nouveau,2021-12-28,Génie Informatique,S2,2023-2024
2645,1258,2021-2022,Réinscrit,2022-11-18,Génie Informatique,S2,2021-2022
2646,1258,2020-2021,Réinscrit,2021-05-03,Génie Informatique,S6,2020-2021
2647,1259,2022-2023,Nouveau,2020-03-03,Génie Electrique,S3,2022-2023
2648,1259,2022-2023,Réinscrit,2019-02-10,Génie Electrique,S5,2022-2023
2649,1259,2023-2024,Réinscrit,2021-11-25,Génie Electrique,S1,2023-2024
2650,1259,2021-2022,Réinscrit,2022-05-19,Génie Electrique,S3,2021-2022
2651,1260,2021-2022,Nouveau,2024-09-18,Marketing,S1,2021-2022
2652,1260,2021-2022,Réinscrit,2021-02-28,Marketing,S5,2021-2022
2653,1261,2024-2025,Nouveau,2022-04-10,Génie Informatique,S2,2024-2025
2654,1261,2023-2024,Réinscrit,2018-09-25,Génie Informatique,S1,2023-2024
2655,1261,2023-2024,Réinscrit,2019-06-14,Génie Informatique,S2,2023-2024
2656,1261,2020-2021,Réinscrit,2020-04-02,Génie Informatique,S2,2020-2021
2657,1262,2020-2021,Nouveau,2020-08-12,Génie Electrique,S5,2020-2021
2658,1262,2024-2025,Réinscrit,2020-12-16,Génie Electrique,S2,2024-2025
2659,1263,2023-2024,Nouveau,2023-11-27,Marketing,S3,2023-2024
2660,1264,2021-2022,Nouveau,2021-05-31,Marketing,S4,2021-2022
2661,1264,2021-2022,Réinscrit,2021-06-16,Marketing,S3,2021-2022
2662,1265,2024-2025,Nouveau,2023-09-11,Génie Civil,S6,2024-2025
2663,1265,2021-2022,Réinscrit,2021-09-18,Génie Civil,S4,2021-2022
2664,1265,2020-2021,Réinscrit,2022-09-12,Génie Civil,S4,2020-2021
2665,1266,2021-2022,Nouveau,2023-12-12,Génie Electrique,S4,2021-2022
2666,1266,2023-2024,Réinscrit,2024-05-01,Génie Electrique,S5,2023-2024
2667,1266,2023-2024,Réinscrit,2020-05-31,Génie Electrique,S4,2023-2024
2668,1266,2020-2021,Réinscrit,2022-12-11,Génie Electrique,S4,2020-2021
2669,1267,2022-2023,Nouveau,2024-09-09,Marketing,S2,2022-2023
2670,1268,2022-2023,Nouveau,2022-12-07,Droit des Affaires,S4,2022-2023
2671,1268,2022-2023,Réinscrit,2023-10-02,Droit des Affaires,S3,2022-2023
2672,1269,2024-2025,Nouveau,2024-01-22,Génie Civil,S1,2024-2025
2673,1269,2022-2023,Réinscrit,2020-03-13,Génie Civil,S6,2022-2023
2674,1269,2023-2024,Réinscrit,2020-11-10,Génie Civil,S2,2023-2024
2675,1269,2021-2022,Réinscrit,2018-09-18,Génie Civil,S1,2021-2022
2676,1270,2023-2024,Nouveau,2023-03-16,Génie Civil,S4,2023-2024
2677,1270,2023-2024,Réinscrit,2022-11-07,Génie Civil,S4,2023-2024
2678,1270,2023-2024,Réinscrit,2022-02-12,Génie Civil,S6,2023-2024
2679,1271,2023-2024,Nouveau,2019-02-07,Génie Informatique,S1,2023-2024
2680,1272,2024-2025,Nouveau,2020-06-27,Droit des Affaires,S2,2024-2025
2681,1272,2023-2024,Réinscrit,2021-07-12,Droit des Affaires,S6,2023-2024
2682,1272,2022-2023,Réinscrit,2024-05-19,Droit des Affaires,S6,2022-2023
2683,1272,2023-2024,Réinscrit,2022-10-18,Droit des Affaires,S6,2023-2024
2684,1273,2023-2024,Nouveau,2023-06-03,Droit des Affaires,S6,2023-2024
2685,1274,2021-2022,Nouveau,2024-01-09,Finance & Comptabilité,S1,2021-2022
2686,1274,2022-2023,Réinscrit,2018-12-25,Finance & Comptabilité,S6,2022-2023
2687,1275,2022-2023,Nouveau,2023-10-10,Finance & Comptabilité,S6,2022-2023
2688,1275,2021-2022,Réinscrit,2021-07-08,Finance & Comptabilité,S2,2021-2022
2689,1276,2020-2021,Nouveau,2019-12-23,Marketing,S1,2020-2021
2690,1276,2023-2024,Réinscrit,2023-02-15,Marketing,S6,2023-2024
2691,1277,2024-2025,Nouveau,2020-10-13,Marketing,S4,2024-2025
2692,1278,2023-2024,Nouveau,2021-07-02,Marketing,S6,2023-2024
2693,1278,2022-2023,Réinscrit,2024-04-12,Marketing,S5,2022-2023
2694,1279,2024-2025,Nouveau,2022-02-13,Génie Informatique,S6,2024-2025
2695,1279,2023-2024,Réinscrit,2019-08-31,Génie Informatique,S1,2023-2024
2696,1279,2024-2025,Réinscrit,2022-07-12,Génie Informatique,S2,2024-2025
2697,1279,2022-2023,Réinscrit,2021-01-06,Génie Informatique,S6,2022-2023
2698,1280,2022-2023,Nouveau,2018-09-27,Génie Civil,S2,2022-2023
2699,1280,2023-2024,Réinscrit,2018-09-07,Génie Civil,S1,2023-2024
2700,1280,2020-2021,Réinscrit,2023-05-09,Génie Civil,S5,2020-2021
2701,1280,2023-2024,Réinscrit,2021-11-25,Génie Civil,S6,2023-2024
2702,1281,2021-2022,Nouveau,2020-08-23,Finance & Comptabilité,S3,2021-2022
2703,1281,2021-2022,Réinscrit,2020-03-04,Finance & Comptabilité,S2,2021-2022
2704,1281,2023-2024,Réinscrit,2020-09-15,Finance & Comptabilité,S5,2023-2024
2705,1281,2020-2021,Réinscrit,2023-09-20,Finance & Comptabilité,S5,2020-2021
2706,1282,2021-2022,Nouveau,2020-12-02,Génie Electrique,S1,2021-2022
2707,1282,2021-2022,Réinscrit,2020-10-25,Génie Electrique,S3,2021-2022
2708,1283,2023-2024,Nouveau,2019-11-22,Finance & Comptabilité,S6,2023-2024
2709,1283,2021-2022,Réinscrit,2019-07-24,Finance & Comptabilité,S3,2021-2022
2710,1283,2020-2021,Réinscrit,2022-11-26,Finance & Comptabilité,S1,2020-2021
2711,1283,2022-2023,Réinscrit,2019-05-22,Finance & Comptabilité,S3,2022-2023
2712,1284,2024-2025,Nouveau,2021-04-19,Génie Civil,S4,2024-2025
2713,1285,2020-2021,Nouveau,2018-10-09,Génie Civil,S1,2020-2021
2714,1285,2022-2023,Réinscrit,2018-09-30,Génie Civil,S6,2022-2023
2715,1285,2024-2025,Réinscrit,2019-02-19,Génie Civil,S1,2024-2025
2716,1285,2021-2022,Réinscrit,2024-07-10,Génie Civil,S1,2021-2022
2717,1286,2024-2025,Nouveau,2024-07-01,Génie Electrique,S3,2024-2025
2718,1286,2023-2024,Réinscrit,2023-12-22,Génie Electrique,S3,2023-2024
2719,1286,2024-2025,Réinscrit,2023-06-26,Génie Electrique,S3,2024-2025
2720,1286,2022-2023,Réinscrit,2022-07-07,Génie Electrique,S3,2022-2023
2721,1287,2022-2023,Nouveau,2023-02-19,Génie Informatique,S4,2022-2023
2722,1287,2024-2025,Réinscrit,2019-04-23,Génie Informatique,S3,2024-2025
2723,1288,2020-2021,Nouveau,2018-09-13,Finance & Comptabilité,S4,2020-2021
2724,1288,2023-2024,Réinscrit,2020-03-22,Finance & Comptabilité,S1,2023-2024
2725,1288,2024-2025,Réinscrit,2020-01-17,Finance & Comptabilité,S5,2024-2025
2726,1289,2021-2022,Nouveau,2022-10-19,Marketing,S4,2021-2022
2727,1289,2024-2025,Réinscrit,2023-12-30,Marketing,S5,2024-2025
2728,1289,2023-2024,Réinscrit,2020-10-09,Marketing,S1,2023-2024
2729,1290,2020-2021,Nouveau,2022-09-15,Droit des Affaires,S1,2020-2021
2730,1290,2022-2023,Réinscrit,2023-08-25,Droit des Affaires,S2,2022-2023
2731,1290,2024-2025,Réinscrit,2024-02-06,Droit des Affaires,S4,2024-2025
2732,1291,2022-2023,Nouveau,2023-06-19,Génie Informatique,S4,2022-2023
2733,1292,2023-2024,Nouveau,2021-12-17,Marketing,S5,2023-2024
2734,1293,2021-2022,Nouveau,2024-07-01,Finance & Comptabilité,S5,2021-2022
2735,1293,2024-2025,Réinscrit,2019-01-09,Finance & Comptabilité,S2,2024-2025
2736,1294,2020-2021,Nouveau,2022-01-17,Génie Electrique,S6,2020-2021
2737,1294,2024-2025,Réinscrit,2023-11-26,Génie Electrique,S2,2024-2025
2738,1294,2023-2024,Réinscrit,2019-12-18,Génie Electrique,S4,2023-2024
2739,1294,2024-2025,Réinscrit,2021-05-14,Génie Electrique,S2,2024-2025
2740,1295,2021-2022,Nouveau,2019-09-02,Génie Informatique,S1,2021-2022
2741,1295,2023-2024,Réinscrit,2018-12-29,Génie Informatique,S2,2023-2024
2742,1296,2023-2024,Nouveau,2021-10-23,Finance & Comptabilité,S2,2023-2024
2743,1296,2022-2023,Réinscrit,2024-01-03,Finance & Comptabilité,S6,2022-2023
2744,1296,2020-2021,Réinscrit,2020-03-10,Finance & Comptabilité,S5,2020-2021
2745,1297,2020-2021,Nouveau,2022-05-26,Marketing,S2,2020-2021
2746,1297,2024-2025,Réinscrit,2019-05-23,Marketing,S6,2024-2025
2747,1297,2022-2023,Réinscrit,2022-11-23,Marketing,S6,2022-2023
2748,1297,2023-2024,Réinscrit,2023-07-26,Marketing,S2,2023-2024
2749,1298,2022-2023,Nouveau,2019-12-18,Finance & Comptabilité,S3,2022-2023
2750,1298,2020-2021,Réinscrit,2019-12-01,Finance & Comptabilité,S1,2020-2021
2751,1299,2024-2025,Nouveau,2020-10-10,Droit des Affaires,S6,2024-2025
2752,1299,2020-2021,Réinscrit,2022-10-16,Droit des Affaires,S2,2020-2021
2753,1299,2022-2023,Réinscrit,2022-12-06,Droit des Affaires,S5,2022-2023
2754,1300,2022-2023,Nouveau,2019-05-12,Génie Civil,S5,2022-2023
2755,1301,2023-2024,Nouveau,2023-06-02,Génie Civil,S3,2023-2024
2756,1301,2022-2023,Réinscrit,2020-01-31,Génie Civil,S5,2022-2023
2757,1302,2020-2021,Nouveau,2023-02-06,Finance & Comptabilité,S1,2020-2021
2758,1302,2024-2025,Réinscrit,2023-10-31,Finance & Comptabilité,S3,2024-2025
2759,1303,2022-2023,Nouveau,2021-02-13,Marketing,S4,2022-2023
2760,1303,2023-2024,Réinscrit,2020-04-26,Marketing,S5,2023-2024
2761,1304,2021-2022,Nouveau,2019-01-19,Génie Civil,S5,2021-2022
2762,1304,2022-2023,Réinscrit,2022-02-17,Génie Civil,S5,2022-2023
2763,1304,2020-2021,Réinscrit,2021-09-25,Génie Civil,S6,2020-2021
2764,1305,2021-2022,Nouveau,2024-03-20,Finance & Comptabilité,S3,2021-2022
2765,1305,2023-2024,Réinscrit,2019-04-29,Finance & Comptabilité,S3,2023-2024
2766,1305,2021-2022,Réinscrit,2021-01-10,Finance & Comptabilité,S6,2021-2022
2767,1305,2021-2022,Réinscrit,2019-04-04,Finance & Comptabilité,S2,2021-2022
2768,1306,2023-2024,Nouveau,2022-01-08,Finance & Comptabilité,S6,2023-2024
2769,1306,2021-2022,Réinscrit,2018-11-28,Finance & Comptabilité,S5,2021-2022
2770,1306,2023-2024,Réinscrit,2022-06-14,Finance & Comptabilité,S4,2023-2024
2771,1306,2023-2024,Réinscrit,2022-07-28,Finance & Comptabilité,S4,2023-2024
2772,1307,2020-2021,Nouveau,2024-08-02,Droit des Affaires,S6,2020-2021
2773,1307,2022-2023,Réinscrit,2021-10-31,Droit des Affaires,S6,2022-2023
2774,1307,2021-2022,Réinscrit,2023-01-30,Droit des Affaires,S1,2021-2022
2775,1307,2021-2022,Réinscrit,2022-04-17,Droit des Affaires,S5,2021-2022
2776,1308,2022-2023,Nouveau,2023-10-19,Marketing,S6,2022-2023
2777,1309,2024-2025,Nouveau,2020-03-17,Génie Civil,S4,2024-2025
2778,1309,2023-2024,Réinscrit,2021-12-06,Génie Civil,S2,2023-2024
2779,1310,2021-2022,Nouveau,2020-11-10,Marketing,S6,2021-2022
2780,1310,2020-2021,Réinscrit,2022-09-23,Marketing,S6,2020-2021
2781,1311,2021-2022,Nouveau,2022-11-21,Marketing,S4,2021-2022
2782,1312,2020-2021,Nouveau,2019-09-29,Droit des Affaires,S3,2020-2021
2783,1312,2023-2024,Réinscrit,2020-09-05,Droit des Affaires,S1,2023-2024
2784,1313,2024-2025,Nouveau,2022-06-18,Marketing,S5,2024-2025
2785,1314,2021-2022,Nouveau,2023-03-13,Génie Civil,S2,2021-2022
2786,1314,2020-2021,Réinscrit,2019-12-31,Génie Civil,S2,2020-2021
2787,1314,2023-2024,Réinscrit,2024-02-23,Génie Civil,S3,2023-2024
2788,1314,2024-2025,Réinscrit,2020-08-07,Génie Civil,S6,2024-2025
2789,1315,2020-2021,Nouveau,2023-11-13,Génie Civil,S6,2020-2021
2790,1315,2023-2024,Réinscrit,2021-10-02,Génie Civil,S6,2023-2024
2791,1315,2023-2024,Réinscrit,2022-10-14,Génie Civil,S1,2023-2024
2792,1315,2020-2021,Réinscrit,2019-12-22,Génie Civil,S1,2020-2021
2793,1316,2023-2024,Nouveau,2024-05-19,Génie Informatique,S2,2023-2024
2794,1317,2024-2025,Nouveau,2024-01-17,Génie Electrique,S3,2024-2025
2795,1318,2024-2025,Nouveau,2020-09-11,Finance & Comptabilité,S4,2024-2025
2796,1319,2023-2024,Nouveau,2022-01-05,Génie Electrique,S5,2023-2024
2797,1319,2021-2022,Réinscrit,2019-10-13,Génie Electrique,S3,2021-2022
2798,1319,2020-2021,Réinscrit,2024-09-10,Génie Electrique,S2,2020-2021
2799,1319,2023-2024,Réinscrit,2018-11-20,Génie Electrique,S4,2023-2024
2800,1320,2020-2021,Nouveau,2024-06-26,Droit des Affaires,S5,2020-2021
2801,1320,2024-2025,Réinscrit,2020-01-22,Droit des Affaires,S2,2024-2025
2802,1320,2020-2021,Réinscrit,2020-09-10,Droit des Affaires,S5,2020-2021
2803,1320,2021-2022,Réinscrit,2018-09-22,Droit des Affaires,S5,2021-2022
2804,1321,2022-2023,Nouveau,2020-01-17,Marketing,S1,2022-2023
2805,1321,2021-2022,Réinscrit,2020-12-23,Marketing,S6,2021-2022
2806,1321,2021-2022,Réinscrit,2019-08-26,Marketing,S5,2021-2022
2807,1321,2022-2023,Réinscrit,2019-01-22,Marketing,S1,2022-2023
2808,1322,2024-2025,Nouveau,2022-01-05,Génie Informatique,S3,2024-2025
2809,1323,2023-2024,Nouveau,2018-09-01,Génie Informatique,S2,2023-2024
2810,1323,2022-2023,Réinscrit,2019-03-09,Génie Informatique,S5,2022-2023
2811,1324,2024-2025,Nouveau,2023-08-28,Droit des Affaires,S2,2024-2025
2812,1324,2024-2025,Réinscrit,2024-03-01,Droit des Affaires,S6,2024-2025
2813,1324,2022-2023,Réinscrit,2024-07-11,Droit des Affaires,S3,2022-2023
2814,1325,2020-2021,Nouveau,2019-03-03,Finance & Comptabilité,S2,2020-2021
2815,1325,2020-2021,Réinscrit,2020-10-10,Finance & Comptabilité,S2,2020-2021
2816,1326,2021-2022,Nouveau,2020-03-03,Finance & Comptabilité,S5,2021-2022
2817,1326,2024-2025,Réinscrit,2021-02-01,Finance & Comptabilité,S5,2024-2025
2818,1326,2022-2023,Réinscrit,2021-10-11,Finance & Comptabilité,S2,2022-2023
2819,1327,2020-2021,Nouveau,2021-07-11,Génie Electrique,S3,2020-2021
2820,1327,2023-2024,Réinscrit,2020-06-30,Génie Electrique,S4,2023-2024
2821,1327,2023-2024,Réinscrit,2019-08-08,Génie Electrique,S3,2023-2024
2822,1327,2023-2024,Réinscrit,2020-04-09,Génie Electrique,S5,2023-2024
2823,1328,2020-2021,Nouveau,2021-09-08,Génie Electrique,S6,2020-2021
2824,1328,2021-2022,Réinscrit,2022-11-03,Génie Electrique,S5,2021-2022
2825,1329,2023-2024,Nouveau,2020-05-21,Génie Civil,S3,2023-2024
2826,1329,2023-2024,Réinscrit,2022-12-01,Génie Civil,S1,2023-2024
2827,1330,2020-2021,Nouveau,2021-09-11,Génie Electrique,S1,2020-2021
2828,1330,2024-2025,Réinscrit,2019-11-25,Génie Electrique,S6,2024-2025
2829,1331,2020-2021,Nouveau,2022-05-12,Génie Electrique,S6,2020-2021
2830,1331,2020-2021,Réinscrit,2022-09-26,Génie Electrique,S3,2020-2021
2831,1331,2022-2023,Réinscrit,2020-04-22,Génie Electrique,S2,2022-2023
2832,1331,2022-2023,Réinscrit,2018-10-11,Génie Electrique,S1,2022-2023
2833,1332,2021-2022,Nouveau,2022-11-29,Marketing,S1,2021-2022
2834,1332,2020-2021,Réinscrit,2020-08-20,Marketing,S5,2020-2021
2835,1332,2022-2023,Réinscrit,2024-02-27,Marketing,S1,2022-2023
2836,1332,2024-2025,Réinscrit,2022-07-31,Marketing,S6,2024-2025
2837,1333,2024-2025,Nouveau,2021-09-15,Droit des Affaires,S5,2024-2025
2838,1333,2020-2021,Réinscrit,2019-03-16,Droit des Affaires,S2,2020-2021
2839,1333,2022-2023,Réinscrit,2023-01-13,Droit des Affaires,S2,2022-2023
2840,1334,2024-2025,Nouveau,2023-03-08,Génie Informatique,S4,2024-2025
2841,1334,2024-2025,Réinscrit,2020-02-05,Génie Informatique,S3,2024-2025
2842,1334,2020-2021,Réinscrit,2024-06-04,Génie Informatique,S6,2020-2021
2843,1335,2021-2022,Nouveau,2020-04-07,Génie Electrique,S4,2021-2022
2844,1335,2024-2025,Réinscrit,2021-08-31,Génie Electrique,S1,2024-2025
2845,1336,2021-2022,Nouveau,2023-05-11,Génie Civil,S6,2021-2022
2846,1336,2023-2024,Réinscrit,2020-09-19,Génie Civil,S4,2023-2024
2847,1336,2022-2023,Réinscrit,2023-12-03,Génie Civil,S5,2022-2023
2848,1337,2022-2023,Nouveau,2023-06-19,Génie Electrique,S5,2022-2023
2849,1337,2021-2022,Réinscrit,2022-02-02,Génie Electrique,S6,2021-2022
2850,1337,2020-2021,Réinscrit,2022-02-03,Génie Electrique,S4,2020-2021
2851,1338,2020-2021,Nouveau,2019-07-23,Marketing,S1,2020-2021
2852,1338,2021-2022,Réinscrit,2019-09-19,Marketing,S2,2021-2022
2853,1338,2024-2025,Réinscrit,2019-04-24,Marketing,S1,2024-2025
2854,1339,2024-2025,Nouveau,2024-03-11,Finance & Comptabilité,S1,2024-2025
2855,1339,2023-2024,Réinscrit,2024-05-15,Finance & Comptabilité,S6,2023-2024
2856,1339,2021-2022,Réinscrit,2024-01-17,Finance & Comptabilité,S4,2021-2022
2857,1340,2023-2024,Nouveau,2018-10-27,Marketing,S5,2023-2024
2858,1341,2020-2021,Nouveau,2023-06-07,Génie Civil,S6,2020-2021
2859,1341,2024-2025,Réinscrit,2022-07-15,Génie Civil,S2,2024-2025
2860,1342,2024-2025,Nouveau,2023-09-12,Finance & Comptabilité,S2,2024-2025
2861,1343,2021-2022,Nouveau,2019-07-05,Génie Informatique,S3,2021-2022
2862,1343,2021-2022,Réinscrit,2024-06-05,Génie Informatique,S3,2021-2022
2863,1344,2023-2024,Nouveau,2024-03-22,Génie Civil,S4,2023-2024
2864,1345,2022-2023,Nouveau,2019-12-08,Génie Civil,S3,2022-2023
2865,1345,2021-2022,Réinscrit,2024-09-17,Génie Civil,S1,2021-2022
2866,1346,2022-2023,Nouveau,2024-01-31,Droit des Affaires,S3,2022-2023
2867,1346,2022-2023,Réinscrit,2021-01-20,Droit des Affaires,S1,2022-2023
2868,1346,2024-2025,Réinscrit,2023-01-30,Droit des Affaires,S2,2024-2025
2869,1347,2024-2025,Nouveau,2019-01-24,Génie Electrique,S4,2024-2025
2870,1347,2024-2025,Réinscrit,2024-02-21,Génie Electrique,S1,2024-2025
2871,1347,2022-2023,Réinscrit,2018-09-25,Génie Electrique,S5,2022-2023
2872,1348,2022-2023,Nouveau,2022-01-05,Génie Civil,S3,2022-2023
2873,1348,2020-2021,Réinscrit,2018-09-22,Génie Civil,S3,2020-2021
2874,1348,2021-2022,Réinscrit,2023-03-05,Génie Civil,S3,2021-2022
2875,1348,2020-2021,Réinscrit,2019-10-21,Génie Civil,S4,2020-2021
2876,1349,2021-2022,Nouveau,2019-08-14,Droit des Affaires,S5,2021-2022
2877,1349,2024-2025,Réinscrit,2020-05-22,Droit des Affaires,S4,2024-2025
2878,1349,2020-2021,Réinscrit,2024-02-18,Droit des Affaires,S1,2020-2021
2879,1349,2021-2022,Réinscrit,2021-06-21,Droit des Affaires,S2,2021-2022
2880,1350,2023-2024,Nouveau,2022-11-12,Génie Informatique,S3,2023-2024
2881,1350,2022-2023,Réinscrit,2023-06-21,Génie Informatique,S2,2022-2023
2882,1350,2024-2025,Réinscrit,2021-09-08,Génie Informatique,S1,2024-2025
2883,1350,2023-2024,Réinscrit,2023-08-05,Génie Informatique,S2,2023-2024
2884,1351,2022-2023,Nouveau,2023-07-14,Génie Informatique,S1,2022-2023
2885,1351,2022-2023,Réinscrit,2020-11-21,Génie Informatique,S1,2022-2023
2886,1352,2022-2023,Nouveau,2019-02-12,Droit des Affaires,S2,2022-2023
2887,1352,2023-2024,Réinscrit,2023-05-22,Droit des Affaires,S6,2023-2024
2888,1353,2020-2021,Nouveau,2020-06-18,Génie Informatique,S6,2020-2021
2889,1353,2021-2022,Réinscrit,2024-01-16,Génie Informatique,S6,2021-2022
2890,1353,2022-2023,Réinscrit,2019-12-31,Génie Informatique,S4,2022-2023
2891,1354,2024-2025,Nouveau,2024-03-22,Génie Civil,S6,2024-2025
2892,1354,2021-2022,Réinscrit,2022-04-23,Génie Civil,S4,2021-2022
2893,1354,2024-2025,Réinscrit,2023-01-10,Génie Civil,S2,2024-2025
2894,1354,2020-2021,Réinscrit,2019-11-16,Génie Civil,S1,2020-2021
2895,1355,2021-2022,Nouveau,2022-07-11,Marketing,S5,2021-2022
2896,1355,2020-2021,Réinscrit,2021-04-26,Marketing,S1,2020-2021
2897,1356,2023-2024,Nouveau,2018-10-03,Génie Civil,S4,2023-2024
2898,1356,2023-2024,Réinscrit,2021-11-29,Génie Civil,S3,2023-2024
2899,1356,2023-2024,Réinscrit,2019-08-05,Génie Civil,S4,2023-2024
2900,1357,2024-2025,Nouveau,2020-05-17,Génie Electrique,S6,2024-2025
2901,1357,2024-2025,Réinscrit,2020-10-05,Génie Electrique,S2,2024-2025
2902,1358,2020-2021,Nouveau,2021-08-15,Génie Informatique,S6,2020-2021
2903,1358,2021-2022,Réinscrit,2023-06-24,Génie Informatique,S2,2021-2022
2904,1358,2023-2024,Réinscrit,2019-10-28,Génie Informatique,S6,2023-2024
2905,1359,2021-2022,Nouveau,2020-05-02,Génie Electrique,S2,2021-2022
2906,1359,2020-2021,Réinscrit,2020-02-24,Génie Electrique,S4,2020-2021
2907,1360,2022-2023,Nouveau,2020-10-27,Droit des Affaires,S2,2022-2023
2908,1361,2020-2021,Nouveau,2020-11-26,Génie Informatique,S1,2020-2021
2909,1361,2020-2021,Réinscrit,2022-12-06,Génie Informatique,S4,2020-2021
2910,1361,2024-2025,Réinscrit,2022-02-07,Génie Informatique,S6,2024-2025
2911,1361,2021-2022,Réinscrit,2021-02-25,Génie Informatique,S3,2021-2022
2912,1362,2023-2024,Nouveau,2019-05-10,Génie Electrique,S5,2023-2024
2913,1362,2023-2024,Réinscrit,2019-03-31,Génie Electrique,S3,2023-2024
2914,1362,2020-2021,Réinscrit,2021-09-07,Génie Electrique,S3,2020-2021
2915,1362,2022-2023,Réinscrit,2022-08-08,Génie Electrique,S6,2022-2023
2916,1363,2021-2022,Nouveau,2022-04-03,Finance & Comptabilité,S1,2021-2022
2917,1363,2021-2022,Réinscrit,2019-02-15,Finance & Comptabilité,S1,2021-2022
2918,1363,2020-2021,Réinscrit,2022-04-10,Finance & Comptabilité,S2,2020-2021
2919,1363,2022-2023,Réinscrit,2023-12-17,Finance & Comptabilité,S3,2022-2023
2920,1364,2023-2024,Nouveau,2020-09-27,Finance & Comptabilité,S3,2023-2024
2921,1365,2022-2023,Nouveau,2022-06-01,Génie Informatique,S3,2022-2023
2922,1365,2020-2021,Réinscrit,2019-10-02,Génie Informatique,S6,2020-2021
2923,1365,2020-2021,Réinscrit,2020-02-16,Génie Informatique,S3,2020-2021
2924,1365,2022-2023,Réinscrit,2022-09-20,Génie Informatique,S6,2022-2023
2925,1366,2021-2022,Nouveau,2021-10-05,Génie Electrique,S2,2021-2022
2926,1366,2024-2025,Réinscrit,2022-12-22,Génie Electrique,S1,2024-2025
2927,1366,2020-2021,Réinscrit,2020-02-17,Génie Electrique,S6,2020-2021
2928,1367,2020-2021,Nouveau,2020-10-20,Génie Civil,S2,2020-2021
2929,1368,2020-2021,Nouveau,2019-07-04,Droit des Affaires,S5,2020-2021
2930,1368,2024-2025,Réinscrit,2022-07-06,Droit des Affaires,S3,2024-2025
2931,1368,2023-2024,Réinscrit,2020-12-06,Droit des Affaires,S5,2023-2024
2932,1368,2021-2022,Réinscrit,2019-02-27,Droit des Affaires,S2,2021-2022
2933,1369,2023-2024,Nouveau,2021-07-01,Marketing,S5,2023-2024
2934,1369,2022-2023,Réinscrit,2022-10-09,Marketing,S4,2022-2023
2935,1370,2023-2024,Nouveau,2019-06-05,Génie Civil,S4,2023-2024
2936,1371,2024-2025,Nouveau,2024-04-25,Génie Civil,S1,2024-2025
2937,1371,2021-2022,Réinscrit,2021-09-27,Génie Civil,S6,2021-2022
2938,1371,2021-2022,Réinscrit,2021-11-30,Génie Civil,S1,2021-2022
2939,1371,2024-2025,Réinscrit,2019-05-08,Génie Civil,S6,2024-2025
2940,1372,2023-2024,Nouveau,2024-03-20,Marketing,S6,2023-2024
2941,1372,2024-2025,Réinscrit,2024-06-04,Marketing,S1,2024-2025
2942,1373,2023-2024,Nouveau,2024-05-18,Marketing,S4,2023-2024
2943,1373,2024-2025,Réinscrit,2023-01-16,Marketing,S4,2024-2025
2944,1374,2021-2022,Nouveau,2020-09-23,Génie Electrique,S1,2021-2022
2945,1374,2021-2022,Réinscrit,2021-02-09,Génie Electrique,S5,2021-2022
2946,1374,2020-2021,Réinscrit,2024-06-01,Génie Electrique,S4,2020-2021
2947,1375,2022-2023,Nouveau,2021-02-19,Marketing,S3,2022-2023
2948,1375,2022-2023,Réinscrit,2020-01-01,Marketing,S2,2022-2023
2949,1375,2021-2022,Réinscrit,2019-03-06,Marketing,S5,2021-2022
2950,1376,2022-2023,Nouveau,2019-02-08,Finance & Comptabilité,S6,2022-2023
2951,1376,2021-2022,Réinscrit,2021-10-12,Finance & Comptabilité,S2,2021-2022
2952,1377,2020-2021,Nouveau,2021-06-16,Marketing,S2,2020-2021
2953,1377,2024-2025,Réinscrit,2019-12-20,Marketing,S1,2024-2025
2954,1377,2022-2023,Réinscrit,2022-10-21,Marketing,S3,2022-2023
2955,1378,2024-2025,Nouveau,2021-08-17,Droit des Affaires,S6,2024-2025
2956,1379,2023-2024,Nouveau,2021-12-21,Génie Civil,S3,2023-2024
2957,1379,2020-2021,Réinscrit,2018-10-13,Génie Civil,S3,2020-2021
2958,1380,2022-2023,Nouveau,2020-08-24,Droit des Affaires,S3,2022-2023
2959,1380,2020-2021,Réinscrit,2024-09-10,Droit des Affaires,S6,2020-2021
2960,1381,2023-2024,Nouveau,2021-07-21,Droit des Affaires,S6,2023-2024
2961,1382,2023-2024,Nouveau,2021-02-20,Droit des Affaires,S3,2023-2024
2962,1382,2022-2023,Réinscrit,2020-12-14,Droit des Affaires,S5,2022-2023
2963,1383,2021-2022,Nouveau,2023-09-02,Génie Informatique,S2,2021-2022
2964,1383,2023-2024,Réinscrit,2022-10-19,Génie Informatique,S2,2023-2024
2965,1383,2023-2024,Réinscrit,2019-09-19,Génie Informatique,S4,2023-2024
2966,1383,2021-2022,Réinscrit,2023-10-26,Génie Informatique,S2,2021-2022
2967,1384,2021-2022,Nouveau,2024-03-02,Finance & Comptabilité,S6,2021-2022
2968,1384,2021-2022,Réinscrit,2021-10-30,Finance & Comptabilité,S1,2021-2022
2969,1385,2021-2022,Nouveau,2020-08-28,Marketing,S4,2021-2022
2970,1385,2024-2025,Réinscrit,2020-10-09,Marketing,S1,2024-2025
2971,1385,2021-2022,Réinscrit,2019-06-23,Marketing,S4,2021-2022
2972,1386,2023-2024,Nouveau,2023-03-07,Droit des Affaires,S1,2023-2024
2973,1386,2024-2025,Réinscrit,2020-03-16,Droit des Affaires,S6,2024-2025
2974,1387,2024-2025,Nouveau,2019-10-14,Marketing,S4,2024-2025
2975,1388,2020-2021,Nouveau,2019-11-25,Génie Informatique,S1,2020-2021
2976,1388,2020-2021,Réinscrit,2020-02-24,Génie Informatique,S2,2020-2021
2977,1388,2020-2021,Réinscrit,2021-09-01,Génie Informatique,S2,2020-2021
2978,1388,2024-2025,Réinscrit,2018-10-26,Génie Informatique,S1,2024-2025
2979,1389,2024-2025,Nouveau,2022-06-18,Génie Electrique,S6,2024-2025
2980,1390,2021-2022,Nouveau,2020-03-24,Génie Civil,S4,2021-2022
2981,1391,2021-2022,Nouveau,2022-02-11,Génie Informatique,S3,2021-2022
2982,1391,2023-2024,Réinscrit,2020-05-25,Génie Informatique,S2,2023-2024
2983,1391,2020-2021,Réinscrit,2021-08-31,Génie Informatique,S6,2020-2021
2984,1391,2024-2025,Réinscrit,2020-01-18,Génie Informatique,S1,2024-2025
2985,1392,2020-2021,Nouveau,2021-12-29,Génie Electrique,S1,2020-2021
2986,1393,2021-2022,Nouveau,2018-09-05,Génie Civil,S2,2021-2022
2987,1393,2020-2021,Réinscrit,2021-03-17,Génie Civil,S4,2020-2021
2988,1393,2023-2024,Réinscrit,2020-04-26,Génie Civil,S3,2023-2024
2989,1393,2022-2023,Réinscrit,2021-03-14,Génie Civil,S6,2022-2023
2990,1394,2020-2021,Nouveau,2024-03-07,Droit des Affaires,S2,2020-2021
2991,1394,2020-2021,Réinscrit,2021-03-08,Droit des Affaires,S1,2020-2021
2992,1394,2022-2023,Réinscrit,2022-09-03,Droit des Affaires,S1,2022-2023
2993,1394,2024-2025,Réinscrit,2022-05-29,Droit des Affaires,S1,2024-2025
2994,1395,2020-2021,Nouveau,2019-02-25,Marketing,S5,2020-2021
2995,1395,2021-2022,Réinscrit,2020-08-30,Marketing,S4,2021-2022
2996,1395,2024-2025,Réinscrit,2022-06-03,Marketing,S5,2024-2025
2997,1396,2023-2024,Nouveau,2020-05-08,Génie Electrique,S6,2023-2024
2998,1396,2022-2023,Réinscrit,2021-11-19,Génie Electrique,S3,2022-2023
2999,1397,2022-2023,Nouveau,2024-04-06,Génie Informatique,S6,2022-2023
3000,1398,2022-2023,Nouveau,2019-07-10,Finance & Comptabilité,S1,2022-2023
3001,1398,2021-2022,Réinscrit,2020-04-23,Finance & Comptabilité,S3,2021-2022
3002,1398,2021-2022,Réinscrit,2023-01-17,Finance & Comptabilité,S4,2021-2022
3003,1399,2020-2021,Nouveau,2019-12-08,Droit des Affaires,S5,2020-2021
3004,1399,2023-2024,Réinscrit,2021-10-15,Droit des Affaires,S2,2023-2024
3005,1399,2020-2021,Réinscrit,2022-04-16,Droit des Affaires,S2,2020-2021
3006,1399,2021-2022,Réinscrit,2022-12-26,Droit des Affaires,S3,2021-2022
3007,1400,2023-2024,Nouveau,2023-06-03,Génie Informatique,S4,2023-2024
3008,1400,2023-2024,Réinscrit,2022-05-28,Génie Informatique,S2,2023-2024
3009,1400,2021-2022,Réinscrit,2022-12-18,Génie Informatique,S4,2021-2022
3010,1401,2024-2025,Nouveau,2024-08-26,Génie Informatique,S4,2024-2025
3011,1401,2024-2025,Réinscrit,2024-09-05,Génie Informatique,S2,2024-2025
3012,1401,2023-2024,Réinscrit,2019-08-09,Génie Informatique,S5,2023-2024
3013,1401,2023-2024,Réinscrit,2024-07-29,Génie Informatique,S5,2023-2024
3014,1402,2020-2021,Nouveau,2021-04-21,Finance & Comptabilité,S3,2020-2021
3015,1402,2020-2021,Réinscrit,2020-12-11,Finance & Comptabilité,S1,2020-2021
3016,1403,2024-2025,Nouveau,2023-12-25,Droit des Affaires,S2,2024-2025
3017,1403,2020-2021,Réinscrit,2019-05-03,Droit des Affaires,S3,2020-2021
3018,1403,2022-2023,Réinscrit,2020-03-24,Droit des Affaires,S3,2022-2023
3019,1404,2021-2022,Nouveau,2023-05-22,Génie Electrique,S2,2021-2022
3020,1404,2021-2022,Réinscrit,2021-03-08,Génie Electrique,S1,2021-2022
3021,1404,2021-2022,Réinscrit,2019-12-25,Génie Electrique,S6,2021-2022
3022,1404,2021-2022,Réinscrit,2022-11-25,Génie Electrique,S6,2021-2022
3023,1405,2023-2024,Nouveau,2022-11-01,Droit des Affaires,S1,2023-2024
3024,1406,2024-2025,Nouveau,2019-06-30,Droit des Affaires,S4,2024-2025
3025,1407,2020-2021,Nouveau,2020-04-24,Génie Electrique,S3,2020-2021
3026,1407,2021-2022,Réinscrit,2019-07-21,Génie Electrique,S2,2021-2022
3027,1408,2020-2021,Nouveau,2023-05-03,Génie Informatique,S2,2020-2021
3028,1409,2023-2024,Nouveau,2020-03-27,Génie Informatique,S6,2023-2024
3029,1409,2024-2025,Réinscrit,2022-01-09,Génie Informatique,S4,2024-2025
3030,1410,2022-2023,Nouveau,2023-08-24,Génie Electrique,S6,2022-2023
3031,1410,2020-2021,Réinscrit,2021-11-18,Génie Electrique,S1,2020-2021
3032,1410,2021-2022,Réinscrit,2019-05-04,Génie Electrique,S6,2021-2022
3033,1410,2020-2021,Réinscrit,2020-08-11,Génie Electrique,S5,2020-2021
3034,1411,2020-2021,Nouveau,2023-02-10,Droit des Affaires,S4,2020-2021
3035,1411,2023-2024,Réinscrit,2021-07-23,Droit des Affaires,S5,2023-2024
3036,1412,2021-2022,Nouveau,2023-06-02,Finance & Comptabilité,S2,2021-2022
3037,1412,2022-2023,Réinscrit,2019-09-12,Finance & Comptabilité,S5,2022-2023
3038,1412,2023-2024,Réinscrit,2020-01-26,Finance & Comptabilité,S6,2023-2024
3039,1413,2023-2024,Nouveau,2019-04-18,Génie Civil,S2,2023-2024
3040,1413,2023-2024,Réinscrit,2020-09-22,Génie Civil,S6,2023-2024
3041,1414,2023-2024,Nouveau,2024-01-08,Finance & Comptabilité,S3,2023-2024
3042,1415,2023-2024,Nouveau,2020-07-07,Marketing,S1,2023-2024
3043,1415,2022-2023,Réinscrit,2023-06-04,Marketing,S2,2022-2023
3044,1415,2022-2023,Réinscrit,2019-11-19,Marketing,S1,2022-2023
3045,1415,2020-2021,Réinscrit,2022-09-25,Marketing,S5,2020-2021
3046,1416,2020-2021,Nouveau,2021-05-09,Droit des Affaires,S3,2020-2021
3047,1416,2021-2022,Réinscrit,2024-09-27,Droit des Affaires,S1,2021-2022
3048,1416,2020-2021,Réinscrit,2021-01-15,Droit des Affaires,S5,2020-2021
3049,1417,2022-2023,Nouveau,2020-10-08,Génie Informatique,S5,2022-2023
3050,1418,2020-2021,Nouveau,2021-05-12,Génie Electrique,S3,2020-2021
3051,1418,2020-2021,Réinscrit,2019-03-03,Génie Electrique,S5,2020-2021
3052,1419,2020-2021,Nouveau,2019-03-16,Finance & Comptabilité,S3,2020-2021
3053,1419,2020-2021,Réinscrit,2022-02-16,Finance & Comptabilité,S1,2020-2021
3054,1419,2022-2023,Réinscrit,2021-10-31,Finance & Comptabilité,S4,2022-2023
3055,1419,2024-2025,Réinscrit,2020-11-07,Finance & Comptabilité,S3,2024-2025
3056,1420,2022-2023,Nouveau,2020-02-13,Marketing,S6,2022-2023
3057,1420,2020-2021,Réinscrit,2022-05-20,Marketing,S4,2020-2021
3058,1420,2024-2025,Réinscrit,2019-10-19,Marketing,S5,2024-2025
3059,1420,2021-2022,Réinscrit,2018-12-07,Marketing,S5,2021-2022
3060,1421,2023-2024,Nouveau,2019-02-01,Marketing,S3,2023-2024
3061,1421,2021-2022,Réinscrit,2020-05-13,Marketing,S6,2021-2022
3062,1421,2023-2024,Réinscrit,2019-07-20,Marketing,S6,2023-2024
3063,1421,2020-2021,Réinscrit,2021-04-06,Marketing,S2,2020-2021
3064,1422,2021-2022,Nouveau,2024-04-16,Génie Informatique,S5,2021-2022
3065,1422,2024-2025,Réinscrit,2024-07-14,Génie Informatique,S3,2024-2025
3066,1423,2021-2022,Nouveau,2022-06-20,Génie Civil,S3,2021-2022
3067,1423,2022-2023,Réinscrit,2023-07-01,Génie Civil,S1,2022-2023
3068,1423,2023-2024,Réinscrit,2021-05-07,Génie Civil,S2,2023-2024
3069,1423,2024-2025,Réinscrit,2019-07-05,Génie Civil,S2,2024-2025
3070,1424,2020-2021,Nouveau,2018-11-01,Génie Civil,S2,2020-2021
3071,1424,2022-2023,Réinscrit,2019-08-24,Génie Civil,S4,2022-2023
3072,1424,2020-2021,Réinscrit,2023-10-07,Génie Civil,S3,2020-2021
3073,1424,2021-2022,Réinscrit,2021-12-24,Génie Civil,S2,2021-2022
3074,1425,2022-2023,Nouveau,2022-09-28,Marketing,S3,2022-2023
3075,1426,2020-2021,Nouveau,2020-09-03,Finance & Comptabilité,S6,2020-2021
3076,1427,2022-2023,Nouveau,2023-12-22,Marketing,S3,2022-2023
3077,1427,2023-2024,Réinscrit,2020-03-29,Marketing,S1,2023-2024
3078,1427,2024-2025,Réinscrit,2024-02-21,Marketing,S1,2024-2025
3079,1427,2022-2023,Réinscrit,2021-11-18,Marketing,S4,2022-2023
3080,1428,2024-2025,Nouveau,2020-02-11,Droit des Affaires,S4,2024-2025
3081,1428,2022-2023,Réinscrit,2024-05-31,Droit des Affaires,S5,2022-2023
3082,1428,2022-2023,Réinscrit,2022-11-09,Droit des Affaires,S1,2022-2023
3083,1428,2023-2024,Réinscrit,2024-05-04,Droit des Affaires,S4,2023-2024
3084,1429,2020-2021,Nouveau,2019-04-22,Génie Informatique,S6,2020-2021
3085,1429,2021-2022,Réinscrit,2018-10-03,Génie Informatique,S2,2021-2022
3086,1429,2020-2021,Réinscrit,2021-12-04,Génie Informatique,S4,2020-2021
3087,1430,2024-2025,Nouveau,2023-02-22,Génie Informatique,S1,2024-2025
3088,1430,2021-2022,Réinscrit,2023-01-08,Génie Informatique,S4,2021-2022
3089,1431,2022-2023,Nouveau,2023-11-22,Génie Civil,S4,2022-2023
3090,1432,2020-2021,Nouveau,2019-08-18,Marketing,S2,2020-2021
3091,1432,2020-2021,Réinscrit,2023-02-12,Marketing,S4,2020-2021
3092,1432,2021-2022,Réinscrit,2023-03-03,Marketing,S3,2021-2022
3093,1432,2020-2021,Réinscrit,2022-03-23,Marketing,S3,2020-2021
3094,1433,2021-2022,Nouveau,2024-01-03,Génie Electrique,S1,2021-2022
3095,1433,2022-2023,Réinscrit,2023-10-06,Génie Electrique,S1,2022-2023
3096,1433,2024-2025,Réinscrit,2020-05-30,Génie Electrique,S4,2024-2025
3097,1433,2021-2022,Réinscrit,2021-01-22,Génie Electrique,S3,2021-2022
3098,1434,2024-2025,Nouveau,2022-12-06,Génie Electrique,S1,2024-2025
3099,1435,2023-2024,Nouveau,2023-12-23,Finance & Comptabilité,S2,2023-2024
3100,1435,2020-2021,Réinscrit,2021-01-14,Finance & Comptabilité,S1,2020-2021
3101,1435,2023-2024,Réinscrit,2021-09-10,Finance & Comptabilité,S3,2023-2024
3102,1436,2020-2021,Nouveau,2020-04-03,Finance & Comptabilité,S1,2020-2021
3103,1436,2022-2023,Réinscrit,2023-03-18,Finance & Comptabilité,S1,2022-2023
3104,1437,2023-2024,Nouveau,2023-05-17,Droit des Affaires,S5,2023-2024
3105,1437,2021-2022,Réinscrit,2021-07-29,Droit des Affaires,S2,2021-2022
3106,1437,2020-2021,Réinscrit,2019-09-14,Droit des Affaires,S4,2020-2021
3107,1438,2022-2023,Nouveau,2020-07-05,Génie Civil,S2,2022-2023
3108,1438,2022-2023,Réinscrit,2023-05-14,Génie Civil,S4,2022-2023
3109,1438,2023-2024,Réinscrit,2024-09-02,Génie Civil,S6,2023-2024
3110,1439,2023-2024,Nouveau,2022-08-23,Génie Informatique,S6,2023-2024
3111,1439,2024-2025,Réinscrit,2023-01-11,Génie Informatique,S1,2024-2025
3112,1440,2020-2021,Nouveau,2020-04-15,Génie Electrique,S3,2020-2021
3113,1440,2022-2023,Réinscrit,2018-10-29,Génie Electrique,S2,2022-2023
3114,1441,2021-2022,Nouveau,2024-04-07,Droit des Affaires,S3,2021-2022
3115,1441,2020-2021,Réinscrit,2023-03-23,Droit des Affaires,S3,2020-2021
3116,1441,2024-2025,Réinscrit,2018-09-16,Droit des Affaires,S4,2024-2025
3117,1441,2021-2022,Réinscrit,2023-09-15,Droit des Affaires,S6,2021-2022
3118,1442,2020-2021,Nouveau,2021-02-12,Génie Electrique,S6,2020-2021
3119,1443,2023-2024,Nouveau,2020-07-12,Génie Electrique,S5,2023-2024
3120,1443,2023-2024,Réinscrit,2021-02-02,Génie Electrique,S3,2023-2024
3121,1444,2021-2022,Nouveau,2018-10-29,Droit des Affaires,S3,2021-2022
3122,1444,2022-2023,Réinscrit,2018-11-06,Droit des Affaires,S3,2022-2023
3123,1445,2024-2025,Nouveau,2020-01-24,Génie Electrique,S6,2024-2025
3124,1445,2023-2024,Réinscrit,2023-10-12,Génie Electrique,S4,2023-2024
3125,1445,2023-2024,Réinscrit,2022-08-11,Génie Electrique,S3,2023-2024
3126,1446,2024-2025,Nouveau,2022-06-07,Génie Civil,S1,2024-2025
3127,1446,2021-2022,Réinscrit,2023-10-24,Génie Civil,S4,2021-2022
3128,1446,2022-2023,Réinscrit,2020-08-25,Génie Civil,S5,2022-2023
3129,1446,2024-2025,Réinscrit,2020-06-28,Génie Civil,S5,2024-2025
3130,1447,2023-2024,Nouveau,2021-11-11,Marketing,S6,2023-2024
3131,1447,2023-2024,Réinscrit,2021-11-04,Marketing,S6,2023-2024
3132,1447,2024-2025,Réinscrit,2019-10-12,Marketing,S1,2024-2025
3133,1447,2020-2021,Réinscrit,2019-09-03,Marketing,S6,2020-2021
3134,1448,2024-2025,Nouveau,2023-04-12,Génie Electrique,S1,2024-2025
3135,1449,2024-2025,Nouveau,2019-10-14,Génie Informatique,S6,2024-2025
3136,1449,2023-2024,Réinscrit,2024-04-23,Génie Informatique,S5,2023-2024
3137,1449,2020-2021,Réinscrit,2021-12-01,Génie Informatique,S4,2020-2021
3138,1449,2021-2022,Réinscrit,2021-03-01,Génie Informatique,S4,2021-2022
3139,1450,2020-2021,Nouveau,2020-11-10,Droit des Affaires,S4,2020-2021
3140,1450,2020-2021,Réinscrit,2022-08-07,Droit des Affaires,S4,2020-2021
3141,1450,2023-2024,Réinscrit,2023-02-08,Droit des Affaires,S1,2023-2024
3142,1450,2022-2023,Réinscrit,2021-03-06,Droit des Affaires,S5,2022-2023
3143,1451,2022-2023,Nouveau,2021-08-19,Génie Electrique,S3,2022-2023
3144,1451,2023-2024,Réinscrit,2021-05-17,Génie Electrique,S1,2023-2024
3145,1451,2023-2024,Réinscrit,2019-01-12,Génie Electrique,S1,2023-2024
3146,1452,2021-2022,Nouveau,2022-11-12,Finance & Comptabilité,S5,2021-2022
3147,1453,2022-2023,Nouveau,2020-07-30,Génie Informatique,S5,2022-2023
3148,1453,2023-2024,Réinscrit,2021-05-18,Génie Informatique,S5,2023-2024
3149,1453,2023-2024,Réinscrit,2020-10-29,Génie Informatique,S5,2023-2024
3150,1454,2020-2021,Nouveau,2023-06-24,Marketing,S2,2020-2021
3151,1454,2023-2024,Réinscrit,2020-08-12,Marketing,S4,2023-2024
3152,1454,2022-2023,Réinscrit,2024-06-19,Marketing,S2,2022-2023
3153,1454,2023-2024,Réinscrit,2021-04-04,Marketing,S1,2023-2024
3154,1455,2024-2025,Nouveau,2019-12-29,Génie Electrique,S6,2024-2025
3155,1455,2024-2025,Réinscrit,2023-01-23,Génie Electrique,S6,2024-2025
3156,1456,2024-2025,Nouveau,2020-06-13,Génie Civil,S3,2024-2025
3157,1456,2021-2022,Réinscrit,2019-09-17,Génie Civil,S1,2021-2022
3158,1456,2020-2021,Réinscrit,2023-07-28,Génie Civil,S1,2020-2021
3159,1457,2020-2021,Nouveau,2019-07-20,Génie Civil,S5,2020-2021
3160,1457,2023-2024,Réinscrit,2018-12-13,Génie Civil,S6,2023-2024
3161,1458,2023-2024,Nouveau,2022-09-06,Génie Electrique,S2,2023-2024
3162,1458,2021-2022,Réinscrit,2021-02-25,Génie Electrique,S3,2021-2022
3163,1459,2024-2025,Nouveau,2021-06-01,Finance & Comptabilité,S6,2024-2025
3164,1459,2023-2024,Réinscrit,2021-08-02,Finance & Comptabilité,S6,2023-2024
3165,1460,2022-2023,Nouveau,2019-08-06,Droit des Affaires,S2,2022-2023
3166,1461,2024-2025,Nouveau,2019-10-29,Génie Civil,S1,2024-2025
3167,1462,2024-2025,Nouveau,2020-01-16,Génie Informatique,S1,2024-2025
3168,1462,2021-2022,Réinscrit,2021-10-31,Génie Informatique,S3,2021-2022
3169,1462,2021-2022,Réinscrit,2019-09-16,Génie Informatique,S1,2021-2022
3170,1462,2023-2024,Réinscrit,2022-09-20,Génie Informatique,S2,2023-2024
3171,1463,2020-2021,Nouveau,2024-03-04,Droit des Affaires,S1,2020-2021
3172,1463,2023-2024,Réinscrit,2019-06-29,Droit des Affaires,S4,2023-2024
3173,1463,2020-2021,Réinscrit,2021-01-09,Droit des Affaires,S6,2020-2021
3174,1463,2023-2024,Réinscrit,2022-11-16,Droit des Affaires,S3,2023-2024
3175,1464,2021-2022,Nouveau,2020-09-06,Finance & Comptabilité,S3,2021-2022
3176,1464,2020-2021,Réinscrit,2020-09-01,Finance & Comptabilité,S6,2020-2021
3177,1464,2024-2025,Réinscrit,2019-01-07,Finance & Comptabilité,S1,2024-2025
3178,1464,2022-2023,Réinscrit,2022-07-22,Finance & Comptabilité,S4,2022-2023
3179,1465,2021-2022,Nouveau,2024-07-08,Marketing,S6,2021-2022
3180,1466,2020-2021,Nouveau,2020-10-29,Droit des Affaires,S5,2020-2021
3181,1466,2020-2021,Réinscrit,2024-09-04,Droit des Affaires,S1,2020-2021
3182,1466,2024-2025,Réinscrit,2024-05-28,Droit des Affaires,S2,2024-2025
3183,1467,2022-2023,Nouveau,2019-12-15,Marketing,S2,2022-2023
3184,1467,2020-2021,Réinscrit,2022-05-04,Marketing,S2,2020-2021
3185,1468,2020-2021,Nouveau,2020-02-01,Droit des Affaires,S3,2020-2021
3186,1468,2022-2023,Réinscrit,2024-01-25,Droit des Affaires,S2,2022-2023
3187,1469,2022-2023,Nouveau,2021-12-19,Droit des Affaires,S4,2022-2023
3188,1470,2023-2024,Nouveau,2024-05-31,Génie Civil,S4,2023-2024
3189,1470,2021-2022,Réinscrit,2021-06-21,Génie Civil,S2,2021-2022
3190,1470,2021-2022,Réinscrit,2021-10-26,Génie Civil,S4,2021-2022
3191,1470,2020-2021,Réinscrit,2022-02-28,Génie Civil,S2,2020-2021
3192,1471,2023-2024,Nouveau,2023-07-12,Finance & Comptabilité,S4,2023-2024
3193,1471,2023-2024,Réinscrit,2021-09-17,Finance & Comptabilité,S3,2023-2024
3194,1472,2024-2025,Nouveau,2022-12-17,Génie Civil,S4,2024-2025
3195,1473,2024-2025,Nouveau,2022-08-16,Marketing,S3,2024-2025
3196,1473,2020-2021,Réinscrit,2023-09-15,Marketing,S2,2020-2021
3197,1474,2024-2025,Nouveau,2021-07-03,Génie Civil,S5,2024-2025
3198,1475,2022-2023,Nouveau,2024-08-12,Finance & Comptabilité,S3,2022-2023
3199,1475,2023-2024,Réinscrit,2019-01-01,Finance & Comptabilité,S1,2023-2024
3200,1475,2021-2022,Réinscrit,2022-04-14,Finance & Comptabilité,S4,2021-2022
3201,1475,2021-2022,Réinscrit,2022-09-05,Finance & Comptabilité,S2,2021-2022
3202,1476,2021-2022,Nouveau,2022-11-01,Génie Electrique,S3,2021-2022
3203,1477,2022-2023,Nouveau,2020-01-14,Marketing,S1,2022-2023
3204,1477,2022-2023,Réinscrit,2018-10-15,Marketing,S6,2022-2023
3205,1478,2021-2022,Nouveau,2023-11-20,Génie Electrique,S5,2021-2022
3206,1478,2022-2023,Réinscrit,2021-04-10,Génie Electrique,S5,2022-2023
3207,1478,2020-2021,Réinscrit,2022-12-28,Génie Electrique,S3,2020-2021
3208,1479,2024-2025,Nouveau,2021-02-07,Finance & Comptabilité,S1,2024-2025
3209,1479,2024-2025,Réinscrit,2021-10-13,Finance & Comptabilité,S6,2024-2025
3210,1480,2024-2025,Nouveau,2023-05-25,Marketing,S6,2024-2025
3211,1481,2022-2023,Nouveau,2022-04-04,Génie Civil,S2,2022-2023
3212,1481,2021-2022,Réinscrit,2019-03-23,Génie Civil,S4,2021-2022
3213,1481,2023-2024,Réinscrit,2019-03-11,Génie Civil,S3,2023-2024
3214,1481,2023-2024,Réinscrit,2020-01-02,Génie Civil,S1,2023-2024
3215,1482,2021-2022,Nouveau,2022-05-01,Génie Civil,S5,2021-2022
3216,1482,2023-2024,Réinscrit,2021-04-26,Génie Civil,S5,2023-2024
3217,1482,2020-2021,Réinscrit,2021-11-11,Génie Civil,S1,2020-2021
3218,1482,2024-2025,Réinscrit,2018-09-20,Génie Civil,S4,2024-2025
3219,1483,2021-2022,Nouveau,2023-03-08,Droit des Affaires,S1,2021-2022
3220,1483,2024-2025,Réinscrit,2024-07-31,Droit des Affaires,S1,2024-2025
3221,1483,2022-2023,Réinscrit,2018-11-06,Droit des Affaires,S1,2022-2023
3222,1484,2020-2021,Nouveau,2023-04-28,Génie Civil,S6,2020-2021
3223,1484,2022-2023,Réinscrit,2021-09-30,Génie Civil,S3,2022-2023
3224,1484,2022-2023,Réinscrit,2023-02-26,Génie Civil,S1,2022-2023
3225,1484,2024-2025,Réinscrit,2022-03-06,Génie Civil,S4,2024-2025
3226,1485,2023-2024,Nouveau,2022-01-05,Marketing,S6,2023-2024
3227,1486,2023-2024,Nouveau,2020-01-11,Marketing,S3,2023-2024
3228,1486,2024-2025,Réinscrit,2019-10-26,Marketing,S1,2024-2025
3229,1486,2021-2022,Réinscrit,2019-03-15,Marketing,S1,2021-2022
3230,1486,2021-2022,Réinscrit,2019-11-05,Marketing,S3,2021-2022
3231,1487,2021-2022,Nouveau,2020-07-29,Droit des Affaires,S1,2021-2022
3232,1487,2021-2022,Réinscrit,2022-10-20,Droit des Affaires,S5,2021-2022
3233,1487,2020-2021,Réinscrit,2019-04-04,Droit des Affaires,S3,2020-2021
3234,1487,2020-2021,Réinscrit,2019-11-28,Droit des Affaires,S1,2020-2021
3235,1488,2020-2021,Nouveau,2021-08-16,Génie Civil,S3,2020-2021
3236,1488,2024-2025,Réinscrit,2022-12-03,Génie Civil,S3,2024-2025
3237,1488,2021-2022,Réinscrit,2020-03-18,Génie Civil,S5,2021-2022
3238,1489,2020-2021,Nouveau,2020-01-31,Génie Civil,S3,2020-2021
3239,1489,2021-2022,Réinscrit,2023-04-20,Génie Civil,S6,2021-2022
3240,1489,2023-2024,Réinscrit,2020-01-15,Génie Civil,S5,2023-2024
3241,1489,2024-2025,Réinscrit,2021-05-13,Génie Civil,S5,2024-2025
3242,1490,2023-2024,Nouveau,2021-10-24,Génie Electrique,S3,2023-2024
3243,1490,2023-2024,Réinscrit,2021-03-14,Génie Electrique,S1,2023-2024
3244,1490,2022-2023,Réinscrit,2021-12-27,Génie Electrique,S6,2022-2023
3245,1490,2020-2021,Réinscrit,2022-08-16,Génie Electrique,S5,2020-2021
3246,1491,2021-2022,Nouveau,2019-07-17,Droit des Affaires,S1,2021-2022
3247,1491,2023-2024,Réinscrit,2019-05-05,Droit des Affaires,S2,2023-2024
3248,1492,2021-2022,Nouveau,2023-12-01,Droit des Affaires,S4,2021-2022
3249,1493,2023-2024,Nouveau,2019-11-03,Marketing,S3,2023-2024
3250,1493,2021-2022,Réinscrit,2024-08-01,Marketing,S5,2021-2022
3251,1494,2022-2023,Nouveau,2023-10-04,Génie Civil,S6,2022-2023
3252,1494,2021-2022,Réinscrit,2024-04-28,Génie Civil,S1,2021-2022
3253,1494,2021-2022,Réinscrit,2021-02-13,Génie Civil,S3,2021-2022
3254,1495,2023-2024,Nouveau,2024-06-04,Finance & Comptabilité,S2,2023-2024
3255,1495,2023-2024,Réinscrit,2020-10-09,Finance & Comptabilité,S1,2023-2024
3256,1495,2022-2023,Réinscrit,2023-05-30,Finance & Comptabilité,S2,2022-2023
3257,1495,2022-2023,Réinscrit,2019-10-24,Finance & Comptabilité,S2,2022-2023
3258,1496,2020-2021,Nouveau,2019-11-26,Génie Civil,S2,2020-2021
3259,1496,2020-2021,Réinscrit,2023-11-01,Génie Civil,S2,2020-2021
3260,1496,2022-2023,Réinscrit,2018-12-27,Génie Civil,S4,2022-2023
3261,1496,2024-2025,Réinscrit,2023-09-29,Génie Civil,S3,2024-2025
3262,1497,2020-2021,Nouveau,2019-08-11,Droit des Affaires,S3,2020-2021
3263,1497,2023-2024,Réinscrit,2021-01-16,Droit des Affaires,S2,2023-2024
3264,1497,2023-2024,Réinscrit,2024-04-18,Droit des Affaires,S4,2023-2024
3265,1498,2020-2021,Nouveau,2023-08-13,Marketing,S3,2020-2021
3266,1498,2022-2023,Réinscrit,2019-10-06,Marketing,S1,2022-2023
3267,1498,2023-2024,Réinscrit,2023-05-28,Marketing,S2,2023-2024
3268,1499,2021-2022,Nouveau,2023-03-08,Génie Civil,S2,2021-2022
3269,1499,2024-2025,Réinscrit,2021-10-05,Génie Civil,S5,2024-2025
3270,1499,2024-2025,Réinscrit,2024-03-14,Génie Civil,S5,2024-2025
3271,1500,2020-2021,Nouveau,2019-03-24,Génie Electrique,S6,2020-2021
3272,1500,2021-2022,Réinscrit,2019-11-29,Génie Electrique,S2,2021-2022
3273,1500,2020-2021,Réinscrit,2019-04-06,Génie Electrique,S1,2020-2021
3274,1500,2024-2025,Réinscrit,2021-08-26,Génie Electrique,S2,2024-2025
3275,1501,2024-2025,Nouveau,2019-10-19,Génie Informatique,S3,2024-2025
3276,1502,2024-2025,Nouveau,2023-03-16,Marketing,S4,2024-2025
3277,1502,2023-2024,Réinscrit,2019-10-20,Marketing,S2,2023-2024
3278,1503,2023-2024,Nouveau,2020-12-21,Marketing,S2,2023-2024
3279,1503,2021-2022,Réinscrit,2022-07-25,Marketing,S6,2021-2022
3280,1503,2022-2023,Réinscrit,2021-11-23,Marketing,S6,2022-2023
3281,1504,2020-2021,Nouveau,2020-09-28,Droit des Affaires,S5,2020-2021
3282,1505,2022-2023,Nouveau,2021-05-05,Génie Informatique,S2,2022-2023
3283,1505,2022-2023,Réinscrit,2019-06-12,Génie Informatique,S2,2022-2023
3284,1505,2021-2022,Réinscrit,2022-05-23,Génie Informatique,S4,2021-2022
3285,1505,2021-2022,Réinscrit,2018-10-23,Génie Informatique,S6,2021-2022
3286,1506,2023-2024,Nouveau,2022-05-31,Génie Civil,S1,2023-2024
3287,1506,2021-2022,Réinscrit,2021-08-16,Génie Civil,S1,2021-2022
3288,1506,2021-2022,Réinscrit,2018-10-10,Génie Civil,S5,2021-2022
3289,1506,2022-2023,Réinscrit,2023-12-24,Génie Civil,S5,2022-2023
3290,1507,2023-2024,Nouveau,2021-06-10,Génie Electrique,S4,2023-2024
3291,1508,2020-2021,Nouveau,2018-11-11,Génie Civil,S5,2020-2021
3292,1509,2021-2022,Nouveau,2024-07-22,Droit des Affaires,S5,2021-2022
3293,1509,2021-2022,Réinscrit,2020-04-23,Droit des Affaires,S1,2021-2022
3294,1509,2020-2021,Réinscrit,2022-01-30,Droit des Affaires,S6,2020-2021
3295,1510,2023-2024,Nouveau,2024-03-02,Génie Informatique,S6,2023-2024
3296,1510,2022-2023,Réinscrit,2021-07-21,Génie Informatique,S6,2022-2023
3297,1510,2023-2024,Réinscrit,2021-07-05,Génie Informatique,S3,2023-2024
3298,1511,2020-2021,Nouveau,2022-08-15,Génie Electrique,S3,2020-2021
3299,1511,2022-2023,Réinscrit,2024-06-22,Génie Electrique,S6,2022-2023
3300,1511,2024-2025,Réinscrit,2024-02-05,Génie Electrique,S1,2024-2025
3301,1511,2022-2023,Réinscrit,2024-06-28,Génie Electrique,S6,2022-2023
3302,1512,2021-2022,Nouveau,2023-04-08,Finance & Comptabilité,S2,2021-2022
3303,1513,2022-2023,Nouveau,2024-04-01,Finance & Comptabilité,S1,2022-2023
3304,1513,2021-2022,Réinscrit,2023-07-01,Finance & Comptabilité,S3,2021-2022
3305,1514,2020-2021,Nouveau,2020-11-02,Génie Electrique,S4,2020-2021
3306,1514,2020-2021,Réinscrit,2021-09-26,Génie Electrique,S6,2020-2021
3307,1515,2024-2025,Nouveau,2020-08-17,Finance & Comptabilité,S3,2024-2025
3308,1515,2022-2023,Réinscrit,2022-05-19,Finance & Comptabilité,S4,2022-2023
3309,1515,2024-2025,Réinscrit,2023-05-07,Finance & Comptabilité,S3,2024-2025
3310,1515,2022-2023,Réinscrit,2020-10-20,Finance & Comptabilité,S1,2022-2023
3311,1516,2024-2025,Nouveau,2020-01-17,Droit des Affaires,S4,2024-2025
3312,1516,2023-2024,Réinscrit,2022-07-23,Droit des Affaires,S3,2023-2024
3313,1516,2020-2021,Réinscrit,2018-10-05,Droit des Affaires,S4,2020-2021
3314,1517,2023-2024,Nouveau,2020-05-08,Droit des Affaires,S5,2023-2024
3315,1517,2022-2023,Réinscrit,2020-06-28,Droit des Affaires,S3,2022-2023
3316,1518,2022-2023,Nouveau,2019-05-23,Droit des Affaires,S3,2022-2023
3317,1518,2020-2021,Réinscrit,2023-10-04,Droit des Affaires,S1,2020-2021
3318,1518,2021-2022,Réinscrit,2021-11-03,Droit des Affaires,S5,2021-2022
3319,1518,2020-2021,Réinscrit,2019-04-06,Droit des Affaires,S4,2020-2021
3320,1519,2020-2021,Nouveau,2023-06-29,Génie Electrique,S3,2020-2021
3321,1519,2020-2021,Réinscrit,2019-03-24,Génie Electrique,S3,2020-2021
3322,1519,2021-2022,Réinscrit,2022-08-05,Génie Electrique,S3,2021-2022
3323,1520,2020-2021,Nouveau,2021-09-13,Génie Civil,S2,2020-2021
3324,1520,2021-2022,Réinscrit,2023-07-06,Génie Civil,S5,2021-2022
3325,1521,2022-2023,Nouveau,2021-02-13,Génie Civil,S1,2022-2023
3326,1522,2022-2023,Nouveau,2021-06-15,Génie Informatique,S6,2022-2023
3327,1522,2023-2024,Réinscrit,2023-05-28,Génie Informatique,S4,2023-2024
3328,1522,2020-2021,Réinscrit,2021-08-06,Génie Informatique,S3,2020-2021
3329,1522,2024-2025,Réinscrit,2022-02-24,Génie Informatique,S2,2024-2025
3330,1523,2022-2023,Nouveau,2020-03-24,Génie Civil,S6,2022-2023
3331,1523,2021-2022,Réinscrit,2021-06-21,Génie Civil,S2,2021-2022
3332,1523,2023-2024,Réinscrit,2020-11-26,Génie Civil,S3,2023-2024
3333,1523,2022-2023,Réinscrit,2019-08-17,Génie Civil,S3,2022-2023
3334,1524,2024-2025,Nouveau,2020-09-21,Génie Civil,S4,2024-2025
3335,1524,2023-2024,Réinscrit,2019-09-29,Génie Civil,S2,2023-2024
3336,1524,2024-2025,Réinscrit,2023-08-16,Génie Civil,S6,2024-2025
3337,1524,2022-2023,Réinscrit,2024-04-25,Génie Civil,S6,2022-2023
3338,1525,2023-2024,Nouveau,2022-08-21,Génie Informatique,S4,2023-2024
3339,1525,2023-2024,Réinscrit,2023-05-20,Génie Informatique,S4,2023-2024
3340,1525,2023-2024,Réinscrit,2018-12-23,Génie Informatique,S5,2023-2024
3341,1526,2023-2024,Nouveau,2019-08-29,Marketing,S2,2023-2024
3342,1527,2021-2022,Nouveau,2024-05-29,Marketing,S3,2021-2022
3343,1527,2021-2022,Réinscrit,2021-12-15,Marketing,S1,2021-2022
3344,1527,2023-2024,Réinscrit,2020-01-29,Marketing,S4,2023-2024
3345,1528,2023-2024,Nouveau,2024-06-22,Génie Electrique,S4,2023-2024
3346,1529,2020-2021,Nouveau,2019-04-13,Marketing,S3,2020-2021
3347,1530,2022-2023,Nouveau,2019-10-04,Marketing,S3,2022-2023
3348,1531,2022-2023,Nouveau,2019-05-08,Marketing,S1,2022-2023
3349,1531,2024-2025,Réinscrit,2024-05-24,Marketing,S6,2024-2025
3350,1531,2020-2021,Réinscrit,2020-12-18,Marketing,S5,2020-2021
3351,1531,2021-2022,Réinscrit,2024-03-21,Marketing,S2,2021-2022
3352,1532,2021-2022,Nouveau,2022-01-15,Génie Civil,S6,2021-2022
3353,1532,2022-2023,Réinscrit,2018-09-27,Génie Civil,S4,2022-2023
3354,1533,2020-2021,Nouveau,2019-06-03,Marketing,S1,2020-2021
3355,1533,2021-2022,Réinscrit,2020-01-09,Marketing,S5,2021-2022
3356,1534,2021-2022,Nouveau,2020-12-15,Génie Civil,S1,2021-2022
3357,1535,2020-2021,Nouveau,2024-05-03,Génie Civil,S4,2020-2021
3358,1535,2023-2024,Réinscrit,2019-04-16,Génie Civil,S1,2023-2024
3359,1535,2022-2023,Réinscrit,2023-03-16,Génie Civil,S4,2022-2023
3360,1535,2021-2022,Réinscrit,2021-04-20,Génie Civil,S5,2021-2022
3361,1536,2024-2025,Nouveau,2023-08-04,Droit des Affaires,S6,2024-2025
3362,1536,2024-2025,Réinscrit,2020-01-18,Droit des Affaires,S4,2024-2025
3363,1536,2021-2022,Réinscrit,2018-11-28,Droit des Affaires,S2,2021-2022
3364,1537,2021-2022,Nouveau,2020-07-31,Génie Informatique,S5,2021-2022
3365,1537,2024-2025,Réinscrit,2020-11-29,Génie Informatique,S4,2024-2025
3366,1538,2022-2023,Nouveau,2021-11-29,Génie Electrique,S6,2022-2023
3367,1538,2020-2021,Réinscrit,2024-03-12,Génie Electrique,S3,2020-2021
3368,1538,2022-2023,Réinscrit,2023-01-20,Génie Electrique,S4,2022-2023
3369,1538,2020-2021,Réinscrit,2023-11-14,Génie Electrique,S4,2020-2021
3370,1539,2021-2022,Nouveau,2018-12-24,Génie Informatique,S3,2021-2022
3371,1539,2023-2024,Réinscrit,2020-01-06,Génie Informatique,S5,2023-2024
3372,1539,2023-2024,Réinscrit,2018-10-16,Génie Informatique,S5,2023-2024
3373,1539,2022-2023,Réinscrit,2019-01-18,Génie Informatique,S6,2022-2023
3374,1540,2020-2021,Nouveau,2022-08-23,Droit des Affaires,S2,2020-2021
3375,1540,2023-2024,Réinscrit,2023-10-22,Droit des Affaires,S3,2023-2024
3376,1540,2020-2021,Réinscrit,2020-06-10,Droit des Affaires,S3,2020-2021
3377,1540,2024-2025,Réinscrit,2024-04-23,Droit des Affaires,S2,2024-2025
3378,1541,2024-2025,Nouveau,2023-01-17,Finance & Comptabilité,S5,2024-2025
3379,1541,2020-2021,Réinscrit,2020-08-15,Finance & Comptabilité,S6,2020-2021
3380,1541,2021-2022,Réinscrit,2022-08-12,Finance & Comptabilité,S6,2021-2022
3381,1542,2023-2024,Nouveau,2020-03-27,Génie Civil,S3,2023-2024
3382,1542,2022-2023,Réinscrit,2023-01-31,Génie Civil,S1,2022-2023
3383,1542,2023-2024,Réinscrit,2022-11-21,Génie Civil,S4,2023-2024
3384,1543,2024-2025,Nouveau,2024-05-08,Marketing,S6,2024-2025
3385,1543,2024-2025,Réinscrit,2021-07-28,Marketing,S2,2024-2025
3386,1544,2024-2025,Nouveau,2022-07-27,Marketing,S5,2024-2025
3387,1544,2024-2025,Réinscrit,2023-03-12,Marketing,S1,2024-2025
3388,1544,2020-2021,Réinscrit,2018-12-30,Marketing,S6,2020-2021
3389,1545,2021-2022,Nouveau,2019-10-01,Finance & Comptabilité,S6,2021-2022
3390,1545,2020-2021,Réinscrit,2024-04-07,Finance & Comptabilité,S6,2020-2021
3391,1546,2022-2023,Nouveau,2021-04-06,Droit des Affaires,S6,2022-2023
3392,1546,2021-2022,Réinscrit,2019-11-06,Droit des Affaires,S2,2021-2022
3393,1546,2023-2024,Réinscrit,2023-05-18,Droit des Affaires,S1,2023-2024
3394,1546,2020-2021,Réinscrit,2021-06-22,Droit des Affaires,S1,2020-2021
3395,1547,2020-2021,Nouveau,2023-08-14,Droit des Affaires,S3,2020-2021
3396,1548,2021-2022,Nouveau,2022-04-08,Génie Electrique,S1,2021-2022
3397,1549,2023-2024,Nouveau,2020-02-28,Génie Civil,S6,2023-2024
3398,1549,2024-2025,Réinscrit,2020-11-27,Génie Civil,S2,2024-2025
3399,1549,2022-2023,Réinscrit,2024-03-04,Génie Civil,S4,2022-2023
3400,1549,2022-2023,Réinscrit,2021-03-12,Génie Civil,S2,2022-2023
3401,1550,2023-2024,Nouveau,2024-08-04,Finance & Comptabilité,S2,2023-2024
3402,1550,2020-2021,Réinscrit,2018-12-09,Finance & Comptabilité,S6,2020-2021
3403,1551,2021-2022,Nouveau,2019-01-15,Finance & Comptabilité,S2,2021-2022
3404,1552,2022-2023,Nouveau,2023-03-30,Finance & Comptabilité,S5,2022-2023
3405,1553,2022-2023,Nouveau,2020-09-29,Génie Civil,S6,2022-2023
3406,1554,2021-2022,Nouveau,2020-12-28,Génie Civil,S5,2021-2022
3407,1554,2023-2024,Réinscrit,2024-04-13,Génie Civil,S3,2023-2024
3408,1554,2022-2023,Réinscrit,2020-03-18,Génie Civil,S1,2022-2023
3409,1554,2023-2024,Réinscrit,2023-06-18,Génie Civil,S6,2023-2024
3410,1555,2020-2021,Nouveau,2019-07-18,Génie Civil,S2,2020-2021
3411,1555,2024-2025,Réinscrit,2022-01-04,Génie Civil,S1,2024-2025
3412,1555,2020-2021,Réinscrit,2024-04-04,Génie Civil,S2,2020-2021
3413,1555,2020-2021,Réinscrit,2024-09-23,Génie Civil,S3,2020-2021
3414,1556,2021-2022,Nouveau,2021-12-01,Génie Civil,S3,2021-2022
3415,1557,2022-2023,Nouveau,2019-06-06,Génie Informatique,S2,2022-2023
3416,1557,2022-2023,Réinscrit,2019-07-04,Génie Informatique,S5,2022-2023
3417,1557,2024-2025,Réinscrit,2021-05-16,Génie Informatique,S5,2024-2025
3418,1557,2024-2025,Réinscrit,2024-04-10,Génie Informatique,S3,2024-2025
3419,1558,2024-2025,Nouveau,2019-04-21,Finance & Comptabilité,S5,2024-2025
3420,1558,2020-2021,Réinscrit,2023-12-13,Finance & Comptabilité,S3,2020-2021
3421,1558,2020-2021,Réinscrit,2019-01-11,Finance & Comptabilité,S3,2020-2021
3422,1558,2023-2024,Réinscrit,2021-08-04,Finance & Comptabilité,S2,2023-2024
3423,1559,2020-2021,Nouveau,2020-03-24,Génie Informatique,S2,2020-2021
3424,1559,2024-2025,Réinscrit,2022-05-13,Génie Informatique,S6,2024-2025
3425,1559,2020-2021,Réinscrit,2021-04-23,Génie Informatique,S4,2020-2021
3426,1560,2024-2025,Nouveau,2019-01-23,Génie Electrique,S3,2024-2025
3427,1561,2023-2024,Nouveau,2019-07-28,Finance & Comptabilité,S5,2023-2024
3428,1562,2021-2022,Nouveau,2021-09-13,Génie Civil,S6,2021-2022
3429,1562,2020-2021,Réinscrit,2019-11-01,Génie Civil,S1,2020-2021
3430,1562,2023-2024,Réinscrit,2024-05-11,Génie Civil,S2,2023-2024
3431,1562,2022-2023,Réinscrit,2023-07-04,Génie Civil,S4,2022-2023
3432,1563,2021-2022,Nouveau,2018-11-27,Droit des Affaires,S1,2021-2022
3433,1563,2020-2021,Réinscrit,2020-11-12,Droit des Affaires,S5,2020-2021
3434,1563,2024-2025,Réinscrit,2022-12-02,Droit des Affaires,S6,2024-2025
3435,1564,2024-2025,Nouveau,2024-01-27,Droit des Affaires,S1,2024-2025
3436,1565,2023-2024,Nouveau,2020-01-26,Génie Civil,S4,2023-2024
3437,1565,2023-2024,Réinscrit,2020-03-18,Génie Civil,S1,2023-2024
3438,1565,2023-2024,Réinscrit,2019-12-28,Génie Civil,S5,2023-2024
3439,1565,2022-2023,Réinscrit,2022-08-11,Génie Civil,S2,2022-2023
3440,1566,2023-2024,Nouveau,2019-04-26,Génie Civil,S2,2023-2024
3441,1566,2021-2022,Réinscrit,2019-09-12,Génie Civil,S5,2021-2022
3442,1566,2020-2021,Réinscrit,2021-03-19,Génie Civil,S4,2020-2021
3443,1567,2020-2021,Nouveau,2021-06-20,Génie Informatique,S1,2020-2021
3444,1568,2020-2021,Nouveau,2020-02-02,Génie Civil,S4,2020-2021
3445,1569,2022-2023,Nouveau,2019-02-27,Finance & Comptabilité,S3,2022-2023
3446,1569,2022-2023,Réinscrit,2021-05-28,Finance & Comptabilité,S3,2022-2023
3447,1570,2024-2025,Nouveau,2023-02-16,Marketing,S4,2024-2025
3448,1570,2020-2021,Réinscrit,2019-07-12,Marketing,S1,2020-2021
3449,1571,2024-2025,Nouveau,2020-12-22,Finance & Comptabilité,S4,2024-2025
3450,1571,2022-2023,Réinscrit,2021-02-19,Finance & Comptabilité,S4,2022-2023
3451,1571,2022-2023,Réinscrit,2022-10-12,Finance & Comptabilité,S5,2022-2023
3452,1572,2021-2022,Nouveau,2024-07-28,Droit des Affaires,S3,2021-2022
3453,1572,2022-2023,Réinscrit,2024-09-26,Droit des Affaires,S5,2022-2023
3454,1572,2020-2021,Réinscrit,2019-04-10,Droit des Affaires,S3,2020-2021
3455,1573,2024-2025,Nouveau,2024-02-13,Génie Electrique,S3,2024-2025
3456,1573,2020-2021,Réinscrit,2020-12-12,Génie Electrique,S2,2020-2021
3457,1573,2024-2025,Réinscrit,2021-04-02,Génie Electrique,S3,2024-2025
3458,1573,2024-2025,Réinscrit,2021-01-11,Génie Electrique,S1,2024-2025
3459,1574,2021-2022,Nouveau,2019-01-25,Finance & Comptabilité,S2,2021-2022
3460,1574,2023-2024,Réinscrit,2023-10-03,Finance & Comptabilité,S1,2023-2024
3461,1574,2020-2021,Réinscrit,2024-04-05,Finance & Comptabilité,S1,2020-2021
3462,1575,2022-2023,Nouveau,2022-12-22,Génie Civil,S3,2022-2023
3463,1575,2020-2021,Réinscrit,2019-05-03,Génie Civil,S3,2020-2021
3464,1575,2024-2025,Réinscrit,2022-12-21,Génie Civil,S4,2024-2025
3465,1576,2023-2024,Nouveau,2022-12-24,Finance & Comptabilité,S4,2023-2024
3466,1577,2021-2022,Nouveau,2020-12-21,Finance & Comptabilité,S4,2021-2022
3467,1578,2023-2024,Nouveau,2024-08-21,Génie Informatique,S1,2023-2024
3468,1578,2022-2023,Réinscrit,2019-01-07,Génie Informatique,S5,2022-2023
3469,1579,2020-2021,Nouveau,2022-06-09,Marketing,S3,2020-2021
3470,1579,2024-2025,Réinscrit,2021-02-03,Marketing,S1,2024-2025
3471,1579,2022-2023,Réinscrit,2023-07-14,Marketing,S4,2022-2023
3472,1580,2020-2021,Nouveau,2023-01-07,Droit des Affaires,S6,2020-2021
3473,1581,2024-2025,Nouveau,2023-11-12,Finance & Comptabilité,S4,2024-2025
3474,1581,2024-2025,Réinscrit,2024-06-26,Finance & Comptabilité,S3,2024-2025
3475,1581,2021-2022,Réinscrit,2022-12-10,Finance & Comptabilité,S4,2021-2022
3476,1582,2021-2022,Nouveau,2018-11-02,Droit des Affaires,S3,2021-2022
3477,1582,2022-2023,Réinscrit,2019-08-17,Droit des Affaires,S2,2022-2023
3478,1583,2022-2023,Nouveau,2023-02-03,Génie Electrique,S1,2022-2023
3479,1583,2024-2025,Réinscrit,2021-09-28,Génie Electrique,S3,2024-2025
3480,1583,2022-2023,Réinscrit,2021-06-23,Génie Electrique,S6,2022-2023
3481,1584,2020-2021,Nouveau,2022-02-09,Finance & Comptabilité,S5,2020-2021
3482,1585,2022-2023,Nouveau,2020-09-02,Marketing,S4,2022-2023
3483,1585,2023-2024,Réinscrit,2018-11-10,Marketing,S4,2023-2024
3484,1585,2020-2021,Réinscrit,2023-11-24,Marketing,S1,2020-2021
3485,1586,2023-2024,Nouveau,2021-02-09,Droit des Affaires,S4,2023-2024
3486,1586,2020-2021,Réinscrit,2019-07-23,Droit des Affaires,S3,2020-2021
3487,1586,2024-2025,Réinscrit,2022-03-10,Droit des Affaires,S1,2024-2025
3488,1587,2021-2022,Nouveau,2021-07-23,Marketing,S3,2021-2022
3489,1587,2022-2023,Réinscrit,2024-03-20,Marketing,S2,2022-2023
3490,1587,2021-2022,Réinscrit,2020-08-15,Marketing,S2,2021-2022
3491,1587,2024-2025,Réinscrit,2019-03-23,Marketing,S2,2024-2025
3492,1588,2020-2021,Nouveau,2020-09-24,Marketing,S6,2020-2021
3493,1589,2024-2025,Nouveau,2022-03-23,Marketing,S1,2024-2025
3494,1589,2024-2025,Réinscrit,2021-03-22,Marketing,S1,2024-2025
3495,1589,2022-2023,Réinscrit,2021-07-21,Marketing,S1,2022-2023
3496,1589,2022-2023,Réinscrit,2024-09-22,Marketing,S6,2022-2023
3497,1590,2024-2025,Nouveau,2021-04-19,Marketing,S3,2024-2025
3498,1591,2020-2021,Nouveau,2024-05-08,Droit des Affaires,S4,2020-2021
3499,1592,2024-2025,Nouveau,2019-07-15,Droit des Affaires,S2,2024-2025
3500,1593,2022-2023,Nouveau,2022-10-31,Génie Informatique,S6,2022-2023
3501,1593,2023-2024,Réinscrit,2019-06-20,Génie Informatique,S6,2023-2024
3502,1594,2022-2023,Nouveau,2020-04-09,Marketing,S1,2022-2023
3503,1594,2022-2023,Réinscrit,2022-09-15,Marketing,S3,2022-2023
3504,1594,2023-2024,Réinscrit,2022-11-13,Marketing,S4,2023-2024
3505,1594,2022-2023,Réinscrit,2019-01-06,Marketing,S2,2022-2023
3506,1595,2020-2021,Nouveau,2021-12-05,Génie Informatique,S2,2020-2021
3507,1595,2024-2025,Réinscrit,2018-12-14,Génie Informatique,S1,2024-2025
3508,1595,2024-2025,Réinscrit,2021-01-14,Génie Informatique,S3,2024-2025
3509,1596,2021-2022,Nouveau,2022-11-30,Finance & Comptabilité,S5,2021-2022
3510,1596,2020-2021,Réinscrit,2020-05-07,Finance & Comptabilité,S4,2020-2021
3511,1596,2020-2021,Réinscrit,2019-07-14,Finance & Comptabilité,S2,2020-2021
3512,1597,2024-2025,Nouveau,2020-01-10,Finance & Comptabilité,S5,2024-2025
3513,1597,2020-2021,Réinscrit,2023-12-18,Finance & Comptabilité,S6,2020-2021
3514,1597,2024-2025,Réinscrit,2024-07-02,Finance & Comptabilité,S4,2024-2025
3515,1597,2022-2023,Réinscrit,2021-09-07,Finance & Comptabilité,S2,2022-2023
3516,1598,2021-2022,Nouveau,2022-05-09,Génie Informatique,S2,2021-2022
3517,1598,2022-2023,Réinscrit,2021-04-03,Génie Informatique,S4,2022-2023
3518,1598,2022-2023,Réinscrit,2019-12-17,Génie Informatique,S6,2022-2023
3519,1599,2023-2024,Nouveau,2023-04-07,Génie Civil,S3,2023-2024
3520,1599,2020-2021,Réinscrit,2022-08-12,Génie Civil,S5,2020-2021
3521,1600,2022-2023,Nouveau,2024-02-05,Marketing,S5,2022-2023
3522,1601,2023-2024,Nouveau,2023-05-13,Marketing,S2,2023-2024
3523,1601,2024-2025,Réinscrit,2020-01-27,Marketing,S5,2024-2025
3524,1602,2023-2024,Nouveau,2020-03-19,Finance & Comptabilité,S5,2023-2024
3525,1602,2022-2023,Réinscrit,2021-11-19,Finance & Comptabilité,S3,2022-2023
3526,1603,2020-2021,Nouveau,2019-07-31,Droit des Affaires,S4,2020-2021
3527,1603,2023-2024,Réinscrit,2024-04-30,Droit des Affaires,S2,2023-2024
3528,1603,2024-2025,Réinscrit,2024-03-17,Droit des Affaires,S6,2024-2025
3529,1604,2021-2022,Nouveau,2023-10-04,Génie Informatique,S1,2021-2022
3530,1604,2021-2022,Réinscrit,2020-01-08,Génie Informatique,S4,2021-2022
3531,1605,2024-2025,Nouveau,2023-12-08,Marketing,S6,2024-2025
3532,1605,2020-2021,Réinscrit,2020-01-31,Marketing,S1,2020-2021
3533,1605,2023-2024,Réinscrit,2018-12-08,Marketing,S6,2023-2024
3534,1606,2020-2021,Nouveau,2020-02-25,Finance & Comptabilité,S5,2020-2021
3535,1606,2024-2025,Réinscrit,2023-01-07,Finance & Comptabilité,S4,2024-2025
3536,1607,2021-2022,Nouveau,2023-03-06,Marketing,S6,2021-2022
3537,1607,2024-2025,Réinscrit,2021-05-16,Marketing,S6,2024-2025
3538,1607,2022-2023,Réinscrit,2020-01-01,Marketing,S3,2022-2023
3539,1608,2024-2025,Nouveau,2019-11-16,Droit des Affaires,S6,2024-2025
3540,1608,2020-2021,Réinscrit,2019-06-30,Droit des Affaires,S6,2020-2021
3541,1608,2022-2023,Réinscrit,2023-09-13,Droit des Affaires,S4,2022-2023
3542,1609,2023-2024,Nouveau,2021-11-28,Génie Informatique,S4,2023-2024
3543,1609,2021-2022,Réinscrit,2020-09-21,Génie Informatique,S6,2021-2022
3544,1609,2024-2025,Réinscrit,2024-05-18,Génie Informatique,S1,2024-2025
3545,1609,2021-2022,Réinscrit,2018-10-02,Génie Informatique,S5,2021-2022
3546,1610,2023-2024,Nouveau,2022-12-02,Génie Civil,S3,2023-2024
3547,1610,2023-2024,Réinscrit,2020-08-24,Génie Civil,S5,2023-2024
3548,1610,2024-2025,Réinscrit,2021-10-19,Génie Civil,S1,2024-2025
3549,1611,2022-2023,Nouveau,2024-03-13,Génie Electrique,S3,2022-2023
3550,1611,2020-2021,Réinscrit,2024-06-21,Génie Electrique,S5,2020-2021
3551,1612,2022-2023,Nouveau,2022-04-15,Finance & Comptabilité,S4,2022-2023
3552,1612,2022-2023,Réinscrit,2020-08-31,Finance & Comptabilité,S2,2022-2023
3553,1612,2020-2021,Réinscrit,2021-01-10,Finance & Comptabilité,S4,2020-2021
3554,1612,2024-2025,Réinscrit,2021-10-14,Finance & Comptabilité,S5,2024-2025
3555,1613,2020-2021,Nouveau,2022-07-24,Finance & Comptabilité,S3,2020-2021
3556,1613,2021-2022,Réinscrit,2019-12-30,Finance & Comptabilité,S3,2021-2022
3557,1613,2022-2023,Réinscrit,2024-02-15,Finance & Comptabilité,S4,2022-2023
3558,1614,2021-2022,Nouveau,2021-11-25,Génie Electrique,S3,2021-2022
3559,1614,2024-2025,Réinscrit,2019-11-09,Génie Electrique,S2,2024-2025
3560,1615,2021-2022,Nouveau,2019-09-29,Génie Electrique,S2,2021-2022
3561,1615,2024-2025,Réinscrit,2024-05-15,Génie Electrique,S2,2024-2025
3562,1615,2020-2021,Réinscrit,2019-02-10,Génie Electrique,S5,2020-2021
3563,1616,2020-2021,Nouveau,2024-02-22,Finance & Comptabilité,S1,2020-2021
3564,1616,2022-2023,Réinscrit,2020-12-11,Finance & Comptabilité,S3,2022-2023
3565,1617,2023-2024,Nouveau,2024-07-04,Génie Civil,S2,2023-2024
3566,1617,2023-2024,Réinscrit,2021-12-22,Génie Civil,S1,2023-2024
3567,1617,2020-2021,Réinscrit,2023-08-26,Génie Civil,S4,2020-2021
3568,1617,2023-2024,Réinscrit,2021-08-13,Génie Civil,S1,2023-2024
3569,1618,2022-2023,Nouveau,2019-12-22,Finance & Comptabilité,S3,2022-2023
3570,1618,2020-2021,Réinscrit,2021-02-28,Finance & Comptabilité,S6,2020-2021
3571,1619,2022-2023,Nouveau,2020-06-03,Génie Electrique,S5,2022-2023
3572,1620,2022-2023,Nouveau,2023-10-02,Marketing,S6,2022-2023
3573,1620,2024-2025,Réinscrit,2019-07-01,Marketing,S6,2024-2025
3574,1620,2022-2023,Réinscrit,2019-02-05,Marketing,S4,2022-2023
3575,1621,2024-2025,Nouveau,2022-03-24,Génie Informatique,S2,2024-2025
3576,1622,2020-2021,Nouveau,2021-06-04,Droit des Affaires,S2,2020-2021
3577,1623,2021-2022,Nouveau,2020-11-10,Marketing,S3,2021-2022
3578,1623,2023-2024,Réinscrit,2020-05-13,Marketing,S4,2023-2024
3579,1623,2021-2022,Réinscrit,2024-03-27,Marketing,S3,2021-2022
3580,1623,2021-2022,Réinscrit,2020-11-22,Marketing,S6,2021-2022
3581,1624,2024-2025,Nouveau,2021-01-25,Génie Civil,S1,2024-2025
3582,1625,2020-2021,Nouveau,2024-03-02,Finance & Comptabilité,S5,2020-2021
3583,1625,2024-2025,Réinscrit,2021-01-02,Finance & Comptabilité,S6,2024-2025
3584,1625,2021-2022,Réinscrit,2019-02-06,Finance & Comptabilité,S4,2021-2022
3585,1625,2022-2023,Réinscrit,2022-12-06,Finance & Comptabilité,S6,2022-2023
3586,1626,2022-2023,Nouveau,2024-02-05,Droit des Affaires,S5,2022-2023
3587,1626,2021-2022,Réinscrit,2022-01-12,Droit des Affaires,S2,2021-2022
3588,1627,2023-2024,Nouveau,2024-02-29,Finance & Comptabilité,S6,2023-2024
3589,1627,2023-2024,Réinscrit,2022-09-02,Finance & Comptabilité,S5,2023-2024
3590,1627,2023-2024,Réinscrit,2021-12-24,Finance & Comptabilité,S1,2023-2024
3591,1628,2020-2021,Nouveau,2021-11-20,Génie Informatique,S4,2020-2021
3592,1628,2023-2024,Réinscrit,2022-04-25,Génie Informatique,S2,2023-2024
3593,1629,2020-2021,Nouveau,2020-08-22,Droit des Affaires,S4,2020-2021
3594,1629,2022-2023,Réinscrit,2019-12-10,Droit des Affaires,S3,2022-2023
3595,1629,2023-2024,Réinscrit,2020-02-07,Droit des Affaires,S4,2023-2024
3596,1629,2023-2024,Réinscrit,2023-04-15,Droit des Affaires,S6,2023-2024
3597,1630,2020-2021,Nouveau,2021-12-05,Marketing,S3,2020-2021
3598,1630,2024-2025,Réinscrit,2021-01-29,Marketing,S4,2024-2025
3599,1631,2024-2025,Nouveau,2022-04-16,Génie Informatique,S3,2024-2025
3600,1632,2023-2024,Nouveau,2023-01-21,Génie Civil,S4,2023-2024
3601,1632,2023-2024,Réinscrit,2023-02-19,Génie Civil,S3,2023-2024
3602,1632,2020-2021,Réinscrit,2021-09-04,Génie Civil,S4,2020-2021
3603,1633,2022-2023,Nouveau,2019-03-06,Marketing,S3,2022-2023
3604,1633,2023-2024,Réinscrit,2023-04-06,Marketing,S2,2023-2024
3605,1634,2024-2025,Nouveau,2020-12-23,Droit des Affaires,S6,2024-2025
3606,1634,2020-2021,Réinscrit,2022-05-13,Droit des Affaires,S2,2020-2021
3607,1635,2020-2021,Nouveau,2022-12-02,Marketing,S1,2020-2021
3608,1636,2022-2023,Nouveau,2019-05-18,Génie Civil,S6,2022-2023
3609,1636,2020-2021,Réinscrit,2024-06-25,Génie Civil,S2,2020-2021
3610,1636,2022-2023,Réinscrit,2024-09-02,Génie Civil,S2,2022-2023
3611,1637,2024-2025,Nouveau,2023-02-07,Finance & Comptabilité,S6,2024-2025
3612,1637,2021-2022,Réinscrit,2021-12-02,Finance & Comptabilité,S2,2021-2022
3613,1638,2022-2023,Nouveau,2023-04-21,Finance & Comptabilité,S2,2022-2023
3614,1638,2024-2025,Réinscrit,2021-06-15,Finance & Comptabilité,S1,2024-2025
3615,1638,2020-2021,Réinscrit,2018-11-22,Finance & Comptabilité,S5,2020-2021
3616,1639,2024-2025,Nouveau,2023-02-16,Génie Electrique,S4,2024-2025
3617,1640,2021-2022,Nouveau,2021-11-03,Finance & Comptabilité,S3,2021-2022
3618,1641,2021-2022,Nouveau,2021-06-09,Génie Informatique,S1,2021-2022
3619,1642,2020-2021,Nouveau,2022-11-26,Génie Civil,S6,2020-2021
3620,1642,2023-2024,Réinscrit,2020-02-20,Génie Civil,S6,2023-2024
3621,1642,2022-2023,Réinscrit,2019-08-14,Génie Civil,S1,2022-2023
3622,1643,2024-2025,Nouveau,2023-04-29,Finance & Comptabilité,S1,2024-2025
3623,1644,2024-2025,Nouveau,2020-05-14,Marketing,S1,2024-2025
3624,1645,2021-2022,Nouveau,2022-03-02,Droit des Affaires,S3,2021-2022
3625,1645,2023-2024,Réinscrit,2024-05-30,Droit des Affaires,S6,2023-2024
3626,1645,2020-2021,Réinscrit,2022-01-20,Droit des Affaires,S3,2020-2021
3627,1645,2023-2024,Réinscrit,2020-12-09,Droit des Affaires,S1,2023-2024
3628,1646,2024-2025,Nouveau,2023-12-14,Génie Civil,S4,2024-2025
3629,1646,2022-2023,Réinscrit,2023-06-26,Génie Civil,S1,2022-2023
3630,1646,2021-2022,Réinscrit,2023-03-23,Génie Civil,S5,2021-2022
3631,1647,2023-2024,Nouveau,2021-11-08,Finance & Comptabilité,S6,2023-2024
3632,1647,2024-2025,Réinscrit,2024-05-07,Finance & Comptabilité,S2,2024-2025
3633,1647,2023-2024,Réinscrit,2018-11-10,Finance & Comptabilité,S4,2023-2024
3634,1648,2022-2023,Nouveau,2019-11-18,Génie Informatique,S4,2022-2023
3635,1648,2021-2022,Réinscrit,2018-12-11,Génie Informatique,S4,2021-2022
3636,1648,2021-2022,Réinscrit,2023-09-06,Génie Informatique,S3,2021-2022
3637,1648,2023-2024,Réinscrit,2019-11-21,Génie Informatique,S6,2023-2024
3638,1649,2022-2023,Nouveau,2020-04-11,Génie Electrique,S6,2022-2023
3639,1649,2020-2021,Réinscrit,2019-09-26,Génie Electrique,S5,2020-2021
3640,1649,2021-2022,Réinscrit,2020-12-29,Génie Electrique,S4,2021-2022
3641,1650,2020-2021,Nouveau,2020-04-01,Génie Electrique,S4,2020-2021
3642,1650,2024-2025,Réinscrit,2023-12-23,Génie Electrique,S5,2024-2025
3643,1651,2020-2021,Nouveau,2024-03-14,Droit des Affaires,S3,2020-2021
3644,1651,2023-2024,Réinscrit,2022-02-27,Droit des Affaires,S6,2023-2024
3645,1652,2021-2022,Nouveau,2019-01-28,Droit des Affaires,S3,2021-2022
3646,1652,2024-2025,Réinscrit,2023-03-24,Droit des Affaires,S1,2024-2025
3647,1652,2022-2023,Réinscrit,2021-01-04,Droit des Affaires,S5,2022-2023
3648,1653,2024-2025,Nouveau,2024-04-09,Droit des Affaires,S3,2024-2025
3649,1653,2021-2022,Réinscrit,2022-04-11,Droit des Affaires,S4,2021-2022
3650,1653,2023-2024,Réinscrit,2024-06-08,Droit des Affaires,S5,2023-2024
3651,1653,2020-2021,Réinscrit,2019-11-05,Droit des Affaires,S4,2020-2021
3652,1654,2023-2024,Nouveau,2020-02-04,Génie Civil,S1,2023-2024
3653,1655,2024-2025,Nouveau,2020-01-11,Droit des Affaires,S2,2024-2025
3654,1655,2021-2022,Réinscrit,2023-07-29,Droit des Affaires,S1,2021-2022
3655,1656,2023-2024,Nouveau,2024-03-21,Droit des Affaires,S2,2023-2024
3656,1657,2021-2022,Nouveau,2023-05-10,Génie Informatique,S4,2021-2022
3657,1657,2020-2021,Réinscrit,2021-12-29,Génie Informatique,S1,2020-2021
3658,1657,2023-2024,Réinscrit,2021-12-19,Génie Informatique,S6,2023-2024
3659,1657,2022-2023,Réinscrit,2024-07-11,Génie Informatique,S3,2022-2023
3660,1658,2024-2025,Nouveau,2020-07-11,Génie Informatique,S2,2024-2025
3661,1658,2022-2023,Réinscrit,2024-07-14,Génie Informatique,S6,2022-2023
3662,1658,2021-2022,Réinscrit,2022-10-30,Génie Informatique,S5,2021-2022
3663,1659,2023-2024,Nouveau,2023-11-09,Génie Informatique,S2,2023-2024
3664,1659,2022-2023,Réinscrit,2020-03-08,Génie Informatique,S2,2022-2023
3665,1659,2024-2025,Réinscrit,2023-12-24,Génie Informatique,S1,2024-2025
3666,1660,2023-2024,Nouveau,2020-09-04,Droit des Affaires,S2,2023-2024
3667,1660,2023-2024,Réinscrit,2019-06-02,Droit des Affaires,S1,2023-2024
3668,1660,2022-2023,Réinscrit,2020-10-08,Droit des Affaires,S2,2022-2023
3669,1661,2024-2025,Nouveau,2023-10-23,Finance & Comptabilité,S3,2024-2025
3670,1662,2020-2021,Nouveau,2023-12-03,Droit des Affaires,S5,2020-2021
3671,1663,2020-2021,Nouveau,2022-08-06,Génie Electrique,S6,2020-2021
3672,1663,2024-2025,Réinscrit,2021-03-14,Génie Electrique,S3,2024-2025
3673,1664,2021-2022,Nouveau,2021-09-29,Génie Informatique,S3,2021-2022
3674,1665,2024-2025,Nouveau,2022-02-04,Marketing,S3,2024-2025
3675,1665,2024-2025,Réinscrit,2023-03-10,Marketing,S3,2024-2025
3676,1665,2024-2025,Réinscrit,2024-09-25,Marketing,S6,2024-2025
3677,1665,2021-2022,Réinscrit,2019-07-15,Marketing,S5,2021-2022
3678,1666,2020-2021,Nouveau,2021-02-03,Droit des Affaires,S3,2020-2021
3679,1666,2021-2022,Réinscrit,2021-08-12,Droit des Affaires,S5,2021-2022
3680,1667,2021-2022,Nouveau,2024-07-10,Finance & Comptabilité,S5,2021-2022
3681,1668,2022-2023,Nouveau,2021-10-10,Droit des Affaires,S6,2022-2023
3682,1668,2024-2025,Réinscrit,2023-12-23,Droit des Affaires,S2,2024-2025
3683,1668,2021-2022,Réinscrit,2018-09-11,Droit des Affaires,S2,2021-2022
3684,1668,2021-2022,Réinscrit,2019-09-10,Droit des Affaires,S5,2021-2022
3685,1669,2021-2022,Nouveau,2020-07-07,Marketing,S4,2021-2022
3686,1669,2020-2021,Réinscrit,2022-04-17,Marketing,S1,2020-2021
3687,1670,2021-2022,Nouveau,2024-05-27,Marketing,S4,2021-2022
3688,1671,2023-2024,Nouveau,2022-05-02,Génie Civil,S3,2023-2024
3689,1671,2024-2025,Réinscrit,2019-12-25,Génie Civil,S2,2024-2025
3690,1671,2024-2025,Réinscrit,2023-01-28,Génie Civil,S4,2024-2025
3691,1671,2023-2024,Réinscrit,2023-12-27,Génie Civil,S3,2023-2024
3692,1672,2024-2025,Nouveau,2022-03-22,Finance & Comptabilité,S5,2024-2025
3693,1672,2020-2021,Réinscrit,2021-01-24,Finance & Comptabilité,S2,2020-2021
3694,1672,2022-2023,Réinscrit,2020-04-08,Finance & Comptabilité,S4,2022-2023
3695,1673,2023-2024,Nouveau,2021-06-23,Marketing,S6,2023-2024
3696,1673,2020-2021,Réinscrit,2023-07-20,Marketing,S6,2020-2021
3697,1673,2022-2023,Réinscrit,2020-08-30,Marketing,S1,2022-2023
3698,1673,2022-2023,Réinscrit,2023-11-23,Marketing,S6,2022-2023
3699,1674,2023-2024,Nouveau,2021-01-23,Finance & Comptabilité,S5,2023-2024
3700,1674,2024-2025,Réinscrit,2020-10-22,Finance & Comptabilité,S4,2024-2025
3701,1674,2022-2023,Réinscrit,2020-09-03,Finance & Comptabilité,S6,2022-2023
3702,1675,2021-2022,Nouveau,2023-08-16,Génie Informatique,S3,2021-2022
3703,1676,2020-2021,Nouveau,2022-02-23,Génie Civil,S3,2020-2021
3704,1676,2020-2021,Réinscrit,2022-10-20,Génie Civil,S3,2020-2021
3705,1677,2024-2025,Nouveau,2021-09-23,Génie Electrique,S1,2024-2025
3706,1678,2023-2024,Nouveau,2023-02-18,Marketing,S1,2023-2024
3707,1678,2022-2023,Réinscrit,2021-09-28,Marketing,S6,2022-2023
3708,1678,2020-2021,Réinscrit,2019-01-03,Marketing,S6,2020-2021
3709,1679,2024-2025,Nouveau,2023-10-06,Droit des Affaires,S4,2024-2025
3710,1679,2021-2022,Réinscrit,2023-12-23,Droit des Affaires,S6,2021-2022
3711,1679,2024-2025,Réinscrit,2019-10-31,Droit des Affaires,S1,2024-2025
3712,1679,2022-2023,Réinscrit,2018-12-28,Droit des Affaires,S5,2022-2023
3713,1680,2021-2022,Nouveau,2020-02-22,Génie Civil,S1,2021-2022
3714,1680,2023-2024,Réinscrit,2020-01-03,Génie Civil,S1,2023-2024
3715,1681,2020-2021,Nouveau,2022-03-11,Génie Civil,S1,2020-2021
3716,1681,2024-2025,Réinscrit,2021-10-11,Génie Civil,S2,2024-2025
3717,1681,2024-2025,Réinscrit,2018-11-08,Génie Civil,S3,2024-2025
3718,1681,2022-2023,Réinscrit,2020-07-25,Génie Civil,S5,2022-2023
3719,1682,2024-2025,Nouveau,2018-10-29,Génie Civil,S6,2024-2025
3720,1682,2023-2024,Réinscrit,2023-05-03,Génie Civil,S6,2023-2024
3721,1682,2020-2021,Réinscrit,2019-05-25,Génie Civil,S2,2020-2021
3722,1683,2022-2023,Nouveau,2019-08-10,Génie Civil,S2,2022-2023
3723,1683,2023-2024,Réinscrit,2019-03-02,Génie Civil,S3,2023-2024
3724,1684,2024-2025,Nouveau,2023-04-04,Droit des Affaires,S2,2024-2025
3725,1684,2020-2021,Réinscrit,2022-02-26,Droit des Affaires,S3,2020-2021
3726,1685,2020-2021,Nouveau,2022-06-30,Génie Informatique,S4,2020-2021
3727,1685,2024-2025,Réinscrit,2019-08-19,Génie Informatique,S5,2024-2025
3728,1685,2023-2024,Réinscrit,2019-08-28,Génie Informatique,S1,2023-2024
3729,1686,2021-2022,Nouveau,2019-08-20,Finance & Comptabilité,S2,2021-2022
3730,1687,2024-2025,Nouveau,2018-11-22,Génie Electrique,S2,2024-2025
3731,1687,2020-2021,Réinscrit,2021-02-07,Génie Electrique,S6,2020-2021
3732,1687,2022-2023,Réinscrit,2023-10-30,Génie Electrique,S1,2022-2023
3733,1688,2022-2023,Nouveau,2020-10-22,Génie Electrique,S6,2022-2023
3734,1688,2021-2022,Réinscrit,2022-02-23,Génie Electrique,S1,2021-2022
3735,1689,2022-2023,Nouveau,2020-08-30,Droit des Affaires,S3,2022-2023
3736,1689,2021-2022,Réinscrit,2022-03-16,Droit des Affaires,S4,2021-2022
3737,1689,2021-2022,Réinscrit,2020-10-11,Droit des Affaires,S3,2021-2022
3738,1689,2021-2022,Réinscrit,2020-08-26,Droit des Affaires,S3,2021-2022
3739,1690,2023-2024,Nouveau,2021-08-19,Finance & Comptabilité,S1,2023-2024
3740,1690,2023-2024,Réinscrit,2022-08-25,Finance & Comptabilité,S5,2023-2024
3741,1690,2022-2023,Réinscrit,2022-07-30,Finance & Comptabilité,S6,2022-2023
3742,1691,2021-2022,Nouveau,2019-01-29,Génie Electrique,S5,2021-2022
3743,1691,2023-2024,Réinscrit,2020-05-30,Génie Electrique,S5,2023-2024
3744,1691,2024-2025,Réinscrit,2021-01-10,Génie Electrique,S6,2024-2025
3745,1691,2023-2024,Réinscrit,2022-07-22,Génie Electrique,S6,2023-2024
3746,1692,2021-2022,Nouveau,2022-07-03,Droit des Affaires,S6,2021-2022
3747,1692,2024-2025,Réinscrit,2021-09-06,Droit des Affaires,S1,2024-2025
3748,1692,2024-2025,Réinscrit,2021-01-11,Droit des Affaires,S3,2024-2025
3749,1693,2023-2024,Nouveau,2021-08-04,Génie Civil,S1,2023-2024
3750,1693,2020-2021,Réinscrit,2024-06-18,Génie Civil,S6,2020-2021
3751,1694,2023-2024,Nouveau,2020-03-26,Génie Informatique,S4,2023-2024
3752,1694,2024-2025,Réinscrit,2022-04-15,Génie Informatique,S3,2024-2025
3753,1695,2024-2025,Nouveau,2019-01-17,Génie Civil,S3,2024-2025
3754,1695,2020-2021,Réinscrit,2022-09-09,Génie Civil,S1,2020-2021
3755,1695,2021-2022,Réinscrit,2023-05-24,Génie Civil,S4,2021-2022
3756,1695,2022-2023,Réinscrit,2022-06-11,Génie Civil,S6,2022-2023
3757,1696,2021-2022,Nouveau,2022-09-06,Génie Civil,S3,2021-2022
3758,1697,2023-2024,Nouveau,2020-10-02,Génie Informatique,S1,2023-2024
3759,1697,2023-2024,Réinscrit,2023-10-14,Génie Informatique,S5,2023-2024
3760,1698,2023-2024,Nouveau,2023-12-23,Marketing,S2,2023-2024
3761,1698,2022-2023,Réinscrit,2022-11-07,Marketing,S5,2022-2023
3762,1698,2022-2023,Réinscrit,2024-01-29,Marketing,S6,2022-2023
3763,1698,2023-2024,Réinscrit,2022-01-12,Marketing,S1,2023-2024
3764,1699,2024-2025,Nouveau,2019-11-16,Génie Electrique,S4,2024-2025
3765,1699,2023-2024,Réinscrit,2021-09-08,Génie Electrique,S5,2023-2024
3766,1700,2024-2025,Nouveau,2018-12-26,Génie Informatique,S2,2024-2025
3767,1700,2024-2025,Réinscrit,2020-07-13,Génie Informatique,S3,2024-2025
3768,1700,2024-2025,Réinscrit,2024-07-17,Génie Informatique,S2,2024-2025
3769,1700,2024-2025,Réinscrit,2020-03-25,Génie Informatique,S2,2024-2025
3770,1701,2020-2021,Nouveau,2019-09-06,Finance & Comptabilité,S3,2020-2021
3771,1701,2021-2022,Réinscrit,2022-07-19,Finance & Comptabilité,S4,2021-2022
3772,1701,2023-2024,Réinscrit,2020-07-09,Finance & Comptabilité,S4,2023-2024
3773,1702,2021-2022,Nouveau,2020-11-29,Finance & Comptabilité,S2,2021-2022
3774,1703,2022-2023,Nouveau,2019-07-27,Finance & Comptabilité,S2,2022-2023
3775,1703,2021-2022,Réinscrit,2020-12-11,Finance & Comptabilité,S4,2021-2022
3776,1703,2020-2021,Réinscrit,2021-05-30,Finance & Comptabilité,S2,2020-2021
3777,1704,2020-2021,Nouveau,2024-01-08,Marketing,S2,2020-2021
3778,1704,2022-2023,Réinscrit,2019-10-15,Marketing,S4,2022-2023
3779,1704,2024-2025,Réinscrit,2023-02-01,Marketing,S6,2024-2025
3780,1705,2023-2024,Nouveau,2022-11-20,Génie Informatique,S4,2023-2024
3781,1705,2021-2022,Réinscrit,2019-09-28,Génie Informatique,S4,2021-2022
3782,1706,2022-2023,Nouveau,2020-02-29,Marketing,S4,2022-2023
3783,1706,2022-2023,Réinscrit,2021-11-03,Marketing,S6,2022-2023
3784,1707,2024-2025,Nouveau,2023-01-31,Finance & Comptabilité,S5,2024-2025
3785,1707,2020-2021,Réinscrit,2022-07-22,Finance & Comptabilité,S4,2020-2021
3786,1707,2024-2025,Réinscrit,2018-12-20,Finance & Comptabilité,S2,2024-2025
3787,1707,2024-2025,Réinscrit,2020-08-30,Finance & Comptabilité,S2,2024-2025
3788,1708,2022-2023,Nouveau,2022-06-24,Génie Civil,S5,2022-2023
3789,1708,2020-2021,Réinscrit,2023-02-17,Génie Civil,S1,2020-2021
3790,1708,2021-2022,Réinscrit,2020-03-19,Génie Civil,S4,2021-2022
3791,1709,2020-2021,Nouveau,2021-01-13,Génie Civil,S3,2020-2021
3792,1709,2023-2024,Réinscrit,2019-09-16,Génie Civil,S3,2023-2024
3793,1710,2021-2022,Nouveau,2023-06-10,Marketing,S2,2021-2022
3794,1710,2022-2023,Réinscrit,2022-02-26,Marketing,S4,2022-2023
3795,1710,2023-2024,Réinscrit,2019-01-21,Marketing,S3,2023-2024
3796,1710,2023-2024,Réinscrit,2020-09-05,Marketing,S2,2023-2024
3797,1711,2024-2025,Nouveau,2019-11-10,Droit des Affaires,S4,2024-2025
3798,1711,2020-2021,Réinscrit,2022-07-20,Droit des Affaires,S6,2020-2021
3799,1711,2020-2021,Réinscrit,2023-03-15,Droit des Affaires,S1,2020-2021
3800,1711,2021-2022,Réinscrit,2022-03-30,Droit des Affaires,S2,2021-2022
3801,1712,2023-2024,Nouveau,2018-10-18,Finance & Comptabilité,S4,2023-2024
3802,1712,2023-2024,Réinscrit,2023-05-28,Finance & Comptabilité,S1,2023-2024
3803,1712,2022-2023,Réinscrit,2023-06-07,Finance & Comptabilité,S3,2022-2023
3804,1712,2020-2021,Réinscrit,2023-09-19,Finance & Comptabilité,S5,2020-2021
3805,1713,2023-2024,Nouveau,2022-06-04,Finance & Comptabilité,S5,2023-2024
3806,1713,2022-2023,Réinscrit,2019-12-02,Finance & Comptabilité,S2,2022-2023
3807,1713,2023-2024,Réinscrit,2024-08-17,Finance & Comptabilité,S4,2023-2024
3808,1714,2021-2022,Nouveau,2018-09-29,Finance & Comptabilité,S3,2021-2022
3809,1715,2021-2022,Nouveau,2024-06-10,Finance & Comptabilité,S5,2021-2022
3810,1715,2023-2024,Réinscrit,2023-07-18,Finance & Comptabilité,S1,2023-2024
3811,1715,2023-2024,Réinscrit,2021-10-28,Finance & Comptabilité,S1,2023-2024
3812,1716,2023-2024,Nouveau,2023-10-30,Génie Informatique,S3,2023-2024
3813,1717,2024-2025,Nouveau,2022-10-22,Marketing,S3,2024-2025
3814,1718,2022-2023,Nouveau,2021-12-27,Marketing,S1,2022-2023
3815,1718,2024-2025,Réinscrit,2021-08-30,Marketing,S2,2024-2025
3816,1718,2022-2023,Réinscrit,2022-09-01,Marketing,S4,2022-2023
3817,1718,2020-2021,Réinscrit,2023-09-04,Marketing,S3,2020-2021
3818,1719,2020-2021,Nouveau,2019-12-02,Génie Informatique,S3,2020-2021
3819,1719,2020-2021,Réinscrit,2024-08-16,Génie Informatique,S6,2020-2021
3820,1719,2023-2024,Réinscrit,2021-06-15,Génie Informatique,S2,2023-2024
3821,1720,2024-2025,Nouveau,2019-09-23,Génie Civil,S2,2024-2025
3822,1721,2023-2024,Nouveau,2023-07-02,Marketing,S3,2023-2024
3823,1721,2022-2023,Réinscrit,2023-10-21,Marketing,S6,2022-2023
3824,1722,2024-2025,Nouveau,2023-10-22,Génie Electrique,S1,2024-2025
3825,1722,2020-2021,Réinscrit,2022-04-30,Génie Electrique,S3,2020-2021
3826,1723,2021-2022,Nouveau,2019-10-20,Marketing,S4,2021-2022
3827,1724,2022-2023,Nouveau,2022-01-19,Droit des Affaires,S4,2022-2023
3828,1725,2020-2021,Nouveau,2020-09-23,Marketing,S6,2020-2021
3829,1725,2022-2023,Réinscrit,2019-07-22,Marketing,S4,2022-2023
3830,1725,2020-2021,Réinscrit,2020-10-24,Marketing,S5,2020-2021
3831,1725,2022-2023,Réinscrit,2022-01-24,Marketing,S5,2022-2023
3832,1726,2020-2021,Nouveau,2022-11-11,Génie Civil,S5,2020-2021
3833,1726,2023-2024,Réinscrit,2021-01-29,Génie Civil,S4,2023-2024
3834,1727,2021-2022,Nouveau,2021-10-08,Génie Informatique,S5,2021-2022
3835,1727,2020-2021,Réinscrit,2023-02-19,Génie Informatique,S2,2020-2021
3836,1727,2022-2023,Réinscrit,2021-09-21,Génie Informatique,S1,2022-2023
3837,1728,2021-2022,Nouveau,2018-11-16,Génie Civil,S4,2021-2022
3838,1728,2021-2022,Réinscrit,2021-09-30,Génie Civil,S3,2021-2022
3839,1728,2023-2024,Réinscrit,2022-03-27,Génie Civil,S1,2023-2024
3840,1728,2021-2022,Réinscrit,2021-03-09,Génie Civil,S1,2021-2022
3841,1729,2021-2022,Nouveau,2019-05-20,Génie Civil,S5,2021-2022
3842,1729,2022-2023,Réinscrit,2023-10-31,Génie Civil,S5,2022-2023
3843,1729,2023-2024,Réinscrit,2022-05-09,Génie Civil,S5,2023-2024
3844,1730,2023-2024,Nouveau,2018-10-22,Génie Informatique,S3,2023-2024
3845,1730,2022-2023,Réinscrit,2022-04-02,Génie Informatique,S3,2022-2023
3846,1730,2023-2024,Réinscrit,2020-05-14,Génie Informatique,S4,2023-2024
3847,1730,2023-2024,Réinscrit,2021-01-10,Génie Informatique,S5,2023-2024
3848,1731,2023-2024,Nouveau,2021-07-14,Droit des Affaires,S4,2023-2024
3849,1731,2020-2021,Réinscrit,2019-07-19,Droit des Affaires,S6,2020-2021
3850,1732,2024-2025,Nouveau,2022-07-16,Génie Electrique,S1,2024-2025
3851,1732,2021-2022,Réinscrit,2024-08-09,Génie Electrique,S3,2021-2022
3852,1732,2022-2023,Réinscrit,2021-12-09,Génie Electrique,S3,2022-2023
3853,1732,2023-2024,Réinscrit,2023-11-28,Génie Electrique,S1,2023-2024
3854,1733,2024-2025,Nouveau,2020-07-14,Génie Informatique,S5,2024-2025
3855,1733,2022-2023,Réinscrit,2023-07-04,Génie Informatique,S4,2022-2023
3856,1734,2022-2023,Nouveau,2024-03-03,Génie Civil,S2,2022-2023
3857,1735,2024-2025,Nouveau,2020-02-22,Génie Informatique,S4,2024-2025
3858,1735,2024-2025,Réinscrit,2020-01-19,Génie Informatique,S1,2024-2025
3859,1735,2023-2024,Réinscrit,2021-02-11,Génie Informatique,S2,2023-2024
3860,1735,2020-2021,Réinscrit,2021-11-29,Génie Informatique,S2,2020-2021
3861,1736,2023-2024,Nouveau,2023-04-01,Droit des Affaires,S3,2023-2024
3862,1736,2021-2022,Réinscrit,2023-05-10,Droit des Affaires,S5,2021-2022
3863,1737,2022-2023,Nouveau,2022-09-27,Marketing,S6,2022-2023
3864,1737,2020-2021,Réinscrit,2022-03-25,Marketing,S5,2020-2021
3865,1737,2024-2025,Réinscrit,2024-08-21,Marketing,S4,2024-2025
3866,1738,2023-2024,Nouveau,2024-03-19,Marketing,S4,2023-2024
3867,1738,2022-2023,Réinscrit,2023-09-15,Marketing,S2,2022-2023
3868,1739,2023-2024,Nouveau,2021-11-25,Génie Electrique,S1,2023-2024
3869,1739,2024-2025,Réinscrit,2022-05-31,Génie Electrique,S4,2024-2025
3870,1740,2020-2021,Nouveau,2022-12-19,Génie Electrique,S5,2020-2021
3871,1740,2023-2024,Réinscrit,2023-05-11,Génie Electrique,S4,2023-2024
3872,1741,2020-2021,Nouveau,2021-03-07,Génie Informatique,S2,2020-2021
3873,1741,2024-2025,Réinscrit,2024-04-23,Génie Informatique,S1,2024-2025
3874,1742,2020-2021,Nouveau,2022-04-24,Génie Informatique,S5,2020-2021
3875,1742,2021-2022,Réinscrit,2020-07-13,Génie Informatique,S5,2021-2022
3876,1742,2023-2024,Réinscrit,2019-09-08,Génie Informatique,S3,2023-2024
3877,1742,2020-2021,Réinscrit,2023-01-12,Génie Informatique,S5,2020-2021
3878,1743,2021-2022,Nouveau,2023-10-20,Génie Informatique,S3,2021-2022
3879,1743,2021-2022,Réinscrit,2020-08-18,Génie Informatique,S4,2021-2022
3880,1744,2022-2023,Nouveau,2020-02-26,Finance & Comptabilité,S3,2022-2023
3881,1744,2020-2021,Réinscrit,2019-01-05,Finance & Comptabilité,S2,2020-2021
3882,1745,2023-2024,Nouveau,2021-05-31,Génie Civil,S6,2023-2024
3883,1745,2024-2025,Réinscrit,2023-08-23,Génie Civil,S2,2024-2025
3884,1745,2021-2022,Réinscrit,2023-11-03,Génie Civil,S5,2021-2022
3885,1745,2020-2021,Réinscrit,2022-05-19,Génie Civil,S2,2020-2021
3886,1746,2023-2024,Nouveau,2019-06-14,Génie Civil,S1,2023-2024
3887,1746,2020-2021,Réinscrit,2023-03-23,Génie Civil,S5,2020-2021
3888,1747,2023-2024,Nouveau,2019-06-16,Droit des Affaires,S4,2023-2024
3889,1747,2022-2023,Réinscrit,2024-09-09,Droit des Affaires,S1,2022-2023
3890,1747,2024-2025,Réinscrit,2024-08-27,Droit des Affaires,S6,2024-2025
3891,1747,2020-2021,Réinscrit,2023-08-02,Droit des Affaires,S4,2020-2021
3892,1748,2022-2023,Nouveau,2023-02-18,Génie Electrique,S6,2022-2023
3893,1749,2022-2023,Nouveau,2023-02-23,Marketing,S6,2022-2023
3894,1750,2023-2024,Nouveau,2020-01-22,Droit des Affaires,S1,2023-2024
3895,1750,2021-2022,Réinscrit,2021-08-11,Droit des Affaires,S5,2021-2022
3896,1750,2020-2021,Réinscrit,2020-07-24,Droit des Affaires,S3,2020-2021
3897,1750,2023-2024,Réinscrit,2022-06-23,Droit des Affaires,S2,2023-2024
3898,1751,2023-2024,Nouveau,2021-01-08,Droit des Affaires,S3,2023-2024
3899,1751,2020-2021,Réinscrit,2022-05-14,Droit des Affaires,S6,2020-2021
3900,1752,2023-2024,Nouveau,2024-03-06,Droit des Affaires,S2,2023-2024
3901,1753,2022-2023,Nouveau,2021-12-23,Marketing,S6,2022-2023
3902,1753,2023-2024,Réinscrit,2022-05-17,Marketing,S4,2023-2024
3903,1753,2022-2023,Réinscrit,2021-10-02,Marketing,S5,2022-2023
3904,1754,2021-2022,Nouveau,2020-04-29,Marketing,S5,2021-2022
3905,1755,2020-2021,Nouveau,2021-02-22,Marketing,S3,2020-2021
3906,1755,2024-2025,Réinscrit,2022-09-25,Marketing,S6,2024-2025
3907,1755,2022-2023,Réinscrit,2022-02-08,Marketing,S6,2022-2023
3908,1756,2024-2025,Nouveau,2022-01-31,Génie Civil,S4,2024-2025
3909,1756,2023-2024,Réinscrit,2021-12-21,Génie Civil,S2,2023-2024
3910,1757,2021-2022,Nouveau,2021-12-11,Finance & Comptabilité,S4,2021-2022
3911,1757,2022-2023,Réinscrit,2021-03-22,Finance & Comptabilité,S1,2022-2023
3912,1758,2024-2025,Nouveau,2022-01-23,Droit des Affaires,S2,2024-2025
3913,1758,2024-2025,Réinscrit,2018-10-20,Droit des Affaires,S3,2024-2025
3914,1759,2024-2025,Nouveau,2024-06-17,Marketing,S4,2024-2025
3915,1759,2023-2024,Réinscrit,2020-07-29,Marketing,S3,2023-2024
3916,1759,2021-2022,Réinscrit,2024-04-14,Marketing,S3,2021-2022
3917,1760,2023-2024,Nouveau,2024-02-09,Génie Electrique,S6,2023-2024
3918,1760,2021-2022,Réinscrit,2024-07-22,Génie Electrique,S4,2021-2022
3919,1760,2021-2022,Réinscrit,2024-02-04,Génie Electrique,S4,2021-2022
3920,1761,2020-2021,Nouveau,2022-07-04,Génie Informatique,S2,2020-2021
3921,1762,2021-2022,Nouveau,2021-03-07,Génie Informatique,S2,2021-2022
3922,1762,2022-2023,Réinscrit,2020-01-03,Génie Informatique,S6,2022-2023
3923,1762,2021-2022,Réinscrit,2022-08-31,Génie Informatique,S4,2021-2022
3924,1763,2024-2025,Nouveau,2018-10-20,Génie Electrique,S6,2024-2025
3925,1763,2024-2025,Réinscrit,2021-03-24,Génie Electrique,S6,2024-2025
3926,1763,2021-2022,Réinscrit,2022-09-29,Génie Electrique,S6,2021-2022
3927,1763,2020-2021,Réinscrit,2023-02-19,Génie Electrique,S6,2020-2021
3928,1764,2022-2023,Nouveau,2024-05-10,Génie Electrique,S1,2022-2023
3929,1765,2024-2025,Nouveau,2024-08-30,Génie Electrique,S6,2024-2025
3930,1765,2024-2025,Réinscrit,2019-07-23,Génie Electrique,S1,2024-2025
3931,1765,2023-2024,Réinscrit,2024-07-12,Génie Electrique,S2,2023-2024
3932,1766,2022-2023,Nouveau,2020-09-18,Finance & Comptabilité,S6,2022-2023
3933,1766,2021-2022,Réinscrit,2021-03-24,Finance & Comptabilité,S6,2021-2022
3934,1767,2021-2022,Nouveau,2019-02-12,Génie Informatique,S5,2021-2022
3935,1767,2022-2023,Réinscrit,2021-10-11,Génie Informatique,S1,2022-2023
3936,1767,2021-2022,Réinscrit,2019-05-19,Génie Informatique,S2,2021-2022
3937,1767,2024-2025,Réinscrit,2022-01-23,Génie Informatique,S1,2024-2025
3938,1768,2021-2022,Nouveau,2021-05-27,Finance & Comptabilité,S5,2021-2022
3939,1768,2024-2025,Réinscrit,2024-01-07,Finance & Comptabilité,S4,2024-2025
3940,1769,2024-2025,Nouveau,2019-03-29,Marketing,S3,2024-2025
3941,1770,2021-2022,Nouveau,2024-01-12,Génie Informatique,S1,2021-2022
3942,1771,2020-2021,Nouveau,2024-01-02,Génie Electrique,S2,2020-2021
3943,1771,2020-2021,Réinscrit,2024-09-30,Génie Electrique,S5,2020-2021
3944,1771,2021-2022,Réinscrit,2024-02-17,Génie Electrique,S3,2021-2022
3945,1771,2024-2025,Réinscrit,2018-10-10,Génie Electrique,S5,2024-2025
3946,1772,2020-2021,Nouveau,2023-08-19,Finance & Comptabilité,S6,2020-2021
3947,1772,2021-2022,Réinscrit,2023-10-13,Finance & Comptabilité,S1,2021-2022
3948,1772,2022-2023,Réinscrit,2023-03-26,Finance & Comptabilité,S5,2022-2023
3949,1772,2022-2023,Réinscrit,2024-03-10,Finance & Comptabilité,S6,2022-2023
3950,1773,2022-2023,Nouveau,2024-05-09,Génie Civil,S4,2022-2023
3951,1773,2024-2025,Réinscrit,2021-11-06,Génie Civil,S6,2024-2025
3952,1774,2022-2023,Nouveau,2024-08-19,Génie Informatique,S2,2022-2023
3953,1774,2022-2023,Réinscrit,2021-10-02,Génie Informatique,S6,2022-2023
3954,1774,2024-2025,Réinscrit,2024-04-22,Génie Informatique,S3,2024-2025
3955,1775,2020-2021,Nouveau,2020-09-16,Droit des Affaires,S4,2020-2021
3956,1775,2020-2021,Réinscrit,2022-03-31,Droit des Affaires,S5,2020-2021
3957,1775,2023-2024,Réinscrit,2024-03-23,Droit des Affaires,S2,2023-2024
3958,1775,2021-2022,Réinscrit,2019-05-27,Droit des Affaires,S4,2021-2022
3959,1776,2020-2021,Nouveau,2023-08-21,Génie Electrique,S3,2020-2021
3960,1776,2024-2025,Réinscrit,2020-09-18,Génie Electrique,S2,2024-2025
3961,1776,2020-2021,Réinscrit,2021-04-07,Génie Electrique,S2,2020-2021
3962,1777,2024-2025,Nouveau,2022-02-02,Génie Electrique,S3,2024-2025
3963,1777,2024-2025,Réinscrit,2023-12-16,Génie Electrique,S1,2024-2025
3964,1777,2022-2023,Réinscrit,2021-01-09,Génie Electrique,S5,2022-2023
3965,1778,2022-2023,Nouveau,2020-06-02,Marketing,S2,2022-2023
3966,1778,2023-2024,Réinscrit,2020-08-04,Marketing,S2,2023-2024
3967,1779,2022-2023,Nouveau,2024-06-16,Finance & Comptabilité,S4,2022-2023
3968,1779,2024-2025,Réinscrit,2023-05-05,Finance & Comptabilité,S6,2024-2025
3969,1780,2021-2022,Nouveau,2021-08-12,Marketing,S4,2021-2022
3970,1780,2022-2023,Réinscrit,2022-10-28,Marketing,S2,2022-2023
3971,1780,2022-2023,Réinscrit,2022-05-29,Marketing,S6,2022-2023
3972,1781,2022-2023,Nouveau,2023-09-17,Génie Civil,S3,2022-2023
3973,1781,2023-2024,Réinscrit,2023-01-29,Génie Civil,S4,2023-2024
3974,1781,2020-2021,Réinscrit,2023-03-14,Génie Civil,S1,2020-2021
3975,1782,2022-2023,Nouveau,2020-03-27,Droit des Affaires,S4,2022-2023
3976,1782,2022-2023,Réinscrit,2018-11-19,Droit des Affaires,S6,2022-2023
3977,1782,2021-2022,Réinscrit,2021-01-02,Droit des Affaires,S6,2021-2022
3978,1782,2022-2023,Réinscrit,2021-12-21,Droit des Affaires,S3,2022-2023
3979,1783,2022-2023,Nouveau,2023-06-18,Génie Civil,S4,2022-2023
3980,1784,2024-2025,Nouveau,2020-11-25,Marketing,S2,2024-2025
3981,1784,2024-2025,Réinscrit,2024-04-22,Marketing,S4,2024-2025
3982,1784,2022-2023,Réinscrit,2019-11-12,Marketing,S1,2022-2023
3983,1785,2021-2022,Nouveau,2022-04-26,Génie Informatique,S6,2021-2022
3984,1785,2023-2024,Réinscrit,2023-12-08,Génie Informatique,S1,2023-2024
3985,1786,2023-2024,Nouveau,2021-06-20,Génie Informatique,S3,2023-2024
3986,1786,2024-2025,Réinscrit,2022-11-15,Génie Informatique,S1,2024-2025
3987,1786,2020-2021,Réinscrit,2019-04-18,Génie Informatique,S6,2020-2021
3988,1786,2022-2023,Réinscrit,2021-10-05,Génie Informatique,S5,2022-2023
3989,1787,2023-2024,Nouveau,2021-11-08,Marketing,S1,2023-2024
3990,1787,2023-2024,Réinscrit,2020-03-04,Marketing,S6,2023-2024
3991,1787,2020-2021,Réinscrit,2022-04-22,Marketing,S6,2020-2021
3992,1788,2021-2022,Nouveau,2020-05-09,Droit des Affaires,S5,2021-2022
3993,1788,2022-2023,Réinscrit,2020-11-28,Droit des Affaires,S5,2022-2023
3994,1788,2020-2021,Réinscrit,2023-08-01,Droit des Affaires,S2,2020-2021
3995,1788,2022-2023,Réinscrit,2021-08-03,Droit des Affaires,S5,2022-2023
3996,1789,2020-2021,Nouveau,2020-03-29,Droit des Affaires,S1,2020-2021
3997,1789,2022-2023,Réinscrit,2022-09-19,Droit des Affaires,S4,2022-2023
3998,1789,2021-2022,Réinscrit,2020-09-24,Droit des Affaires,S3,2021-2022
3999,1790,2021-2022,Nouveau,2023-11-01,Marketing,S3,2021-2022
4000,1790,2022-2023,Réinscrit,2020-11-24,Marketing,S6,2022-2023
4001,1790,2022-2023,Réinscrit,2021-07-12,Marketing,S5,2022-2023
4002,1790,2020-2021,Réinscrit,2020-03-28,Marketing,S1,2020-2021
4003,1791,2023-2024,Nouveau,2023-02-10,Génie Informatique,S4,2023-2024
4004,1791,2020-2021,Réinscrit,2024-08-04,Génie Informatique,S1,2020-2021
4005,1791,2024-2025,Réinscrit,2022-11-08,Génie Informatique,S1,2024-2025
4006,1791,2024-2025,Réinscrit,2023-07-27,Génie Informatique,S1,2024-2025
4007,1792,2024-2025,Nouveau,2024-03-08,Finance & Comptabilité,S3,2024-2025
4008,1792,2024-2025,Réinscrit,2022-05-30,Finance & Comptabilité,S6,2024-2025
4009,1792,2020-2021,Réinscrit,2019-07-07,Finance & Comptabilité,S5,2020-2021
4010,1793,2024-2025,Nouveau,2019-12-05,Droit des Affaires,S5,2024-2025
4011,1794,2024-2025,Nouveau,2019-08-26,Droit des Affaires,S5,2024-2025
4012,1794,2023-2024,Réinscrit,2020-10-21,Droit des Affaires,S1,2023-2024
4013,1795,2022-2023,Nouveau,2023-11-21,Marketing,S4,2022-2023
4014,1795,2021-2022,Réinscrit,2022-05-16,Marketing,S1,2021-2022
4015,1795,2021-2022,Réinscrit,2022-06-23,Marketing,S4,2021-2022
4016,1795,2024-2025,Réinscrit,2023-07-08,Marketing,S1,2024-2025
4017,1796,2024-2025,Nouveau,2021-12-17,Droit des Affaires,S1,2024-2025
4018,1796,2024-2025,Réinscrit,2023-01-15,Droit des Affaires,S1,2024-2025
4019,1796,2020-2021,Réinscrit,2021-03-11,Droit des Affaires,S3,2020-2021
4020,1796,2023-2024,Réinscrit,2020-05-09,Droit des Affaires,S3,2023-2024
4021,1797,2024-2025,Nouveau,2022-04-30,Génie Electrique,S5,2024-2025
4022,1797,2023-2024,Réinscrit,2020-11-29,Génie Electrique,S5,2023-2024
4023,1798,2024-2025,Nouveau,2020-05-18,Finance & Comptabilité,S2,2024-2025
4024,1798,2021-2022,Réinscrit,2020-12-23,Finance & Comptabilité,S3,2021-2022
4025,1798,2021-2022,Réinscrit,2019-10-19,Finance & Comptabilité,S1,2021-2022
4026,1799,2021-2022,Nouveau,2024-09-21,Marketing,S3,2021-2022
4027,1800,2022-2023,Nouveau,2022-03-15,Génie Electrique,S2,2022-2023
4028,1801,2021-2022,Nouveau,2022-01-23,Génie Electrique,S2,2021-2022
4029,1801,2023-2024,Réinscrit,2021-09-15,Génie Electrique,S2,2023-2024
4030,1802,2022-2023,Nouveau,2018-12-21,Marketing,S2,2022-2023
4031,1802,2023-2024,Réinscrit,2020-01-18,Marketing,S4,2023-2024
4032,1803,2023-2024,Nouveau,2021-01-02,Marketing,S4,2023-2024
4033,1804,2023-2024,Nouveau,2023-08-02,Marketing,S4,2023-2024
4034,1805,2021-2022,Nouveau,2022-12-07,Génie Electrique,S5,2021-2022
4035,1805,2020-2021,Réinscrit,2019-09-16,Génie Electrique,S2,2020-2021
4036,1806,2021-2022,Nouveau,2021-01-06,Génie Civil,S1,2021-2022
4037,1807,2024-2025,Nouveau,2022-09-07,Marketing,S6,2024-2025
4038,1807,2022-2023,Réinscrit,2023-04-28,Marketing,S2,2022-2023
4039,1807,2021-2022,Réinscrit,2019-09-07,Marketing,S5,2021-2022
4040,1807,2022-2023,Réinscrit,2024-01-10,Marketing,S3,2022-2023
4041,1808,2023-2024,Nouveau,2018-11-06,Marketing,S1,2023-2024
4042,1809,2023-2024,Nouveau,2023-02-26,Finance & Comptabilité,S1,2023-2024
4043,1809,2022-2023,Réinscrit,2022-09-16,Finance & Comptabilité,S3,2022-2023
4044,1809,2020-2021,Réinscrit,2023-07-15,Finance & Comptabilité,S6,2020-2021
4045,1809,2022-2023,Réinscrit,2021-03-28,Finance & Comptabilité,S6,2022-2023
4046,1810,2023-2024,Nouveau,2023-12-14,Marketing,S1,2023-2024
4047,1811,2022-2023,Nouveau,2019-03-05,Droit des Affaires,S2,2022-2023
4048,1811,2021-2022,Réinscrit,2020-08-27,Droit des Affaires,S5,2021-2022
4049,1811,2020-2021,Réinscrit,2020-02-07,Droit des Affaires,S5,2020-2021
4050,1812,2021-2022,Nouveau,2023-12-08,Droit des Affaires,S1,2021-2022
4051,1812,2020-2021,Réinscrit,2021-01-07,Droit des Affaires,S6,2020-2021
4052,1813,2022-2023,Nouveau,2023-04-27,Finance & Comptabilité,S2,2022-2023
4053,1813,2023-2024,Réinscrit,2020-08-07,Finance & Comptabilité,S2,2023-2024
4054,1813,2024-2025,Réinscrit,2020-05-13,Finance & Comptabilité,S6,2024-2025
4055,1814,2022-2023,Nouveau,2019-11-23,Finance & Comptabilité,S2,2022-2023
4056,1814,2020-2021,Réinscrit,2024-03-30,Finance & Comptabilité,S2,2020-2021
4057,1815,2023-2024,Nouveau,2022-11-07,Génie Civil,S3,2023-2024
4058,1815,2024-2025,Réinscrit,2022-04-08,Génie Civil,S1,2024-2025
4059,1815,2020-2021,Réinscrit,2022-05-21,Génie Civil,S1,2020-2021
4060,1816,2020-2021,Nouveau,2020-04-14,Marketing,S4,2020-2021
4061,1816,2020-2021,Réinscrit,2024-09-18,Marketing,S4,2020-2021
4062,1816,2024-2025,Réinscrit,2024-07-22,Marketing,S2,2024-2025
4063,1816,2021-2022,Réinscrit,2019-10-16,Marketing,S1,2021-2022
4064,1817,2021-2022,Nouveau,2019-09-13,Génie Civil,S4,2021-2022
4065,1817,2020-2021,Réinscrit,2019-12-05,Génie Civil,S4,2020-2021
4066,1817,2023-2024,Réinscrit,2023-04-28,Génie Civil,S5,2023-2024
4067,1818,2021-2022,Nouveau,2018-09-03,Droit des Affaires,S3,2021-2022
4068,1818,2023-2024,Réinscrit,2023-12-07,Droit des Affaires,S3,2023-2024
4069,1818,2021-2022,Réinscrit,2022-04-15,Droit des Affaires,S6,2021-2022
4070,1818,2024-2025,Réinscrit,2022-10-07,Droit des Affaires,S5,2024-2025
4071,1819,2023-2024,Nouveau,2024-03-11,Génie Electrique,S6,2023-2024
4072,1820,2021-2022,Nouveau,2021-02-15,Génie Civil,S5,2021-2022
4073,1820,2021-2022,Réinscrit,2020-04-07,Génie Civil,S2,2021-2022
4074,1821,2020-2021,Nouveau,2023-03-13,Génie Informatique,S3,2020-2021
4075,1822,2021-2022,Nouveau,2021-03-15,Génie Informatique,S3,2021-2022
4076,1823,2022-2023,Nouveau,2022-05-09,Génie Informatique,S6,2022-2023
4077,1823,2023-2024,Réinscrit,2024-06-30,Génie Informatique,S5,2023-2024
4078,1824,2021-2022,Nouveau,2022-05-06,Finance & Comptabilité,S4,2021-2022
4079,1824,2022-2023,Réinscrit,2020-04-17,Finance & Comptabilité,S5,2022-2023
4080,1824,2020-2021,Réinscrit,2022-12-26,Finance & Comptabilité,S6,2020-2021
4081,1825,2021-2022,Nouveau,2020-09-16,Droit des Affaires,S1,2021-2022
4082,1826,2020-2021,Nouveau,2021-05-02,Génie Informatique,S2,2020-2021
4083,1826,2023-2024,Réinscrit,2022-04-14,Génie Informatique,S1,2023-2024
4084,1827,2023-2024,Nouveau,2022-07-10,Droit des Affaires,S2,2023-2024
4085,1827,2024-2025,Réinscrit,2023-03-20,Droit des Affaires,S4,2024-2025
4086,1827,2021-2022,Réinscrit,2023-10-01,Droit des Affaires,S5,2021-2022
4087,1827,2022-2023,Réinscrit,2023-08-07,Droit des Affaires,S1,2022-2023
4088,1828,2024-2025,Nouveau,2022-06-13,Génie Civil,S3,2024-2025
4089,1828,2021-2022,Réinscrit,2021-07-12,Génie Civil,S3,2021-2022
4090,1828,2023-2024,Réinscrit,2023-10-14,Génie Civil,S6,2023-2024
4091,1829,2022-2023,Nouveau,2024-06-27,Marketing,S3,2022-2023
4092,1830,2022-2023,Nouveau,2023-06-14,Finance & Comptabilité,S6,2022-2023
4093,1831,2024-2025,Nouveau,2020-01-31,Finance & Comptabilité,S1,2024-2025
4094,1832,2023-2024,Nouveau,2019-11-30,Génie Informatique,S1,2023-2024
4095,1832,2024-2025,Réinscrit,2021-12-25,Génie Informatique,S2,2024-2025
4096,1833,2022-2023,Nouveau,2023-09-28,Génie Electrique,S4,2022-2023
4097,1833,2024-2025,Réinscrit,2019-08-06,Génie Electrique,S5,2024-2025
4098,1833,2021-2022,Réinscrit,2023-02-15,Génie Electrique,S5,2021-2022
4099,1834,2021-2022,Nouveau,2021-02-25,Génie Electrique,S1,2021-2022
4100,1834,2021-2022,Réinscrit,2022-08-20,Génie Electrique,S5,2021-2022
4101,1835,2024-2025,Nouveau,2024-08-13,Marketing,S5,2024-2025
4102,1835,2020-2021,Réinscrit,2024-08-23,Marketing,S3,2020-2021
4103,1836,2024-2025,Nouveau,2020-07-15,Droit des Affaires,S3,2024-2025
4104,1836,2021-2022,Réinscrit,2019-10-16,Droit des Affaires,S6,2021-2022
4105,1837,2024-2025,Nouveau,2021-03-15,Génie Civil,S6,2024-2025
4106,1837,2021-2022,Réinscrit,2024-09-24,Génie Civil,S5,2021-2022
4107,1838,2021-2022,Nouveau,2021-10-15,Génie Informatique,S1,2021-2022
4108,1838,2023-2024,Réinscrit,2021-12-28,Génie Informatique,S4,2023-2024
4109,1838,2024-2025,Réinscrit,2023-05-23,Génie Informatique,S4,2024-2025
4110,1838,2023-2024,Réinscrit,2022-04-11,Génie Informatique,S2,2023-2024
4111,1839,2020-2021,Nouveau,2019-07-04,Droit des Affaires,S3,2020-2021
4112,1839,2024-2025,Réinscrit,2022-02-28,Droit des Affaires,S2,2024-2025
4113,1839,2024-2025,Réinscrit,2019-06-01,Droit des Affaires,S1,2024-2025
4114,1840,2021-2022,Nouveau,2020-04-11,Génie Civil,S4,2021-2022
4115,1840,2021-2022,Réinscrit,2021-05-21,Génie Civil,S4,2021-2022
4116,1840,2021-2022,Réinscrit,2023-05-14,Génie Civil,S4,2021-2022
4117,1840,2024-2025,Réinscrit,2020-11-01,Génie Civil,S2,2024-2025
4118,1841,2020-2021,Nouveau,2021-03-15,Droit des Affaires,S3,2020-2021
4119,1841,2021-2022,Réinscrit,2023-03-03,Droit des Affaires,S1,2021-2022
4120,1841,2024-2025,Réinscrit,2020-05-14,Droit des Affaires,S2,2024-2025
4121,1842,2021-2022,Nouveau,2021-10-03,Génie Electrique,S3,2021-2022
4122,1842,2020-2021,Réinscrit,2019-12-25,Génie Electrique,S5,2020-2021
4123,1842,2022-2023,Réinscrit,2024-07-18,Génie Electrique,S1,2022-2023
4124,1842,2024-2025,Réinscrit,2023-12-13,Génie Electrique,S2,2024-2025
4125,1843,2022-2023,Nouveau,2020-01-25,Génie Electrique,S5,2022-2023
4126,1843,2024-2025,Réinscrit,2023-10-06,Génie Electrique,S2,2024-2025
4127,1843,2020-2021,Réinscrit,2022-06-30,Génie Electrique,S3,2020-2021
4128,1843,2020-2021,Réinscrit,2022-12-11,Génie Electrique,S3,2020-2021
4129,1844,2023-2024,Nouveau,2023-06-11,Génie Informatique,S5,2023-2024
4130,1845,2023-2024,Nouveau,2021-12-06,Génie Electrique,S2,2023-2024
4131,1845,2024-2025,Réinscrit,2019-10-28,Génie Electrique,S1,2024-2025
4132,1846,2021-2022,Nouveau,2024-03-18,Génie Electrique,S6,2021-2022
4133,1846,2023-2024,Réinscrit,2023-05-25,Génie Electrique,S1,2023-2024
4134,1846,2020-2021,Réinscrit,2021-10-22,Génie Electrique,S6,2020-2021
4135,1847,2022-2023,Nouveau,2024-05-12,Marketing,S3,2022-2023
4136,1847,2023-2024,Réinscrit,2021-06-26,Marketing,S3,2023-2024
4137,1847,2020-2021,Réinscrit,2018-10-23,Marketing,S1,2020-2021
4138,1848,2021-2022,Nouveau,2024-03-20,Marketing,S2,2021-2022
4139,1848,2024-2025,Réinscrit,2023-07-13,Marketing,S6,2024-2025
4140,1848,2022-2023,Réinscrit,2019-10-31,Marketing,S6,2022-2023
4141,1848,2023-2024,Réinscrit,2022-11-18,Marketing,S5,2023-2024
4142,1849,2020-2021,Nouveau,2019-11-16,Génie Electrique,S5,2020-2021
4143,1849,2020-2021,Réinscrit,2019-09-24,Génie Electrique,S1,2020-2021
4144,1849,2021-2022,Réinscrit,2022-09-17,Génie Electrique,S5,2021-2022
4145,1849,2024-2025,Réinscrit,2023-05-25,Génie Electrique,S4,2024-2025
4146,1850,2022-2023,Nouveau,2023-08-09,Génie Informatique,S4,2022-2023
4147,1851,2023-2024,Nouveau,2023-07-05,Génie Informatique,S6,2023-2024
4148,1852,2021-2022,Nouveau,2020-09-10,Droit des Affaires,S1,2021-2022
4149,1853,2020-2021,Nouveau,2021-12-11,Génie Electrique,S4,2020-2021
4150,1853,2020-2021,Réinscrit,2023-10-15,Génie Electrique,S3,2020-2021
4151,1853,2022-2023,Réinscrit,2022-07-11,Génie Electrique,S3,2022-2023
4152,1854,2022-2023,Nouveau,2023-09-01,Génie Electrique,S1,2022-2023
4153,1854,2022-2023,Réinscrit,2023-10-21,Génie Electrique,S6,2022-2023
4154,1855,2021-2022,Nouveau,2021-01-05,Finance & Comptabilité,S5,2021-2022
4155,1855,2024-2025,Réinscrit,2022-04-11,Finance & Comptabilité,S6,2024-2025
4156,1855,2023-2024,Réinscrit,2022-07-29,Finance & Comptabilité,S2,2023-2024
4157,1856,2020-2021,Nouveau,2022-05-30,Droit des Affaires,S3,2020-2021
4158,1856,2024-2025,Réinscrit,2024-09-13,Droit des Affaires,S6,2024-2025
4159,1856,2021-2022,Réinscrit,2022-03-20,Droit des Affaires,S3,2021-2022
4160,1856,2020-2021,Réinscrit,2019-09-06,Droit des Affaires,S6,2020-2021
4161,1857,2022-2023,Nouveau,2024-03-29,Marketing,S6,2022-2023
4162,1857,2021-2022,Réinscrit,2022-12-16,Marketing,S2,2021-2022
4163,1857,2022-2023,Réinscrit,2024-02-10,Marketing,S3,2022-2023
4164,1857,2022-2023,Réinscrit,2023-07-30,Marketing,S3,2022-2023
4165,1858,2021-2022,Nouveau,2022-04-15,Marketing,S1,2021-2022
4166,1858,2020-2021,Réinscrit,2020-10-17,Marketing,S5,2020-2021
4167,1859,2024-2025,Nouveau,2021-12-27,Génie Informatique,S5,2024-2025
4168,1859,2024-2025,Réinscrit,2020-08-29,Génie Informatique,S4,2024-2025
4169,1859,2024-2025,Réinscrit,2019-07-09,Génie Informatique,S2,2024-2025
4170,1860,2020-2021,Nouveau,2023-03-16,Génie Civil,S3,2020-2021
4171,1861,2022-2023,Nouveau,2024-08-22,Génie Civil,S3,2022-2023
4172,1861,2023-2024,Réinscrit,2020-02-27,Génie Civil,S4,2023-2024
4173,1862,2022-2023,Nouveau,2019-08-03,Génie Electrique,S3,2022-2023
4174,1863,2023-2024,Nouveau,2019-02-15,Génie Electrique,S2,2023-2024
4175,1863,2024-2025,Réinscrit,2020-05-27,Génie Electrique,S6,2024-2025
4176,1864,2020-2021,Nouveau,2024-03-18,Droit des Affaires,S2,2020-2021
4177,1864,2021-2022,Réinscrit,2021-06-01,Droit des Affaires,S2,2021-2022
4178,1864,2023-2024,Réinscrit,2021-02-01,Droit des Affaires,S2,2023-2024
4179,1865,2022-2023,Nouveau,2021-05-26,Finance & Comptabilité,S1,2022-2023
4180,1866,2023-2024,Nouveau,2023-04-25,Finance & Comptabilité,S5,2023-2024
4181,1866,2024-2025,Réinscrit,2020-10-27,Finance & Comptabilité,S4,2024-2025
4182,1866,2021-2022,Réinscrit,2024-06-25,Finance & Comptabilité,S5,2021-2022
4183,1866,2023-2024,Réinscrit,2023-01-03,Finance & Comptabilité,S6,2023-2024
4184,1867,2022-2023,Nouveau,2021-08-15,Génie Informatique,S4,2022-2023
4185,1867,2022-2023,Réinscrit,2022-10-03,Génie Informatique,S2,2022-2023
4186,1867,2022-2023,Réinscrit,2024-09-22,Génie Informatique,S3,2022-2023
4187,1868,2021-2022,Nouveau,2022-04-10,Droit des Affaires,S6,2021-2022
4188,1869,2024-2025,Nouveau,2020-02-10,Génie Civil,S1,2024-2025
4189,1869,2024-2025,Réinscrit,2024-01-01,Génie Civil,S5,2024-2025
4190,1870,2020-2021,Nouveau,2021-03-22,Finance & Comptabilité,S6,2020-2021
4191,1870,2022-2023,Réinscrit,2021-03-06,Finance & Comptabilité,S4,2022-2023
4192,1870,2022-2023,Réinscrit,2019-04-06,Finance & Comptabilité,S4,2022-2023
4193,1871,2023-2024,Nouveau,2023-07-23,Génie Civil,S1,2023-2024
4194,1871,2021-2022,Réinscrit,2018-11-30,Génie Civil,S5,2021-2022
4195,1871,2023-2024,Réinscrit,2019-04-24,Génie Civil,S3,2023-2024
4196,1871,2023-2024,Réinscrit,2020-04-28,Génie Civil,S1,2023-2024
4197,1872,2020-2021,Nouveau,2021-10-05,Droit des Affaires,S5,2020-2021
4198,1872,2022-2023,Réinscrit,2018-12-22,Droit des Affaires,S6,2022-2023
4199,1872,2024-2025,Réinscrit,2024-03-03,Droit des Affaires,S4,2024-2025
4200,1873,2023-2024,Nouveau,2021-01-29,Finance & Comptabilité,S6,2023-2024
4201,1873,2023-2024,Réinscrit,2022-02-21,Finance & Comptabilité,S5,2023-2024
4202,1874,2022-2023,Nouveau,2021-04-10,Marketing,S5,2022-2023
4203,1874,2024-2025,Réinscrit,2023-03-26,Marketing,S2,2024-2025
4204,1874,2024-2025,Réinscrit,2022-03-12,Marketing,S1,2024-2025
4205,1875,2022-2023,Nouveau,2020-01-04,Génie Electrique,S1,2022-2023
4206,1876,2024-2025,Nouveau,2023-04-22,Finance & Comptabilité,S6,2024-2025
4207,1877,2021-2022,Nouveau,2021-06-16,Finance & Comptabilité,S5,2021-2022
4208,1877,2021-2022,Réinscrit,2020-09-12,Finance & Comptabilité,S1,2021-2022
4209,1878,2020-2021,Nouveau,2022-05-22,Droit des Affaires,S1,2020-2021
4210,1878,2020-2021,Réinscrit,2023-03-11,Droit des Affaires,S5,2020-2021
4211,1878,2023-2024,Réinscrit,2023-03-28,Droit des Affaires,S4,2023-2024
4212,1878,2023-2024,Réinscrit,2020-03-21,Droit des Affaires,S3,2023-2024
4213,1879,2020-2021,Nouveau,2022-02-26,Génie Informatique,S3,2020-2021
4214,1879,2021-2022,Réinscrit,2023-06-29,Génie Informatique,S3,2021-2022
4215,1880,2020-2021,Nouveau,2020-09-25,Marketing,S3,2020-2021
4216,1880,2023-2024,Réinscrit,2020-11-30,Marketing,S2,2023-2024
4217,1880,2022-2023,Réinscrit,2019-08-01,Marketing,S3,2022-2023
4218,1880,2023-2024,Réinscrit,2019-09-21,Marketing,S5,2023-2024
4219,1881,2020-2021,Nouveau,2019-05-08,Génie Electrique,S5,2020-2021
4220,1881,2020-2021,Réinscrit,2022-11-07,Génie Electrique,S1,2020-2021
4221,1881,2021-2022,Réinscrit,2018-09-08,Génie Electrique,S5,2021-2022
4222,1882,2020-2021,Nouveau,2022-05-01,Marketing,S4,2020-2021
4223,1883,2020-2021,Nouveau,2022-11-14,Droit des Affaires,S1,2020-2021
4224,1883,2021-2022,Réinscrit,2020-10-12,Droit des Affaires,S6,2021-2022
4225,1883,2024-2025,Réinscrit,2024-04-02,Droit des Affaires,S2,2024-2025
4226,1884,2022-2023,Nouveau,2019-10-03,Droit des Affaires,S6,2022-2023
4227,1884,2021-2022,Réinscrit,2022-11-11,Droit des Affaires,S5,2021-2022
4228,1885,2023-2024,Nouveau,2020-08-28,Génie Electrique,S5,2023-2024
4229,1885,2021-2022,Réinscrit,2023-08-29,Génie Electrique,S1,2021-2022
4230,1886,2024-2025,Nouveau,2020-01-06,Marketing,S3,2024-2025
4231,1887,2020-2021,Nouveau,2022-07-31,Marketing,S6,2020-2021
4232,1887,2021-2022,Réinscrit,2024-06-24,Marketing,S2,2021-2022
4233,1887,2020-2021,Réinscrit,2024-03-31,Marketing,S2,2020-2021
4234,1888,2024-2025,Nouveau,2022-06-13,Génie Informatique,S4,2024-2025
4235,1888,2024-2025,Réinscrit,2023-01-10,Génie Informatique,S4,2024-2025
4236,1889,2024-2025,Nouveau,2019-05-27,Génie Civil,S3,2024-2025
4237,1890,2022-2023,Nouveau,2020-04-02,Marketing,S2,2022-2023
4238,1890,2023-2024,Réinscrit,2020-10-11,Marketing,S4,2023-2024
4239,1891,2022-2023,Nouveau,2019-04-29,Droit des Affaires,S4,2022-2023
4240,1892,2024-2025,Nouveau,2019-09-08,Génie Electrique,S6,2024-2025
4241,1893,2024-2025,Nouveau,2024-08-18,Génie Electrique,S5,2024-2025
4242,1893,2023-2024,Réinscrit,2020-12-02,Génie Electrique,S3,2023-2024
4243,1893,2022-2023,Réinscrit,2020-03-08,Génie Electrique,S4,2022-2023
4244,1894,2022-2023,Nouveau,2023-06-13,Génie Informatique,S4,2022-2023
4245,1894,2023-2024,Réinscrit,2022-11-23,Génie Informatique,S1,2023-2024
4246,1895,2020-2021,Nouveau,2024-03-05,Génie Civil,S1,2020-2021
4247,1895,2022-2023,Réinscrit,2024-02-04,Génie Civil,S5,2022-2023
4248,1895,2023-2024,Réinscrit,2022-02-04,Génie Civil,S4,2023-2024
4249,1895,2022-2023,Réinscrit,2019-04-14,Génie Civil,S5,2022-2023
4250,1896,2021-2022,Nouveau,2019-09-01,Génie Electrique,S3,2021-2022
4251,1897,2022-2023,Nouveau,2019-03-16,Génie Informatique,S5,2022-2023
4252,1897,2020-2021,Réinscrit,2019-03-13,Génie Informatique,S3,2020-2021
4253,1898,2021-2022,Nouveau,2022-08-11,Génie Electrique,S5,2021-2022
4254,1898,2020-2021,Réinscrit,2023-07-13,Génie Electrique,S6,2020-2021
4255,1898,2024-2025,Réinscrit,2024-07-17,Génie Electrique,S2,2024-2025
4256,1898,2024-2025,Réinscrit,2022-10-28,Génie Electrique,S6,2024-2025
4257,1899,2021-2022,Nouveau,2019-10-10,Finance & Comptabilité,S4,2021-2022
4258,1900,2021-2022,Nouveau,2022-04-04,Droit des Affaires,S1,2021-2022
4259,1900,2021-2022,Réinscrit,2024-03-21,Droit des Affaires,S2,2021-2022
4260,1901,2020-2021,Nouveau,2022-12-11,Marketing,S2,2020-2021
4261,1902,2022-2023,Nouveau,2018-09-20,Génie Civil,S2,2022-2023
4262,1903,2021-2022,Nouveau,2023-01-15,Marketing,S2,2021-2022
4263,1903,2022-2023,Réinscrit,2023-03-05,Marketing,S1,2022-2023
4264,1903,2021-2022,Réinscrit,2020-04-03,Marketing,S5,2021-2022
4265,1904,2024-2025,Nouveau,2021-07-24,Marketing,S4,2024-2025
4266,1904,2024-2025,Réinscrit,2022-02-20,Marketing,S2,2024-2025
4267,1905,2023-2024,Nouveau,2018-10-12,Finance & Comptabilité,S4,2023-2024
4268,1905,2023-2024,Réinscrit,2022-11-23,Finance & Comptabilité,S3,2023-2024
4269,1905,2021-2022,Réinscrit,2024-02-21,Finance & Comptabilité,S3,2021-2022
4270,1906,2023-2024,Nouveau,2019-02-19,Génie Civil,S6,2023-2024
4271,1907,2021-2022,Nouveau,2021-03-02,Marketing,S1,2021-2022
4272,1907,2020-2021,Réinscrit,2019-12-17,Marketing,S2,2020-2021
4273,1907,2023-2024,Réinscrit,2019-05-31,Marketing,S2,2023-2024
4274,1907,2024-2025,Réinscrit,2022-05-03,Marketing,S2,2024-2025
4275,1908,2023-2024,Nouveau,2021-11-10,Génie Informatique,S5,2023-2024
4276,1908,2022-2023,Réinscrit,2021-11-10,Génie Informatique,S5,2022-2023
4277,1908,2022-2023,Réinscrit,2019-11-19,Génie Informatique,S1,2022-2023
4278,1909,2021-2022,Nouveau,2019-08-21,Génie Electrique,S5,2021-2022
4279,1909,2023-2024,Réinscrit,2020-12-01,Génie Electrique,S2,2023-2024
4280,1909,2024-2025,Réinscrit,2019-01-25,Génie Electrique,S4,2024-2025
4281,1909,2023-2024,Réinscrit,2019-11-22,Génie Electrique,S1,2023-2024
4282,1910,2020-2021,Nouveau,2023-01-07,Droit des Affaires,S2,2020-2021
4283,1910,2020-2021,Réinscrit,2019-06-04,Droit des Affaires,S2,2020-2021
4284,1911,2024-2025,Nouveau,2022-10-29,Génie Electrique,S4,2024-2025
4285,1911,2021-2022,Réinscrit,2023-08-16,Génie Electrique,S5,2021-2022
4286,1911,2020-2021,Réinscrit,2024-04-24,Génie Electrique,S2,2020-2021
4287,1911,2021-2022,Réinscrit,2022-03-26,Génie Electrique,S1,2021-2022
4288,1912,2021-2022,Nouveau,2022-06-30,Droit des Affaires,S3,2021-2022
4289,1913,2022-2023,Nouveau,2023-11-06,Génie Informatique,S2,2022-2023
4290,1913,2020-2021,Réinscrit,2023-01-20,Génie Informatique,S4,2020-2021
4291,1914,2022-2023,Nouveau,2024-05-02,Génie Electrique,S1,2022-2023
4292,1914,2021-2022,Réinscrit,2020-09-23,Génie Electrique,S6,2021-2022
4293,1915,2022-2023,Nouveau,2023-08-03,Finance & Comptabilité,S1,2022-2023
4294,1915,2023-2024,Réinscrit,2019-06-12,Finance & Comptabilité,S2,2023-2024
4295,1916,2024-2025,Nouveau,2020-06-21,Génie Informatique,S2,2024-2025
4296,1916,2024-2025,Réinscrit,2022-03-24,Génie Informatique,S1,2024-2025
4297,1916,2020-2021,Réinscrit,2019-05-25,Génie Informatique,S4,2020-2021
4298,1917,2024-2025,Nouveau,2020-07-27,Finance & Comptabilité,S6,2024-2025
4299,1918,2022-2023,Nouveau,2019-02-05,Génie Civil,S2,2022-2023
4300,1918,2020-2021,Réinscrit,2021-04-15,Génie Civil,S1,2020-2021
4301,1918,2023-2024,Réinscrit,2018-09-15,Génie Civil,S5,2023-2024
4302,1919,2023-2024,Nouveau,2020-01-04,Génie Electrique,S2,2023-2024
4303,1920,2024-2025,Nouveau,2019-06-30,Finance & Comptabilité,S1,2024-2025
4304,1921,2024-2025,Nouveau,2022-12-30,Génie Electrique,S3,2024-2025
4305,1921,2024-2025,Réinscrit,2023-01-02,Génie Electrique,S4,2024-2025
4306,1921,2021-2022,Réinscrit,2024-03-02,Génie Electrique,S5,2021-2022
4307,1921,2022-2023,Réinscrit,2022-07-15,Génie Electrique,S6,2022-2023
4308,1922,2023-2024,Nouveau,2020-05-20,Génie Civil,S4,2023-2024
4309,1922,2024-2025,Réinscrit,2022-09-15,Génie Civil,S2,2024-2025
4310,1922,2021-2022,Réinscrit,2021-11-18,Génie Civil,S6,2021-2022
4311,1922,2021-2022,Réinscrit,2023-01-09,Génie Civil,S3,2021-2022
4312,1923,2022-2023,Nouveau,2018-11-25,Marketing,S4,2022-2023
4313,1923,2022-2023,Réinscrit,2020-04-12,Marketing,S1,2022-2023
4314,1924,2023-2024,Nouveau,2024-09-26,Génie Electrique,S2,2023-2024
4315,1924,2023-2024,Réinscrit,2020-01-26,Génie Electrique,S6,2023-2024
4316,1924,2022-2023,Réinscrit,2020-12-31,Génie Electrique,S4,2022-2023
4317,1924,2023-2024,Réinscrit,2023-05-09,Génie Electrique,S4,2023-2024
4318,1925,2023-2024,Nouveau,2023-01-09,Génie Civil,S4,2023-2024
4319,1925,2022-2023,Réinscrit,2022-06-15,Génie Civil,S3,2022-2023
4320,1925,2023-2024,Réinscrit,2020-02-28,Génie Civil,S6,2023-2024
4321,1925,2024-2025,Réinscrit,2020-12-22,Génie Civil,S2,2024-2025
4322,1926,2021-2022,Nouveau,2020-11-06,Génie Informatique,S6,2021-2022
4323,1926,2024-2025,Réinscrit,2022-09-28,Génie Informatique,S4,2024-2025
4324,1927,2022-2023,Nouveau,2022-02-09,Génie Electrique,S2,2022-2023
4325,1927,2023-2024,Réinscrit,2020-04-01,Génie Electrique,S4,2023-2024
4326,1927,2020-2021,Réinscrit,2023-09-27,Génie Electrique,S3,2020-2021
4327,1927,2024-2025,Réinscrit,2023-04-16,Génie Electrique,S1,2024-2025
4328,1928,2021-2022,Nouveau,2022-06-15,Génie Informatique,S5,2021-2022
4329,1928,2021-2022,Réinscrit,2022-12-23,Génie Informatique,S5,2021-2022
4330,1929,2021-2022,Nouveau,2023-08-20,Génie Civil,S1,2021-2022
4331,1929,2021-2022,Réinscrit,2022-12-29,Génie Civil,S5,2021-2022
4332,1929,2021-2022,Réinscrit,2021-09-24,Génie Civil,S6,2021-2022
4333,1929,2024-2025,Réinscrit,2020-05-31,Génie Civil,S6,2024-2025
4334,1930,2024-2025,Nouveau,2020-11-19,Génie Informatique,S2,2024-2025
4335,1930,2023-2024,Réinscrit,2022-03-20,Génie Informatique,S4,2023-2024
4336,1930,2021-2022,Réinscrit,2020-02-17,Génie Informatique,S4,2021-2022
4337,1930,2022-2023,Réinscrit,2024-08-13,Génie Informatique,S6,2022-2023
4338,1931,2020-2021,Nouveau,2019-05-26,Finance & Comptabilité,S1,2020-2021
4339,1932,2020-2021,Nouveau,2019-04-05,Marketing,S3,2020-2021
4340,1933,2022-2023,Nouveau,2022-09-01,Génie Informatique,S2,2022-2023
4341,1934,2021-2022,Nouveau,2022-02-11,Finance & Comptabilité,S1,2021-2022
4342,1934,2022-2023,Réinscrit,2022-03-16,Finance & Comptabilité,S5,2022-2023
4343,1935,2023-2024,Nouveau,2022-06-18,Marketing,S6,2023-2024
4344,1935,2021-2022,Réinscrit,2021-11-30,Marketing,S3,2021-2022
4345,1935,2020-2021,Réinscrit,2020-06-16,Marketing,S2,2020-2021
4346,1935,2021-2022,Réinscrit,2023-04-28,Marketing,S1,2021-2022
4347,1936,2021-2022,Nouveau,2023-12-07,Génie Civil,S6,2021-2022
4348,1936,2022-2023,Réinscrit,2021-06-18,Génie Civil,S1,2022-2023
4349,1936,2021-2022,Réinscrit,2023-08-28,Génie Civil,S1,2021-2022
4350,1936,2020-2021,Réinscrit,2020-03-09,Génie Civil,S4,2020-2021
4351,1937,2023-2024,Nouveau,2024-01-06,Génie Civil,S2,2023-2024
4352,1937,2020-2021,Réinscrit,2022-09-24,Génie Civil,S4,2020-2021
4353,1937,2024-2025,Réinscrit,2020-09-14,Génie Civil,S4,2024-2025
4354,1937,2020-2021,Réinscrit,2024-03-07,Génie Civil,S6,2020-2021
4355,1938,2022-2023,Nouveau,2019-08-15,Génie Electrique,S3,2022-2023
4356,1938,2020-2021,Réinscrit,2020-08-26,Génie Electrique,S2,2020-2021
4357,1938,2024-2025,Réinscrit,2022-01-12,Génie Electrique,S6,2024-2025
4358,1939,2021-2022,Nouveau,2019-11-29,Finance & Comptabilité,S6,2021-2022
4359,1939,2021-2022,Réinscrit,2022-04-06,Finance & Comptabilité,S3,2021-2022
4360,1939,2020-2021,Réinscrit,2022-08-23,Finance & Comptabilité,S5,2020-2021
4361,1939,2023-2024,Réinscrit,2018-11-05,Finance & Comptabilité,S5,2023-2024
4362,1940,2021-2022,Nouveau,2022-10-05,Droit des Affaires,S3,2021-2022
4363,1940,2021-2022,Réinscrit,2024-06-03,Droit des Affaires,S3,2021-2022
4364,1940,2024-2025,Réinscrit,2018-12-06,Droit des Affaires,S4,2024-2025
4365,1940,2022-2023,Réinscrit,2020-07-15,Droit des Affaires,S1,2022-2023
4366,1941,2022-2023,Nouveau,2021-08-13,Marketing,S4,2022-2023
4367,1941,2023-2024,Réinscrit,2022-06-14,Marketing,S1,2023-2024
4368,1942,2023-2024,Nouveau,2019-07-26,Génie Electrique,S3,2023-2024
4369,1942,2024-2025,Réinscrit,2019-01-07,Génie Electrique,S2,2024-2025
4370,1942,2024-2025,Réinscrit,2018-10-14,Génie Electrique,S6,2024-2025
4371,1943,2022-2023,Nouveau,2022-12-08,Génie Electrique,S2,2022-2023
4372,1944,2023-2024,Nouveau,2023-01-08,Génie Civil,S1,2023-2024
4373,1944,2022-2023,Réinscrit,2022-11-15,Génie Civil,S3,2022-2023
4374,1944,2022-2023,Réinscrit,2024-05-31,Génie Civil,S4,2022-2023
4375,1944,2023-2024,Réinscrit,2022-07-03,Génie Civil,S2,2023-2024
4376,1945,2022-2023,Nouveau,2020-10-30,Génie Informatique,S4,2022-2023
4377,1945,2022-2023,Réinscrit,2021-08-28,Génie Informatique,S1,2022-2023
4378,1945,2023-2024,Réinscrit,2019-08-14,Génie Informatique,S6,2023-2024
4379,1946,2024-2025,Nouveau,2019-12-09,Marketing,S1,2024-2025
4380,1946,2021-2022,Réinscrit,2019-11-13,Marketing,S2,2021-2022
4381,1946,2020-2021,Réinscrit,2020-08-26,Marketing,S3,2020-2021
4382,1947,2021-2022,Nouveau,2021-04-28,Droit des Affaires,S1,2021-2022
4383,1948,2020-2021,Nouveau,2018-10-26,Génie Civil,S6,2020-2021
4384,1949,2024-2025,Nouveau,2019-06-16,Génie Civil,S2,2024-2025
4385,1949,2024-2025,Réinscrit,2023-11-01,Génie Civil,S6,2024-2025
4386,1949,2022-2023,Réinscrit,2019-11-08,Génie Civil,S5,2022-2023
4387,1950,2020-2021,Nouveau,2020-03-22,Droit des Affaires,S2,2020-2021
4388,1951,2021-2022,Nouveau,2019-09-11,Génie Informatique,S6,2021-2022
4389,1952,2020-2021,Nouveau,2023-07-10,Finance & Comptabilité,S6,2020-2021
4390,1953,2021-2022,Nouveau,2019-03-24,Finance & Comptabilité,S6,2021-2022
4391,1953,2020-2021,Réinscrit,2023-01-02,Finance & Comptabilité,S3,2020-2021
4392,1954,2023-2024,Nouveau,2020-11-17,Droit des Affaires,S6,2023-2024
4393,1954,2023-2024,Réinscrit,2020-10-02,Droit des Affaires,S4,2023-2024
4394,1955,2024-2025,Nouveau,2019-05-09,Marketing,S4,2024-2025
4395,1955,2021-2022,Réinscrit,2024-05-11,Marketing,S1,2021-2022
4396,1955,2020-2021,Réinscrit,2020-08-21,Marketing,S2,2020-2021
4397,1956,2021-2022,Nouveau,2024-09-29,Génie Informatique,S5,2021-2022
4398,1956,2021-2022,Réinscrit,2020-01-21,Génie Informatique,S6,2021-2022
4399,1956,2020-2021,Réinscrit,2020-10-10,Génie Informatique,S2,2020-2021
4400,1957,2021-2022,Nouveau,2020-06-27,Génie Informatique,S4,2021-2022
4401,1957,2024-2025,Réinscrit,2021-12-29,Génie Informatique,S5,2024-2025
4402,1957,2023-2024,Réinscrit,2024-05-07,Génie Informatique,S6,2023-2024
4403,1958,2021-2022,Nouveau,2023-06-14,Génie Electrique,S3,2021-2022
4404,1958,2022-2023,Réinscrit,2021-05-14,Génie Electrique,S5,2022-2023
4405,1958,2020-2021,Réinscrit,2021-06-27,Génie Electrique,S3,2020-2021
4406,1959,2020-2021,Nouveau,2019-05-11,Génie Informatique,S1,2020-2021
4407,1959,2023-2024,Réinscrit,2022-07-11,Génie Informatique,S6,2023-2024
4408,1960,2024-2025,Nouveau,2023-06-28,Droit des Affaires,S1,2024-2025
4409,1961,2020-2021,Nouveau,2019-08-28,Marketing,S3,2020-2021
4410,1961,2024-2025,Réinscrit,2022-09-20,Marketing,S6,2024-2025
4411,1961,2024-2025,Réinscrit,2019-05-28,Marketing,S5,2024-2025
4412,1961,2022-2023,Réinscrit,2022-03-30,Marketing,S4,2022-2023
4413,1962,2023-2024,Nouveau,2022-10-27,Génie Informatique,S4,2023-2024
4414,1962,2022-2023,Réinscrit,2024-02-25,Génie Informatique,S3,2022-2023
4415,1962,2024-2025,Réinscrit,2020-10-19,Génie Informatique,S2,2024-2025
4416,1963,2020-2021,Nouveau,2022-08-16,Génie Electrique,S4,2020-2021
4417,1963,2023-2024,Réinscrit,2023-11-04,Génie Electrique,S3,2023-2024
4418,1964,2023-2024,Nouveau,2023-11-16,Finance & Comptabilité,S4,2023-2024
4419,1964,2021-2022,Réinscrit,2020-04-04,Finance & Comptabilité,S6,2021-2022
4420,1964,2023-2024,Réinscrit,2023-05-16,Finance & Comptabilité,S1,2023-2024
4421,1964,2021-2022,Réinscrit,2022-03-21,Finance & Comptabilité,S4,2021-2022
4422,1965,2023-2024,Nouveau,2022-10-07,Génie Informatique,S1,2023-2024
4423,1965,2023-2024,Réinscrit,2020-08-08,Génie Informatique,S2,2023-2024
4424,1966,2021-2022,Nouveau,2019-09-24,Génie Informatique,S1,2021-2022
4425,1966,2023-2024,Réinscrit,2023-12-18,Génie Informatique,S2,2023-2024
4426,1967,2022-2023,Nouveau,2020-11-19,Marketing,S1,2022-2023
4427,1967,2023-2024,Réinscrit,2023-01-24,Marketing,S2,2023-2024
4428,1967,2022-2023,Réinscrit,2021-10-12,Marketing,S2,2022-2023
4429,1968,2023-2024,Nouveau,2024-04-06,Droit des Affaires,S4,2023-2024
4430,1968,2023-2024,Réinscrit,2020-06-16,Droit des Affaires,S4,2023-2024
4431,1969,2022-2023,Nouveau,2019-11-09,Droit des Affaires,S1,2022-2023
4432,1970,2023-2024,Nouveau,2021-11-29,Génie Electrique,S2,2023-2024
4433,1970,2021-2022,Réinscrit,2024-06-25,Génie Electrique,S4,2021-2022
4434,1970,2021-2022,Réinscrit,2023-05-03,Génie Electrique,S4,2021-2022
4435,1971,2022-2023,Nouveau,2020-06-11,Génie Informatique,S3,2022-2023
4436,1972,2024-2025,Nouveau,2023-06-24,Marketing,S5,2024-2025
4437,1972,2020-2021,Réinscrit,2020-02-13,Marketing,S5,2020-2021
4438,1972,2022-2023,Réinscrit,2022-06-29,Marketing,S6,2022-2023
4439,1973,2021-2022,Nouveau,2022-10-23,Génie Electrique,S5,2021-2022
4440,1973,2023-2024,Réinscrit,2019-05-17,Génie Electrique,S1,2023-2024
4441,1973,2023-2024,Réinscrit,2022-10-25,Génie Electrique,S4,2023-2024
4442,1974,2021-2022,Nouveau,2022-04-29,Droit des Affaires,S6,2021-2022
4443,1974,2021-2022,Réinscrit,2022-03-04,Droit des Affaires,S6,2021-2022
4444,1975,2022-2023,Nouveau,2022-06-27,Génie Civil,S5,2022-2023
4445,1975,2022-2023,Réinscrit,2020-11-05,Génie Civil,S2,2022-2023
4446,1975,2022-2023,Réinscrit,2021-03-26,Génie Civil,S6,2022-2023
4447,1975,2024-2025,Réinscrit,2021-04-28,Génie Civil,S2,2024-2025
4448,1976,2024-2025,Nouveau,2023-12-08,Génie Electrique,S1,2024-2025
4449,1976,2022-2023,Réinscrit,2024-05-24,Génie Electrique,S1,2022-2023
4450,1976,2023-2024,Réinscrit,2020-04-30,Génie Electrique,S5,2023-2024
4451,1976,2022-2023,Réinscrit,2019-07-31,Génie Electrique,S5,2022-2023
4452,1977,2023-2024,Nouveau,2021-08-25,Génie Civil,S1,2023-2024
4453,1977,2023-2024,Réinscrit,2023-01-13,Génie Civil,S2,2023-2024
4454,1977,2022-2023,Réinscrit,2020-04-09,Génie Civil,S3,2022-2023
4455,1977,2020-2021,Réinscrit,2023-12-24,Génie Civil,S2,2020-2021
4456,1978,2020-2021,Nouveau,2022-05-03,Génie Civil,S3,2020-2021
4457,1978,2024-2025,Réinscrit,2024-01-29,Génie Civil,S5,2024-2025
4458,1979,2022-2023,Nouveau,2022-04-03,Génie Electrique,S4,2022-2023
4459,1979,2022-2023,Réinscrit,2024-09-05,Génie Electrique,S2,2022-2023
4460,1980,2024-2025,Nouveau,2020-01-07,Génie Electrique,S3,2024-2025
4461,1980,2020-2021,Réinscrit,2020-11-07,Génie Electrique,S5,2020-2021
4462,1981,2021-2022,Nouveau,2022-11-19,Marketing,S4,2021-2022
4463,1981,2020-2021,Réinscrit,2022-01-04,Marketing,S3,2020-2021
4464,1981,2021-2022,Réinscrit,2020-04-13,Marketing,S3,2021-2022
4465,1982,2020-2021,Nouveau,2023-05-24,Génie Electrique,S1,2020-2021
4466,1983,2023-2024,Nouveau,2020-04-27,Finance & Comptabilité,S4,2023-2024
4467,1983,2023-2024,Réinscrit,2020-06-04,Finance & Comptabilité,S5,2023-2024
4468,1983,2023-2024,Réinscrit,2022-03-10,Finance & Comptabilité,S1,2023-2024
4469,1984,2023-2024,Nouveau,2021-10-05,Droit des Affaires,S2,2023-2024
4470,1984,2024-2025,Réinscrit,2023-10-01,Droit des Affaires,S3,2024-2025
4471,1984,2021-2022,Réinscrit,2020-02-09,Droit des Affaires,S3,2021-2022
4472,1985,2020-2021,Nouveau,2019-04-03,Génie Informatique,S3,2020-2021
4473,1986,2022-2023,Nouveau,2020-04-03,Génie Electrique,S3,2022-2023
4474,1986,2023-2024,Réinscrit,2018-12-14,Génie Electrique,S6,2023-2024
4475,1986,2023-2024,Réinscrit,2022-04-19,Génie Electrique,S4,2023-2024
4476,1986,2021-2022,Réinscrit,2022-04-30,Génie Electrique,S5,2021-2022
4477,1987,2022-2023,Nouveau,2022-04-20,Génie Civil,S5,2022-2023
4478,1988,2024-2025,Nouveau,2019-04-17,Génie Civil,S6,2024-2025
4479,1989,2023-2024,Nouveau,2019-05-20,Génie Electrique,S1,2023-2024
4480,1989,2021-2022,Réinscrit,2020-05-13,Génie Electrique,S1,2021-2022
4481,1990,2021-2022,Nouveau,2019-09-12,Génie Informatique,S3,2021-2022
4482,1990,2022-2023,Réinscrit,2022-06-17,Génie Informatique,S1,2022-2023
4483,1991,2022-2023,Nouveau,2019-06-12,Génie Informatique,S4,2022-2023
4484,1991,2023-2024,Réinscrit,2019-05-13,Génie Informatique,S5,2023-2024
4485,1991,2023-2024,Réinscrit,2023-02-08,Génie Informatique,S6,2023-2024
4486,1991,2021-2022,Réinscrit,2019-09-02,Génie Informatique,S2,2021-2022
4487,1992,2021-2022,Nouveau,2019-12-17,Marketing,S3,2021-2022
4488,1992,2021-2022,Réinscrit,2021-05-08,Marketing,S1,2021-2022
4489,1992,2024-2025,Réinscrit,2018-12-09,Marketing,S1,2024-2025
4490,1992,2021-2022,Réinscrit,2024-01-13,Marketing,S1,2021-2022
4491,1993,2021-2022,Nouveau,2021-04-10,Marketing,S2,2021-2022
4492,1994,2024-2025,Nouveau,2022-04-01,Marketing,S3,2024-2025
4493,1994,2023-2024,Réinscrit,2023-02-08,Marketing,S1,2023-2024
4494,1995,2023-2024,Nouveau,2018-12-06,Génie Informatique,S6,2023-2024
4495,1995,2023-2024,Réinscrit,2019-06-06,Génie Informatique,S1,2023-2024
4496,1995,2021-2022,Réinscrit,2019-01-26,Génie Informatique,S2,2021-2022
4497,1996,2024-2025,Nouveau,2024-03-06,Génie Civil,S1,2024-2025
4498,1996,2022-2023,Réinscrit,2019-07-28,Génie Civil,S5,2022-2023
4499,1997,2024-2025,Nouveau,2020-07-04,Marketing,S4,2024-2025
4500,1997,2021-2022,Réinscrit,2020-05-16,Marketing,S5,2021-2022
4501,1997,2020-2021,Réinscrit,2021-10-27,Marketing,S3,2020-2021
4502,1998,2024-2025,Nouveau,2023-01-08,Génie Electrique,S2,2024-2025
4503,1998,2021-2022,Réinscrit,2021-07-16,Génie Electrique,S3,2021-2022
4504,1998,2021-2022,Réinscrit,2022-05-02,Génie Electrique,S3,2021-2022
4505,1999,2020-2021,Nouveau,2021-11-12,Marketing,S4,2020-2021
4506,1999,2020-2021,Réinscrit,2023-08-30,Marketing,S5,2020-2021
4507,1999,2024-2025,Réinscrit,2023-03-20,Marketing,S2,2024-2025
4508,1999,2021-2022,Réinscrit,2019-12-06,Marketing,S1,2021-2022
4509,2000,2020-2021,Nouveau,2020-12-21,Génie Electrique,S2,2020-2021
4510,2000,2024-2025,Réinscrit,2022-01-06,Génie Electrique,S6,2024-2025
4511,2000,2021-2022,Réinscrit,2022-01-25,Génie Electrique,S3,2021-2022
4512,2000,2023-2024,Réinscrit,2019-04-11,Génie Electrique,S6,2023-2024
4513,2001,2024-2025,Nouveau,2021-06-30,Génie Electrique,S2,2024-2025
4514,2001,2024-2025,Réinscrit,2018-12-07,Génie Electrique,S3,2024-2025
4515,2002,2021-2022,Nouveau,2020-09-11,Génie Civil,S3,2021-2022
4516,2003,2023-2024,Nouveau,2023-01-09,Droit des Affaires,S6,2023-2024
4517,2003,2022-2023,Réinscrit,2023-10-20,Droit des Affaires,S4,2022-2023
4518,2004,2023-2024,Nouveau,2024-01-19,Génie Electrique,S5,2023-2024
4519,2004,2024-2025,Réinscrit,2021-11-12,Génie Electrique,S6,2024-2025
4520,2005,2020-2021,Nouveau,2019-11-14,Marketing,S1,2020-2021
4521,2005,2020-2021,Réinscrit,2019-03-24,Marketing,S1,2020-2021
4522,2006,2020-2021,Nouveau,2022-01-25,Génie Civil,S4,2020-2021
4523,2006,2023-2024,Réinscrit,2020-06-15,Génie Civil,S1,2023-2024
4524,2006,2020-2021,Réinscrit,2022-10-17,Génie Civil,S2,2020-2021
4525,2007,2023-2024,Nouveau,2022-11-06,Génie Civil,S1,2023-2024
4526,2007,2022-2023,Réinscrit,2023-05-08,Génie Civil,S6,2022-2023
4527,2008,2022-2023,Nouveau,2019-01-22,Génie Informatique,S1,2022-2023
4528,2009,2021-2022,Nouveau,2021-08-12,Génie Electrique,S4,2021-2022
4529,2009,2021-2022,Réinscrit,2020-01-06,Génie Electrique,S6,2021-2022
4530,2009,2020-2021,Réinscrit,2024-01-04,Génie Electrique,S2,2020-2021
4531,2010,2020-2021,Nouveau,2019-08-19,Marketing,S6,2020-2021
4532,2011,2023-2024,Nouveau,2021-09-23,Génie Electrique,S3,2023-2024
4533,2011,2020-2021,Réinscrit,2024-01-17,Génie Electrique,S1,2020-2021
4534,2012,2021-2022,Nouveau,2019-05-25,Marketing,S4,2021-2022
4535,2012,2023-2024,Réinscrit,2019-01-01,Marketing,S1,2023-2024
4536,2013,2023-2024,Nouveau,2023-11-21,Finance & Comptabilité,S4,2023-2024
4537,2013,2021-2022,Réinscrit,2018-10-25,Finance & Comptabilité,S5,2021-2022
4538,2013,2020-2021,Réinscrit,2019-05-17,Finance & Comptabilité,S3,2020-2021
4539,2013,2022-2023,Réinscrit,2024-01-15,Finance & Comptabilité,S2,2022-2023
4540,2014,2020-2021,Nouveau,2021-09-18,Génie Informatique,S2,2020-2021
4541,2014,2021-2022,Réinscrit,2023-09-09,Génie Informatique,S1,2021-2022
4542,2014,2020-2021,Réinscrit,2023-07-20,Génie Informatique,S5,2020-2021
4543,2015,2021-2022,Nouveau,2019-03-13,Génie Civil,S3,2021-2022
4544,2015,2022-2023,Réinscrit,2019-08-29,Génie Civil,S5,2022-2023
4545,2015,2022-2023,Réinscrit,2023-10-13,Génie Civil,S4,2022-2023
4546,2015,2024-2025,Réinscrit,2020-07-03,Génie Civil,S3,2024-2025
4547,2016,2024-2025,Nouveau,2024-09-23,Génie Informatique,S2,2024-2025
4548,2016,2022-2023,Réinscrit,2022-07-22,Génie Informatique,S4,2022-2023
4549,2016,2021-2022,Réinscrit,2023-03-04,Génie Informatique,S3,2021-2022
4550,2017,2022-2023,Nouveau,2021-12-11,Finance & Comptabilité,S2,2022-2023
4551,2017,2023-2024,Réinscrit,2024-09-30,Finance & Comptabilité,S4,2023-2024
4552,2017,2022-2023,Réinscrit,2023-07-05,Finance & Comptabilité,S1,2022-2023
4553,2017,2024-2025,Réinscrit,2021-07-04,Finance & Comptabilité,S2,2024-2025
4554,2018,2022-2023,Nouveau,2023-11-25,Droit des Affaires,S4,2022-2023
4555,2018,2024-2025,Réinscrit,2020-07-04,Droit des Affaires,S1,2024-2025
4556,2018,2022-2023,Réinscrit,2024-05-06,Droit des Affaires,S6,2022-2023
4557,2019,2024-2025,Nouveau,2022-07-01,Génie Informatique,S5,2024-2025
4558,2019,2021-2022,Réinscrit,2020-03-25,Génie Informatique,S2,2021-2022
4559,2020,2020-2021,Nouveau,2023-05-14,Génie Informatique,S1,2020-2021
4560,2020,2024-2025,Réinscrit,2019-02-19,Génie Informatique,S5,2024-2025
4561,2020,2020-2021,Réinscrit,2018-09-17,Génie Informatique,S3,2020-2021
4562,2020,2024-2025,Réinscrit,2020-07-06,Génie Informatique,S6,2024-2025
4563,2021,2022-2023,Nouveau,2024-02-25,Finance & Comptabilité,S1,2022-2023
4564,2021,2022-2023,Réinscrit,2022-11-08,Finance & Comptabilité,S5,2022-2023
4565,2022,2024-2025,Nouveau,2023-01-26,Génie Informatique,S2,2024-2025
4566,2022,2024-2025,Réinscrit,2022-08-09,Génie Informatique,S6,2024-2025
4567,2022,2023-2024,Réinscrit,2019-11-10,Génie Informatique,S2,2023-2024
4568,2022,2023-2024,Réinscrit,2020-05-30,Génie Informatique,S6,2023-2024
4569,2023,2020-2021,Nouveau,2024-04-28,Génie Informatique,S1,2020-2021
4570,2023,2023-2024,Réinscrit,2020-04-14,Génie Informatique,S1,2023-2024
4571,2024,2021-2022,Nouveau,2023-03-22,Finance & Comptabilité,S3,2021-2022
4572,2024,2021-2022,Réinscrit,2024-09-28,Finance & Comptabilité,S6,2021-2022
4573,2024,2020-2021,Réinscrit,2020-10-22,Finance & Comptabilité,S1,2020-2021
4574,2025,2020-2021,Nouveau,2021-12-25,Finance & Comptabilité,S1,2020-2021
4575,2026,2021-2022,Nouveau,2019-06-20,Génie Civil,S1,2021-2022
4576,2026,2022-2023,Réinscrit,2023-09-28,Génie Civil,S1,2022-2023
4577,2027,2022-2023,Nouveau,2023-03-09,Droit des Affaires,S1,2022-2023
4578,2027,2024-2025,Réinscrit,2022-01-12,Droit des Affaires,S3,2024-2025
4579,2027,2023-2024,Réinscrit,2022-11-14,Droit des Affaires,S2,2023-2024
4580,2027,2022-2023,Réinscrit,2023-06-22,Droit des Affaires,S5,2022-2023
4581,2028,2024-2025,Nouveau,2019-02-19,Marketing,S6,2024-2025
4582,2028,2023-2024,Réinscrit,2019-01-08,Marketing,S4,2023-2024
4583,2028,2022-2023,Réinscrit,2022-08-10,Marketing,S1,2022-2023
4584,2028,2022-2023,Réinscrit,2023-12-23,Marketing,S4,2022-2023
4585,2029,2023-2024,Nouveau,2022-08-08,Marketing,S6,2023-2024
4586,2030,2020-2021,Nouveau,2022-12-05,Droit des Affaires,S1,2020-2021
4587,2030,2023-2024,Réinscrit,2019-08-22,Droit des Affaires,S4,2023-2024
4588,2030,2022-2023,Réinscrit,2019-09-13,Droit des Affaires,S1,2022-2023
4589,2030,2021-2022,Réinscrit,2019-09-21,Droit des Affaires,S4,2021-2022
4590,2031,2022-2023,Nouveau,2021-05-16,Droit des Affaires,S5,2022-2023
4591,2031,2023-2024,Réinscrit,2019-01-19,Droit des Affaires,S3,2023-2024
4592,2031,2022-2023,Réinscrit,2023-09-23,Droit des Affaires,S2,2022-2023
4593,2031,2024-2025,Réinscrit,2023-04-09,Droit des Affaires,S1,2024-2025
4594,2032,2021-2022,Nouveau,2018-12-25,Droit des Affaires,S5,2021-2022
4595,2033,2020-2021,Nouveau,2024-04-18,Finance & Comptabilité,S2,2020-2021
4596,2033,2023-2024,Réinscrit,2021-09-30,Finance & Comptabilité,S6,2023-2024
4597,2033,2024-2025,Réinscrit,2023-01-07,Finance & Comptabilité,S5,2024-2025
4598,2033,2020-2021,Réinscrit,2021-07-04,Finance & Comptabilité,S5,2020-2021
4599,2034,2024-2025,Nouveau,2024-03-04,Marketing,S2,2024-2025
4600,2035,2022-2023,Nouveau,2020-06-28,Génie Electrique,S1,2022-2023
4601,2035,2022-2023,Réinscrit,2022-05-20,Génie Electrique,S4,2022-2023
4602,2035,2020-2021,Réinscrit,2020-05-27,Génie Electrique,S1,2020-2021
4603,2035,2021-2022,Réinscrit,2024-01-27,Génie Electrique,S4,2021-2022
4604,2036,2020-2021,Nouveau,2023-01-04,Génie Electrique,S6,2020-2021
4605,2036,2021-2022,Réinscrit,2022-11-22,Génie Electrique,S1,2021-2022
4606,2037,2021-2022,Nouveau,2021-03-04,Génie Electrique,S3,2021-2022
4607,2037,2024-2025,Réinscrit,2024-03-13,Génie Electrique,S2,2024-2025
4608,2037,2023-2024,Réinscrit,2019-12-20,Génie Electrique,S1,2023-2024
4609,2038,2021-2022,Nouveau,2020-02-23,Génie Civil,S6,2021-2022
4610,2038,2024-2025,Réinscrit,2018-12-06,Génie Civil,S4,2024-2025
4611,2039,2022-2023,Nouveau,2023-06-28,Droit des Affaires,S1,2022-2023
4612,2039,2024-2025,Réinscrit,2022-10-18,Droit des Affaires,S6,2024-2025
4613,2039,2024-2025,Réinscrit,2019-11-10,Droit des Affaires,S4,2024-2025
4614,2039,2023-2024,Réinscrit,2019-01-16,Droit des Affaires,S3,2023-2024
4615,2040,2024-2025,Nouveau,2023-05-27,Droit des Affaires,S1,2024-2025
4616,2040,2020-2021,Réinscrit,2019-08-24,Droit des Affaires,S3,2020-2021
4617,2040,2022-2023,Réinscrit,2023-12-28,Droit des Affaires,S4,2022-2023
4618,2040,2024-2025,Réinscrit,2021-05-24,Droit des Affaires,S2,2024-2025
4619,2041,2020-2021,Nouveau,2020-06-25,Marketing,S1,2020-2021
4620,2042,2021-2022,Nouveau,2023-09-02,Génie Informatique,S6,2021-2022
4621,2042,2024-2025,Réinscrit,2022-11-08,Génie Informatique,S5,2024-2025
4622,2043,2023-2024,Nouveau,2019-06-01,Finance & Comptabilité,S6,2023-2024
4623,2043,2021-2022,Réinscrit,2023-04-20,Finance & Comptabilité,S1,2021-2022
4624,2043,2024-2025,Réinscrit,2019-02-10,Finance & Comptabilité,S2,2024-2025
4625,2044,2021-2022,Nouveau,2022-01-13,Marketing,S2,2021-2022
4626,2044,2023-2024,Réinscrit,2018-10-16,Marketing,S3,2023-2024
4627,2045,2024-2025,Nouveau,2018-10-20,Génie Civil,S1,2024-2025
4628,2046,2024-2025,Nouveau,2024-08-13,Génie Informatique,S1,2024-2025
4629,2046,2022-2023,Réinscrit,2020-03-15,Génie Informatique,S3,2022-2023
4630,2046,2021-2022,Réinscrit,2024-01-20,Génie Informatique,S2,2021-2022
4631,2047,2023-2024,Nouveau,2024-01-12,Droit des Affaires,S4,2023-2024
4632,2047,2021-2022,Réinscrit,2019-10-11,Droit des Affaires,S2,2021-2022
4633,2048,2024-2025,Nouveau,2024-09-26,Finance & Comptabilité,S1,2024-2025
4634,2048,2021-2022,Réinscrit,2020-02-03,Finance & Comptabilité,S5,2021-2022
4635,2048,2021-2022,Réinscrit,2019-06-06,Finance & Comptabilité,S4,2021-2022
4636,2048,2024-2025,Réinscrit,2019-06-25,Finance & Comptabilité,S5,2024-2025
4637,2049,2021-2022,Nouveau,2023-04-21,Génie Informatique,S6,2021-2022
4638,2049,2022-2023,Réinscrit,2021-03-12,Génie Informatique,S3,2022-2023
4639,2050,2020-2021,Nouveau,2023-07-05,Finance & Comptabilité,S1,2020-2021
4640,2050,2022-2023,Réinscrit,2023-02-03,Finance & Comptabilité,S1,2022-2023
4641,2050,2021-2022,Réinscrit,2022-11-09,Finance & Comptabilité,S4,2021-2022
4642,2050,2023-2024,Réinscrit,2021-03-09,Finance & Comptabilité,S6,2023-2024
4643,2051,2023-2024,Nouveau,2024-05-19,Génie Electrique,S4,2023-2024
4644,2051,2021-2022,Réinscrit,2021-05-16,Génie Electrique,S5,2021-2022
4645,2052,2023-2024,Nouveau,2019-07-05,Droit des Affaires,S4,2023-2024
4646,2052,2024-2025,Réinscrit,2019-01-05,Droit des Affaires,S4,2024-2025
4647,2052,2020-2021,Réinscrit,2019-08-14,Droit des Affaires,S6,2020-2021
4648,2053,2020-2021,Nouveau,2022-10-23,Droit des Affaires,S3,2020-2021
4649,2053,2023-2024,Réinscrit,2021-10-25,Droit des Affaires,S4,2023-2024
4650,2054,2022-2023,Nouveau,2024-09-01,Droit des Affaires,S5,2022-2023
4651,2054,2022-2023,Réinscrit,2022-02-14,Droit des Affaires,S4,2022-2023
4652,2054,2024-2025,Réinscrit,2024-02-19,Droit des Affaires,S4,2024-2025
4653,2055,2023-2024,Nouveau,2022-06-12,Finance & Comptabilité,S1,2023-2024
4654,2055,2023-2024,Réinscrit,2022-07-04,Finance & Comptabilité,S5,2023-2024
4655,2056,2022-2023,Nouveau,2021-09-03,Finance & Comptabilité,S3,2022-2023
4656,2057,2024-2025,Nouveau,2024-06-04,Génie Civil,S2,2024-2025
4657,2057,2022-2023,Réinscrit,2022-04-20,Génie Civil,S2,2022-2023
4658,2057,2024-2025,Réinscrit,2020-10-23,Génie Civil,S3,2024-2025
4659,2058,2021-2022,Nouveau,2022-06-04,Génie Civil,S5,2021-2022
4660,2058,2023-2024,Réinscrit,2021-10-15,Génie Civil,S3,2023-2024
4661,2058,2024-2025,Réinscrit,2023-06-03,Génie Civil,S6,2024-2025
4662,2059,2024-2025,Nouveau,2020-03-24,Génie Civil,S6,2024-2025
4663,2059,2022-2023,Réinscrit,2020-10-18,Génie Civil,S6,2022-2023
4664,2060,2024-2025,Nouveau,2022-04-08,Marketing,S2,2024-2025
4665,2060,2023-2024,Réinscrit,2024-07-01,Marketing,S2,2023-2024
4666,2060,2020-2021,Réinscrit,2021-12-07,Marketing,S6,2020-2021
4667,2061,2021-2022,Nouveau,2022-06-13,Génie Electrique,S2,2021-2022
4668,2061,2023-2024,Réinscrit,2022-11-14,Génie Electrique,S2,2023-2024
4669,2062,2023-2024,Nouveau,2021-09-13,Génie Electrique,S5,2023-2024
4670,2062,2023-2024,Réinscrit,2024-09-10,Génie Electrique,S3,2023-2024
4671,2062,2021-2022,Réinscrit,2021-07-10,Génie Electrique,S5,2021-2022
4672,2062,2020-2021,Réinscrit,2021-07-01,Génie Electrique,S1,2020-2021
4673,2063,2024-2025,Nouveau,2023-01-28,Finance & Comptabilité,S1,2024-2025
4674,2063,2020-2021,Réinscrit,2020-10-13,Finance & Comptabilité,S3,2020-2021
4675,2063,2023-2024,Réinscrit,2023-10-07,Finance & Comptabilité,S5,2023-2024
4676,2063,2024-2025,Réinscrit,2021-10-09,Finance & Comptabilité,S5,2024-2025
4677,2064,2021-2022,Nouveau,2021-08-24,Génie Civil,S1,2021-2022
4678,2064,2023-2024,Réinscrit,2024-02-27,Génie Civil,S5,2023-2024
4679,2064,2020-2021,Réinscrit,2024-01-04,Génie Civil,S4,2020-2021
4680,2064,2023-2024,Réinscrit,2022-03-06,Génie Civil,S1,2023-2024
4681,2065,2021-2022,Nouveau,2020-01-17,Droit des Affaires,S3,2021-2022
4682,2065,2020-2021,Réinscrit,2019-02-16,Droit des Affaires,S1,2020-2021
4683,2066,2020-2021,Nouveau,2024-09-01,Droit des Affaires,S3,2020-2021
4684,2066,2021-2022,Réinscrit,2019-09-28,Droit des Affaires,S6,2021-2022
4685,2066,2023-2024,Réinscrit,2020-12-18,Droit des Affaires,S1,2023-2024
4686,2067,2020-2021,Nouveau,2019-12-01,Génie Electrique,S3,2020-2021
4687,2068,2022-2023,Nouveau,2023-06-27,Génie Electrique,S2,2022-2023
4688,2068,2021-2022,Réinscrit,2021-02-19,Génie Electrique,S5,2021-2022
4689,2068,2024-2025,Réinscrit,2021-08-28,Génie Electrique,S5,2024-2025
4690,2069,2021-2022,Nouveau,2020-05-14,Finance & Comptabilité,S1,2021-2022
4691,2069,2024-2025,Réinscrit,2022-03-21,Finance & Comptabilité,S2,2024-2025
4692,2069,2021-2022,Réinscrit,2022-12-18,Finance & Comptabilité,S2,2021-2022
4693,2070,2021-2022,Nouveau,2019-09-09,Finance & Comptabilité,S5,2021-2022
4694,2071,2023-2024,Nouveau,2020-01-24,Génie Informatique,S1,2023-2024
4695,2071,2021-2022,Réinscrit,2023-03-23,Génie Informatique,S2,2021-2022
4696,2071,2021-2022,Réinscrit,2023-10-27,Génie Informatique,S5,2021-2022
4697,2072,2021-2022,Nouveau,2021-02-19,Génie Informatique,S3,2021-2022
4698,2072,2020-2021,Réinscrit,2018-09-13,Génie Informatique,S2,2020-2021
4699,2073,2023-2024,Nouveau,2023-01-01,Finance & Comptabilité,S4,2023-2024
4700,2073,2021-2022,Réinscrit,2021-04-09,Finance & Comptabilité,S1,2021-2022
4701,2073,2020-2021,Réinscrit,2023-04-01,Finance & Comptabilité,S6,2020-2021
4702,2074,2023-2024,Nouveau,2020-05-08,Génie Informatique,S6,2023-2024
4703,2074,2023-2024,Réinscrit,2022-12-06,Génie Informatique,S1,2023-2024
4704,2074,2024-2025,Réinscrit,2021-09-17,Génie Informatique,S2,2024-2025
4705,2074,2023-2024,Réinscrit,2023-07-25,Génie Informatique,S5,2023-2024
4706,2075,2022-2023,Nouveau,2018-11-24,Génie Electrique,S4,2022-2023
4707,2075,2024-2025,Réinscrit,2023-01-06,Génie Electrique,S4,2024-2025
4708,2075,2024-2025,Réinscrit,2020-12-20,Génie Electrique,S3,2024-2025
4709,2076,2020-2021,Nouveau,2022-11-25,Finance & Comptabilité,S2,2020-2021
4710,2076,2023-2024,Réinscrit,2020-12-27,Finance & Comptabilité,S2,2023-2024
4711,2077,2022-2023,Nouveau,2023-03-18,Finance & Comptabilité,S3,2022-2023
4712,2077,2021-2022,Réinscrit,2021-12-04,Finance & Comptabilité,S2,2021-2022
4713,2077,2023-2024,Réinscrit,2023-12-07,Finance & Comptabilité,S1,2023-2024
4714,2078,2020-2021,Nouveau,2023-09-27,Génie Civil,S6,2020-2021
4715,2078,2020-2021,Réinscrit,2023-01-10,Génie Civil,S5,2020-2021
4716,2079,2022-2023,Nouveau,2022-12-09,Génie Electrique,S1,2022-2023
4717,2079,2023-2024,Réinscrit,2023-07-24,Génie Electrique,S6,2023-2024
4718,2079,2023-2024,Réinscrit,2023-06-04,Génie Electrique,S1,2023-2024
4719,2080,2022-2023,Nouveau,2022-07-28,Génie Electrique,S2,2022-2023
4720,2080,2022-2023,Réinscrit,2022-10-11,Génie Electrique,S3,2022-2023
4721,2080,2023-2024,Réinscrit,2020-06-09,Génie Electrique,S2,2023-2024
4722,2080,2021-2022,Réinscrit,2024-06-19,Génie Electrique,S5,2021-2022
4723,2081,2020-2021,Nouveau,2022-12-11,Marketing,S3,2020-2021
4724,2081,2020-2021,Réinscrit,2021-03-25,Marketing,S1,2020-2021
4725,2082,2020-2021,Nouveau,2019-03-25,Marketing,S3,2020-2021
4726,2082,2020-2021,Réinscrit,2024-07-22,Marketing,S3,2020-2021
4727,2083,2021-2022,Nouveau,2021-12-14,Génie Civil,S2,2021-2022
4728,2083,2023-2024,Réinscrit,2021-10-15,Génie Civil,S2,2023-2024
4729,2083,2021-2022,Réinscrit,2023-04-05,Génie Civil,S3,2021-2022
4730,2083,2021-2022,Réinscrit,2024-07-03,Génie Civil,S1,2021-2022
4731,2084,2020-2021,Nouveau,2019-04-02,Marketing,S5,2020-2021
4732,2084,2021-2022,Réinscrit,2021-11-24,Marketing,S5,2021-2022
4733,2085,2023-2024,Nouveau,2020-07-19,Génie Informatique,S2,2023-2024
4734,2085,2020-2021,Réinscrit,2020-11-09,Génie Informatique,S5,2020-2021
4735,2085,2020-2021,Réinscrit,2019-06-03,Génie Informatique,S1,2020-2021
4736,2085,2022-2023,Réinscrit,2020-09-02,Génie Informatique,S5,2022-2023
4737,2086,2023-2024,Nouveau,2022-10-21,Finance & Comptabilité,S6,2023-2024
4738,2087,2021-2022,Nouveau,2024-08-25,Droit des Affaires,S2,2021-2022
4739,2087,2021-2022,Réinscrit,2018-10-06,Droit des Affaires,S3,2021-2022
4740,2088,2022-2023,Nouveau,2024-06-03,Génie Informatique,S1,2022-2023
4741,2088,2024-2025,Réinscrit,2024-04-28,Génie Informatique,S1,2024-2025
4742,2089,2021-2022,Nouveau,2020-07-16,Génie Electrique,S1,2021-2022
4743,2089,2023-2024,Réinscrit,2020-05-31,Génie Electrique,S2,2023-2024
4744,2089,2021-2022,Réinscrit,2022-10-14,Génie Electrique,S5,2021-2022
4745,2089,2022-2023,Réinscrit,2023-11-08,Génie Electrique,S2,2022-2023
4746,2090,2021-2022,Nouveau,2019-11-25,Marketing,S6,2021-2022
4747,2090,2021-2022,Réinscrit,2020-06-25,Marketing,S6,2021-2022
4748,2090,2024-2025,Réinscrit,2019-02-21,Marketing,S1,2024-2025
4749,2090,2023-2024,Réinscrit,2020-03-10,Marketing,S1,2023-2024
4750,2091,2023-2024,Nouveau,2024-08-06,Droit des Affaires,S4,2023-2024
4751,2091,2023-2024,Réinscrit,2024-09-26,Droit des Affaires,S6,2023-2024
4752,2091,2023-2024,Réinscrit,2024-07-21,Droit des Affaires,S4,2023-2024
4753,2092,2024-2025,Nouveau,2023-03-18,Génie Informatique,S3,2024-2025
4754,2092,2024-2025,Réinscrit,2023-03-28,Génie Informatique,S2,2024-2025
4755,2092,2024-2025,Réinscrit,2024-04-08,Génie Informatique,S2,2024-2025
4756,2093,2021-2022,Nouveau,2019-06-28,Génie Electrique,S5,2021-2022
4757,2094,2022-2023,Nouveau,2019-12-18,Marketing,S5,2022-2023
4758,2094,2023-2024,Réinscrit,2022-12-16,Marketing,S4,2023-2024
4759,2094,2022-2023,Réinscrit,2022-11-09,Marketing,S1,2022-2023
4760,2095,2023-2024,Nouveau,2020-11-22,Finance & Comptabilité,S1,2023-2024
4761,2095,2021-2022,Réinscrit,2023-07-20,Finance & Comptabilité,S6,2021-2022
4762,2095,2021-2022,Réinscrit,2023-09-17,Finance & Comptabilité,S5,2021-2022
4763,2096,2022-2023,Nouveau,2023-02-10,Finance & Comptabilité,S2,2022-2023
4764,2096,2021-2022,Réinscrit,2018-11-07,Finance & Comptabilité,S2,2021-2022
4765,2097,2022-2023,Nouveau,2024-02-15,Marketing,S4,2022-2023
4766,2097,2023-2024,Réinscrit,2023-11-19,Marketing,S3,2023-2024
4767,2097,2021-2022,Réinscrit,2023-11-11,Marketing,S2,2021-2022
4768,2097,2023-2024,Réinscrit,2019-03-30,Marketing,S2,2023-2024
4769,2098,2020-2021,Nouveau,2021-12-24,Finance & Comptabilité,S3,2020-2021
4770,2098,2020-2021,Réinscrit,2022-08-06,Finance & Comptabilité,S4,2020-2021
4771,2099,2023-2024,Nouveau,2019-07-17,Génie Civil,S5,2023-2024
4772,2099,2022-2023,Réinscrit,2022-08-24,Génie Civil,S5,2022-2023
4773,2099,2024-2025,Réinscrit,2024-01-07,Génie Civil,S1,2024-2025
4774,2099,2023-2024,Réinscrit,2019-06-05,Génie Civil,S3,2023-2024
4775,2100,2021-2022,Nouveau,2022-02-23,Marketing,S5,2021-2022
4776,2100,2021-2022,Réinscrit,2018-10-16,Marketing,S1,2021-2022
4777,2100,2021-2022,Réinscrit,2021-09-09,Marketing,S1,2021-2022
4778,2101,2024-2025,Nouveau,2021-02-12,Génie Civil,S6,2024-2025
4779,2102,2020-2021,Nouveau,2023-09-11,Marketing,S4,2020-2021
4780,2102,2022-2023,Réinscrit,2023-10-30,Marketing,S3,2022-2023
4781,2102,2024-2025,Réinscrit,2022-04-30,Marketing,S3,2024-2025
4782,2103,2020-2021,Nouveau,2024-06-18,Génie Civil,S5,2020-2021
4783,2103,2020-2021,Réinscrit,2023-08-01,Génie Civil,S4,2020-2021
4784,2103,2023-2024,Réinscrit,2024-06-06,Génie Civil,S1,2023-2024
4785,2104,2021-2022,Nouveau,2022-11-26,Finance & Comptabilité,S3,2021-2022
4786,2105,2022-2023,Nouveau,2020-04-12,Finance & Comptabilité,S2,2022-2023
4787,2105,2021-2022,Réinscrit,2019-09-17,Finance & Comptabilité,S5,2021-2022
4788,2105,2023-2024,Réinscrit,2021-10-04,Finance & Comptabilité,S4,2023-2024
4789,2105,2021-2022,Réinscrit,2019-02-19,Finance & Comptabilité,S1,2021-2022
4790,2106,2020-2021,Nouveau,2020-02-27,Génie Informatique,S2,2020-2021
4791,2106,2023-2024,Réinscrit,2020-11-02,Génie Informatique,S4,2023-2024
4792,2106,2021-2022,Réinscrit,2023-06-15,Génie Informatique,S5,2021-2022
4793,2107,2021-2022,Nouveau,2018-09-03,Génie Electrique,S1,2021-2022
4794,2107,2021-2022,Réinscrit,2019-02-01,Génie Electrique,S3,2021-2022
4795,2107,2023-2024,Réinscrit,2019-05-29,Génie Electrique,S2,2023-2024
4796,2108,2021-2022,Nouveau,2024-03-14,Génie Civil,S1,2021-2022
4797,2108,2020-2021,Réinscrit,2023-10-27,Génie Civil,S3,2020-2021
4798,2108,2024-2025,Réinscrit,2022-11-03,Génie Civil,S4,2024-2025
4799,2108,2022-2023,Réinscrit,2022-05-17,Génie Civil,S6,2022-2023
4800,2109,2024-2025,Nouveau,2020-05-30,Droit des Affaires,S6,2024-2025
4801,2109,2024-2025,Réinscrit,2024-07-01,Droit des Affaires,S6,2024-2025
4802,2109,2022-2023,Réinscrit,2021-06-01,Droit des Affaires,S2,2022-2023
4803,2110,2023-2024,Nouveau,2024-02-01,Marketing,S3,2023-2024
4804,2111,2024-2025,Nouveau,2022-01-14,Finance & Comptabilité,S4,2024-2025
4805,2111,2023-2024,Réinscrit,2019-03-30,Finance & Comptabilité,S5,2023-2024
4806,2111,2022-2023,Réinscrit,2021-07-22,Finance & Comptabilité,S1,2022-2023
4807,2112,2024-2025,Nouveau,2021-03-04,Finance & Comptabilité,S2,2024-2025
4808,2112,2021-2022,Réinscrit,2023-11-15,Finance & Comptabilité,S2,2021-2022
4809,2113,2024-2025,Nouveau,2024-05-03,Marketing,S3,2024-2025
4810,2114,2023-2024,Nouveau,2023-05-15,Génie Electrique,S5,2023-2024
4811,2114,2022-2023,Réinscrit,2022-01-08,Génie Electrique,S1,2022-2023
4812,2114,2021-2022,Réinscrit,2020-06-27,Génie Electrique,S5,2021-2022
4813,2114,2023-2024,Réinscrit,2019-05-30,Génie Electrique,S3,2023-2024
4814,2115,2023-2024,Nouveau,2023-03-21,Marketing,S4,2023-2024
4815,2116,2023-2024,Nouveau,2023-12-22,Droit des Affaires,S1,2023-2024
4816,2116,2022-2023,Réinscrit,2022-10-27,Droit des Affaires,S1,2022-2023
4817,2117,2021-2022,Nouveau,2024-02-14,Génie Civil,S4,2021-2022
4818,2117,2023-2024,Réinscrit,2021-01-24,Génie Civil,S4,2023-2024
4819,2117,2023-2024,Réinscrit,2021-04-21,Génie Civil,S3,2023-2024
4820,2118,2024-2025,Nouveau,2020-07-07,Génie Civil,S3,2024-2025
4821,2118,2021-2022,Réinscrit,2022-05-02,Génie Civil,S5,2021-2022
4822,2119,2020-2021,Nouveau,2019-10-18,Droit des Affaires,S1,2020-2021
4823,2119,2020-2021,Réinscrit,2018-10-05,Droit des Affaires,S2,2020-2021
4824,2119,2024-2025,Réinscrit,2023-06-22,Droit des Affaires,S4,2024-2025
4825,2119,2020-2021,Réinscrit,2020-05-15,Droit des Affaires,S1,2020-2021
4826,2120,2023-2024,Nouveau,2020-08-28,Droit des Affaires,S1,2023-2024
4827,2121,2022-2023,Nouveau,2022-10-12,Génie Informatique,S6,2022-2023
4828,2121,2022-2023,Réinscrit,2019-08-25,Génie Informatique,S1,2022-2023
4829,2122,2022-2023,Nouveau,2022-05-15,Droit des Affaires,S1,2022-2023
4830,2122,2020-2021,Réinscrit,2019-08-04,Droit des Affaires,S1,2020-2021
4831,2123,2021-2022,Nouveau,2020-07-28,Droit des Affaires,S4,2021-2022
4832,2124,2020-2021,Nouveau,2021-08-30,Marketing,S5,2020-2021
4833,2124,2022-2023,Réinscrit,2024-07-25,Marketing,S1,2022-2023
4834,2124,2024-2025,Réinscrit,2021-11-09,Marketing,S2,2024-2025
4835,2124,2020-2021,Réinscrit,2023-11-07,Marketing,S5,2020-2021
4836,2125,2021-2022,Nouveau,2024-06-09,Finance & Comptabilité,S1,2021-2022
4837,2125,2023-2024,Réinscrit,2021-03-05,Finance & Comptabilité,S6,2023-2024
4838,2125,2022-2023,Réinscrit,2019-01-10,Finance & Comptabilité,S4,2022-2023
4839,2126,2021-2022,Nouveau,2023-12-20,Génie Informatique,S4,2021-2022
4840,2126,2022-2023,Réinscrit,2024-05-16,Génie Informatique,S3,2022-2023
4841,2126,2022-2023,Réinscrit,2023-03-01,Génie Informatique,S4,2022-2023
4842,2127,2022-2023,Nouveau,2022-04-30,Marketing,S2,2022-2023
4843,2127,2021-2022,Réinscrit,2023-11-03,Marketing,S2,2021-2022
4844,2128,2020-2021,Nouveau,2019-07-23,Marketing,S1,2020-2021
4845,2128,2024-2025,Réinscrit,2019-12-27,Marketing,S2,2024-2025
4846,2129,2023-2024,Nouveau,2020-01-30,Finance & Comptabilité,S2,2023-2024
4847,2130,2022-2023,Nouveau,2022-05-25,Génie Electrique,S6,2022-2023
4848,2131,2024-2025,Nouveau,2021-05-07,Marketing,S6,2024-2025
4849,2131,2023-2024,Réinscrit,2023-07-20,Marketing,S4,2023-2024
4850,2131,2020-2021,Réinscrit,2022-01-22,Marketing,S6,2020-2021
4851,2132,2023-2024,Nouveau,2019-01-17,Génie Informatique,S3,2023-2024
4852,2132,2021-2022,Réinscrit,2023-01-18,Génie Informatique,S2,2021-2022
4853,2133,2020-2021,Nouveau,2019-03-20,Finance & Comptabilité,S1,2020-2021
4854,2133,2022-2023,Réinscrit,2023-01-13,Finance & Comptabilité,S2,2022-2023
4855,2133,2023-2024,Réinscrit,2023-11-12,Finance & Comptabilité,S6,2023-2024
4856,2134,2022-2023,Nouveau,2023-09-16,Génie Civil,S2,2022-2023
4857,2134,2022-2023,Réinscrit,2023-05-27,Génie Civil,S6,2022-2023
4858,2134,2022-2023,Réinscrit,2020-09-23,Génie Civil,S1,2022-2023
4859,2134,2021-2022,Réinscrit,2021-06-23,Génie Civil,S4,2021-2022
4860,2135,2023-2024,Nouveau,2022-06-02,Génie Electrique,S2,2023-2024
4861,2136,2021-2022,Nouveau,2021-05-11,Finance & Comptabilité,S5,2021-2022
4862,2137,2022-2023,Nouveau,2020-12-07,Génie Informatique,S6,2022-2023
4863,2137,2021-2022,Réinscrit,2023-05-09,Génie Informatique,S1,2021-2022
4864,2137,2020-2021,Réinscrit,2022-09-17,Génie Informatique,S6,2020-2021
4865,2137,2022-2023,Réinscrit,2022-11-06,Génie Informatique,S3,2022-2023
4866,2138,2020-2021,Nouveau,2024-01-30,Marketing,S5,2020-2021
4867,2139,2021-2022,Nouveau,2020-04-28,Génie Informatique,S3,2021-2022
4868,2139,2024-2025,Réinscrit,2021-09-25,Génie Informatique,S5,2024-2025
4869,2140,2024-2025,Nouveau,2020-11-14,Droit des Affaires,S4,2024-2025
4870,2140,2020-2021,Réinscrit,2023-10-08,Droit des Affaires,S6,2020-2021
4871,2140,2024-2025,Réinscrit,2021-12-02,Droit des Affaires,S5,2024-2025
4872,2140,2023-2024,Réinscrit,2019-03-02,Droit des Affaires,S3,2023-2024
4873,2141,2020-2021,Nouveau,2023-03-27,Marketing,S5,2020-2021
4874,2141,2020-2021,Réinscrit,2023-12-27,Marketing,S4,2020-2021
4875,2141,2023-2024,Réinscrit,2021-04-03,Marketing,S3,2023-2024
4876,2142,2023-2024,Nouveau,2021-08-20,Finance & Comptabilité,S3,2023-2024
4877,2142,2020-2021,Réinscrit,2021-03-28,Finance & Comptabilité,S6,2020-2021
4878,2143,2023-2024,Nouveau,2021-08-22,Génie Electrique,S1,2023-2024
4879,2143,2024-2025,Réinscrit,2021-03-27,Génie Electrique,S1,2024-2025
4880,2143,2021-2022,Réinscrit,2023-09-15,Génie Electrique,S2,2021-2022
4881,2144,2020-2021,Nouveau,2023-06-28,Finance & Comptabilité,S1,2020-2021
4882,2144,2020-2021,Réinscrit,2021-09-25,Finance & Comptabilité,S5,2020-2021
4883,2144,2024-2025,Réinscrit,2023-05-05,Finance & Comptabilité,S1,2024-2025
4884,2144,2024-2025,Réinscrit,2022-02-06,Finance & Comptabilité,S5,2024-2025
4885,2145,2023-2024,Nouveau,2021-01-22,Droit des Affaires,S5,2023-2024
4886,2146,2020-2021,Nouveau,2021-04-19,Droit des Affaires,S4,2020-2021
4887,2146,2024-2025,Réinscrit,2022-05-08,Droit des Affaires,S2,2024-2025
4888,2146,2024-2025,Réinscrit,2020-11-29,Droit des Affaires,S1,2024-2025
4889,2147,2020-2021,Nouveau,2022-05-09,Génie Informatique,S6,2020-2021
4890,2147,2021-2022,Réinscrit,2024-01-18,Génie Informatique,S1,2021-2022
4891,2147,2020-2021,Réinscrit,2020-02-14,Génie Informatique,S6,2020-2021
4892,2147,2022-2023,Réinscrit,2020-07-24,Génie Informatique,S6,2022-2023
4893,2148,2022-2023,Nouveau,2023-04-30,Génie Informatique,S2,2022-2023
4894,2148,2023-2024,Réinscrit,2020-12-14,Génie Informatique,S6,2023-2024
4895,2148,2021-2022,Réinscrit,2022-09-20,Génie Informatique,S1,2021-2022
4896,2149,2022-2023,Nouveau,2024-09-30,Génie Civil,S6,2022-2023
4897,2149,2024-2025,Réinscrit,2019-06-08,Génie Civil,S1,2024-2025
4898,2149,2021-2022,Réinscrit,2020-01-11,Génie Civil,S1,2021-2022
4899,2150,2020-2021,Nouveau,2021-09-11,Génie Civil,S2,2020-2021
4900,2150,2020-2021,Réinscrit,2023-09-23,Génie Civil,S3,2020-2021
4901,2151,2024-2025,Nouveau,2024-08-29,Marketing,S4,2024-2025
4902,2152,2023-2024,Nouveau,2021-10-14,Droit des Affaires,S1,2023-2024
4903,2153,2020-2021,Nouveau,2022-08-17,Génie Informatique,S2,2020-2021
4904,2153,2023-2024,Réinscrit,2020-10-15,Génie Informatique,S5,2023-2024
4905,2153,2022-2023,Réinscrit,2018-11-14,Génie Informatique,S5,2022-2023
4906,2154,2020-2021,Nouveau,2020-06-26,Génie Civil,S2,2020-2021
4907,2155,2021-2022,Nouveau,2024-07-09,Droit des Affaires,S6,2021-2022
4908,2155,2024-2025,Réinscrit,2020-11-04,Droit des Affaires,S4,2024-2025
4909,2155,2022-2023,Réinscrit,2019-01-01,Droit des Affaires,S3,2022-2023
4910,2156,2023-2024,Nouveau,2019-10-30,Génie Civil,S5,2023-2024
4911,2156,2023-2024,Réinscrit,2021-01-17,Génie Civil,S2,2023-2024
4912,2156,2021-2022,Réinscrit,2024-02-02,Génie Civil,S5,2021-2022
4913,2156,2020-2021,Réinscrit,2021-03-17,Génie Civil,S6,2020-2021
4914,2157,2024-2025,Nouveau,2023-10-20,Finance & Comptabilité,S4,2024-2025
4915,2157,2022-2023,Réinscrit,2022-10-20,Finance & Comptabilité,S2,2022-2023
4916,2157,2020-2021,Réinscrit,2019-01-28,Finance & Comptabilité,S4,2020-2021
4917,2157,2021-2022,Réinscrit,2018-09-16,Finance & Comptabilité,S5,2021-2022
4918,2158,2020-2021,Nouveau,2022-11-04,Marketing,S6,2020-2021
4919,2158,2022-2023,Réinscrit,2023-04-30,Marketing,S6,2022-2023
4920,2158,2020-2021,Réinscrit,2022-03-14,Marketing,S4,2020-2021
4921,2159,2021-2022,Nouveau,2019-09-29,Génie Electrique,S5,2021-2022
4922,2160,2024-2025,Nouveau,2020-03-10,Finance & Comptabilité,S4,2024-2025
4923,2161,2024-2025,Nouveau,2022-06-27,Marketing,S1,2024-2025
4924,2161,2024-2025,Réinscrit,2019-01-12,Marketing,S6,2024-2025
4925,2161,2022-2023,Réinscrit,2021-06-04,Marketing,S3,2022-2023
4926,2161,2024-2025,Réinscrit,2023-06-10,Marketing,S3,2024-2025
4927,2162,2020-2021,Nouveau,2019-04-13,Marketing,S3,2020-2021
4928,2163,2022-2023,Nouveau,2022-12-03,Finance & Comptabilité,S2,2022-2023
4929,2163,2022-2023,Réinscrit,2022-06-24,Finance & Comptabilité,S4,2022-2023
4930,2164,2024-2025,Nouveau,2022-09-30,Génie Civil,S1,2024-2025
4931,2165,2022-2023,Nouveau,2022-01-11,Génie Civil,S4,2022-2023
4932,2165,2020-2021,Réinscrit,2018-12-17,Génie Civil,S3,2020-2021
4933,2165,2022-2023,Réinscrit,2020-09-26,Génie Civil,S6,2022-2023
4934,2165,2020-2021,Réinscrit,2020-03-16,Génie Civil,S5,2020-2021
4935,2166,2022-2023,Nouveau,2019-12-09,Droit des Affaires,S1,2022-2023
4936,2167,2022-2023,Nouveau,2022-03-27,Génie Electrique,S1,2022-2023
4937,2167,2021-2022,Réinscrit,2021-01-17,Génie Electrique,S5,2021-2022
4938,2167,2020-2021,Réinscrit,2021-04-06,Génie Electrique,S1,2020-2021
4939,2168,2022-2023,Nouveau,2024-09-26,Génie Electrique,S1,2022-2023
4940,2168,2024-2025,Réinscrit,2021-12-31,Génie Electrique,S5,2024-2025
4941,2168,2022-2023,Réinscrit,2019-10-17,Génie Electrique,S4,2022-2023
4942,2169,2022-2023,Nouveau,2023-05-19,Marketing,S1,2022-2023
4943,2170,2022-2023,Nouveau,2019-04-02,Droit des Affaires,S2,2022-2023
4944,2170,2020-2021,Réinscrit,2019-09-22,Droit des Affaires,S5,2020-2021
4945,2170,2020-2021,Réinscrit,2019-11-12,Droit des Affaires,S4,2020-2021
4946,2171,2023-2024,Nouveau,2022-09-19,Génie Electrique,S4,2023-2024
4947,2172,2022-2023,Nouveau,2020-06-12,Finance & Comptabilité,S5,2022-2023
4948,2173,2020-2021,Nouveau,2022-05-31,Droit des Affaires,S2,2020-2021
4949,2173,2021-2022,Réinscrit,2019-10-31,Droit des Affaires,S6,2021-2022
4950,2174,2023-2024,Nouveau,2021-02-11,Génie Electrique,S6,2023-2024
4951,2175,2021-2022,Nouveau,2024-05-19,Génie Informatique,S2,2021-2022
4952,2175,2023-2024,Réinscrit,2018-09-22,Génie Informatique,S6,2023-2024
4953,2176,2024-2025,Nouveau,2020-10-08,Marketing,S4,2024-2025
4954,2176,2024-2025,Réinscrit,2021-05-02,Marketing,S1,2024-2025
4955,2176,2023-2024,Réinscrit,2021-01-12,Marketing,S5,2023-2024
4956,2177,2021-2022,Nouveau,2024-08-01,Génie Informatique,S3,2021-2022
4957,2177,2022-2023,Réinscrit,2020-03-11,Génie Informatique,S4,2022-2023
4958,2177,2024-2025,Réinscrit,2023-04-13,Génie Informatique,S5,2024-2025
4959,2177,2022-2023,Réinscrit,2021-09-08,Génie Informatique,S2,2022-2023
4960,2178,2023-2024,Nouveau,2021-07-11,Marketing,S6,2023-2024
4961,2179,2020-2021,Nouveau,2019-12-14,Marketing,S4,2020-2021
4962,2179,2024-2025,Réinscrit,2020-10-23,Marketing,S6,2024-2025
4963,2179,2022-2023,Réinscrit,2020-02-08,Marketing,S5,2022-2023
4964,2179,2021-2022,Réinscrit,2020-01-05,Marketing,S6,2021-2022
4965,2180,2021-2022,Nouveau,2019-02-12,Finance & Comptabilité,S2,2021-2022
4966,2180,2021-2022,Réinscrit,2019-03-10,Finance & Comptabilité,S6,2021-2022
4967,2181,2023-2024,Nouveau,2020-02-27,Génie Civil,S2,2023-2024
4968,2182,2020-2021,Nouveau,2018-09-12,Génie Electrique,S6,2020-2021
4969,2182,2021-2022,Réinscrit,2019-11-28,Génie Electrique,S6,2021-2022
4970,2182,2020-2021,Réinscrit,2023-04-21,Génie Electrique,S1,2020-2021
4971,2183,2021-2022,Nouveau,2023-09-06,Génie Informatique,S2,2021-2022
4972,2183,2021-2022,Réinscrit,2020-01-18,Génie Informatique,S3,2021-2022
4973,2183,2022-2023,Réinscrit,2023-04-11,Génie Informatique,S4,2022-2023
4974,2184,2023-2024,Nouveau,2020-12-04,Génie Electrique,S6,2023-2024
4975,2184,2021-2022,Réinscrit,2020-12-25,Génie Electrique,S4,2021-2022
4976,2184,2022-2023,Réinscrit,2020-10-10,Génie Electrique,S6,2022-2023
4977,2185,2023-2024,Nouveau,2024-02-24,Marketing,S3,2023-2024
4978,2185,2023-2024,Réinscrit,2019-03-20,Marketing,S3,2023-2024
4979,2186,2023-2024,Nouveau,2023-11-12,Génie Informatique,S2,2023-2024
4980,2187,2020-2021,Nouveau,2023-10-24,Génie Informatique,S5,2020-2021
4981,2188,2021-2022,Nouveau,2023-04-21,Droit des Affaires,S1,2021-2022
4982,2188,2022-2023,Réinscrit,2020-03-30,Droit des Affaires,S3,2022-2023
4983,2188,2022-2023,Réinscrit,2020-08-26,Droit des Affaires,S4,2022-2023
4984,2189,2023-2024,Nouveau,2024-08-09,Marketing,S1,2023-2024
4985,2190,2022-2023,Nouveau,2022-01-24,Génie Electrique,S6,2022-2023
4986,2190,2021-2022,Réinscrit,2023-09-15,Génie Electrique,S2,2021-2022
4987,2190,2022-2023,Réinscrit,2024-01-06,Génie Electrique,S4,2022-2023
4988,2190,2022-2023,Réinscrit,2020-06-19,Génie Electrique,S4,2022-2023
4989,2191,2023-2024,Nouveau,2020-02-29,Génie Informatique,S1,2023-2024
4990,2191,2021-2022,Réinscrit,2024-02-12,Génie Informatique,S4,2021-2022
4991,2192,2024-2025,Nouveau,2024-05-19,Génie Electrique,S6,2024-2025
4992,2192,2021-2022,Réinscrit,2019-11-24,Génie Electrique,S3,2021-2022
4993,2193,2024-2025,Nouveau,2021-07-10,Génie Informatique,S6,2024-2025
4994,2193,2020-2021,Réinscrit,2021-09-18,Génie Informatique,S6,2020-2021
4995,2193,2024-2025,Réinscrit,2022-02-22,Génie Informatique,S6,2024-2025
4996,2194,2020-2021,Nouveau,2019-05-16,Génie Civil,S5,2020-2021
4997,2194,2020-2021,Réinscrit,2021-05-16,Génie Civil,S3,2020-2021
4998,2194,2022-2023,Réinscrit,2021-05-28,Génie Civil,S6,2022-2023
4999,2194,2024-2025,Réinscrit,2024-08-10,Génie Civil,S2,2024-2025
5000,2195,2024-2025,Nouveau,2018-09-14,Finance & Comptabilité,S2,2024-2025
5001,2195,2020-2021,Réinscrit,2022-05-03,Finance & Comptabilité,S6,2020-2021
5002,2195,2024-2025,Réinscrit,2023-05-17,Finance & Comptabilité,S5,2024-2025
5003,2195,2022-2023,Réinscrit,2018-09-06,Finance & Comptabilité,S4,2022-2023
5004,2196,2021-2022,Nouveau,2019-11-19,Droit des Affaires,S6,2021-2022
5005,2196,2022-2023,Réinscrit,2023-06-07,Droit des Affaires,S3,2022-2023
5006,2197,2024-2025,Nouveau,2020-11-26,Marketing,S6,2024-2025
5007,2197,2023-2024,Réinscrit,2022-09-01,Marketing,S1,2023-2024
5008,2197,2023-2024,Réinscrit,2023-12-16,Marketing,S5,2023-2024
5009,2198,2021-2022,Nouveau,2022-04-23,Finance & Comptabilité,S1,2021-2022
5010,2198,2022-2023,Réinscrit,2022-09-01,Finance & Comptabilité,S4,2022-2023
5011,2199,2024-2025,Nouveau,2022-05-28,Droit des Affaires,S4,2024-2025
5012,2199,2021-2022,Réinscrit,2023-07-01,Droit des Affaires,S5,2021-2022
5013,2200,2020-2021,Nouveau,2019-10-28,Génie Electrique,S5,2020-2021
