id_note,id_etudiant,id_module,annee_universitaire,note,mention,session,resultat,admis_bool
5001,1385,318,2023-2024,7.12,Insuffisant,Rattrapage,Échec,0
5002,1392,313,2022-2023,12.24,Assez Bien,Normale,Admis,1
5003,2060,335,2024-2025,10.77,Passable,Rattrapage,Admis,1
5004,1472,316,2022-2023,13.67,Assez Bien,Normale,Admis,1
5005,1428,331,2022-2023,15.67,Bien,Normale,Admis,1
5006,1210,348,2024-2025,10.5,Passable,Normale,Admis,1
5007,1781,328,2024-2025,7.86,Insuffisant,Normale,Échec,0
5008,1522,347,2020-2021,7.79,Insuffisant,Normale,Échec,0
5009,2040,328,2022-2023,9.27,Insuffisant,Rattrapage,Échec,0
5010,1590,312,2022-2023,14.37,Bien,Rattrapage,Admis,1
5011,1511,347,2024-2025,12.01,Assez Bien,Normale,Admis,1
5012,1362,325,2024-2025,7.27,Insuffisant,Rattrapage,Échec,0
5013,1274,336,2022-2023,5.93,Insuffisant,Normale,Échec,0
5014,1704,302,2023-2024,14.23,Bien,Normale,Admis,1
5015,1551,314,2022-2023,8.33,Insuffisant,Rattrapage,Échec,0
5016,1045,337,2022-2023,13.55,Assez Bien,Normale,Admis,1
5017,1335,349,2024-2025,16.36,Très Bien,Rattrapage,Admis,1
5018,2072,352,2024-2025,10.49,Passable,Normale,Admis,1
5019,1765,339,2022-2023,17.68,Très Bien,Normale,Admis,1
5020,1983,354,2020-2021,8.69,Insuffisant,Normale,Échec,0
5021,1510,337,2023-2024,14.49,Bien,Normale,Admis,1
5022,1865,319,2022-2023,19.15,Très Bien,Normale,Admis,1
5023,1430,321,2024-2025,8.93,Insuffisant,Normale,Échec,0
5024,1197,354,2023-2024,15.3,Bien,Normale,Admis,1
5025,1830,322,2020-2021,8.36,Insuffisant,Normale,Échec,0
5026,1530,330,2020-2021,15.44,Bien,Normale,Admis,1
5027,2126,334,2021-2022,13.13,Assez Bien,Normale,Admis,1
5028,1010,303,2024-2025,16.65,Très Bien,Normale,Admis,1
5029,1697,318,2021-2022,13.34,Assez Bien,Rattrapage,Admis,1
5030,2128,333,2023-2024,9.44,Insuffisant,Normale,Échec,0
5031,1435,360,2022-2023,9.94,Insuffisant,Rattrapage,Échec,0
5032,1584,348,2024-2025,6.86,Insuffisant,Rattrapage,Échec,0
5033,1824,343,2023-2024,13.5,Assez Bien,Normale,Admis,1
5034,2058,328,2023-2024,17.24,Très Bien,Normale,Admis,1
5035,1922,338,2024-2025,15.4,Bien,Normale,Admis,1
5036,2187,317,2023-2024,9.78,Insuffisant,Normale,Échec,0
5037,1034,327,2020-2021,13.66,Assez Bien,Normale,Admis,1
5038,1938,345,2020-2021,17.91,Très Bien,Normale,Admis,1
5039,1888,338,2020-2021,2.1,Insuffisant,Rattrapage,Échec,0
5040,1175,355,2022-2023,9.65,Insuffisant,Normale,Échec,0
5041,1902,359,2020-2021,16.98,Très Bien,Normale,Admis,1
5042,1166,302,2021-2022,14.62,Bien,Normale,Admis,1
5043,2073,317,2023-2024,11.5,Passable,Normale,Admis,1
5044,1211,322,2023-2024,14.26,Bien,Rattrapage,Admis,1
5045,1984,354,2022-2023,13.73,Assez Bien,Normale,Admis,1
5046,1858,328,2022-2023,9.54,Insuffisant,Normale,Échec,0
5047,1001,342,2022-2023,11.37,Passable,Normale,Admis,1
5048,1157,335,2024-2025,16.59,Très Bien,Normale,Admis,1
5049,1866,302,2020-2021,13.05,Assez Bien,Normale,Admis,1
5050,1788,332,2022-2023,13.16,Assez Bien,Normale,Admis,1
5051,1535,337,2021-2022,14.97,Bien,Normale,Admis,1
5052,1419,319,2021-2022,9.44,Insuffisant,Normale,Échec,0
5053,1754,340,2023-2024,18.45,Très Bien,Normale,Admis,1
5054,2179,334,2022-2023,10.96,Passable,Normale,Admis,1
5055,1039,357,2022-2023,7.97,Insuffisant,Normale,Échec,0
5056,1664,349,2020-2021,12.76,Assez Bien,Rattrapage,Admis,1
5057,1687,351,2023-2024,12.58,Assez Bien,Normale,Admis,1
5058,1837,355,2024-2025,18.39,Très Bien,Normale,Admis,1
5059,1470,332,2022-2023,12.55,Assez Bien,Normale,Admis,1
5060,1637,303,2021-2022,12.41,Assez Bien,Normale,Admis,1
5061,1542,358,2021-2022,10.51,Passable,Normale,Admis,1
5062,2149,328,2020-2021,11.57,Passable,Rattrapage,Admis,1
5063,1966,354,2024-2025,17.93,Très Bien,Normale,Admis,1
5064,1344,358,2022-2023,11.52,Passable,Rattrapage,Admis,1
5065,1913,308,2022-2023,13.92,Assez Bien,Normale,Admis,1
5066,1069,355,2021-2022,10.33,Passable,Normale,Admis,1
5067,1677,304,2021-2022,17.33,Très Bien,Normale,Admis,1
5068,2104,321,2023-2024,11.45,Passable,Normale,Admis,1
5069,1877,348,2021-2022,12.41,Assez Bien,Normale,Admis,1
5070,1771,356,2022-2023,12.52,Assez Bien,Normale,Admis,1
5071,2054,351,2020-2021,14.6,Bien,Rattrapage,Admis,1
5072,1843,349,2021-2022,12.91,Assez Bien,Normale,Admis,1
5073,2060,342,2022-2023,11.18,Passable,Rattrapage,Admis,1
5074,2174,316,2023-2024,19.1,Très Bien,Normale,Admis,1
5075,2146,356,2020-2021,12.58,Assez Bien,Normale,Admis,1
5076,1790,313,2022-2023,20.0,Très Bien,Normale,Admis,1
5077,2049,323,2021-2022,9.34,Insuffisant,Normale,Échec,0
5078,1039,347,2020-2021,8.24,Insuffisant,Rattrapage,Échec,0
5079,1045,350,2020-2021,11.38,Passable,Normale,Admis,1
5080,1290,329,2024-2025,11.56,Passable,Normale,Admis,1
5081,2184,325,2024-2025,8.48,Insuffisant,Rattrapage,Échec,0
5082,1683,306,2024-2025,8.11,Insuffisant,Rattrapage,Échec,0
5083,1427,301,2022-2023,12.55,Assez Bien,Normale,Admis,1
5084,2032,356,2022-2023,14.24,Bien,Normale,Admis,1
5085,1302,359,2023-2024,12.07,Assez Bien,Normale,Admis,1
5086,1942,323,2024-2025,13.15,Assez Bien,Normale,Admis,1
5087,1771,349,2023-2024,15.06,Bien,Rattrapage,Admis,1
5088,1100,358,2021-2022,9.43,Insuffisant,Normale,Échec,0
5089,1794,321,2023-2024,15.52,Bien,Rattrapage,Admis,1
5090,1301,304,2021-2022,12.66,Assez Bien,Rattrapage,Admis,1
5091,1866,314,2022-2023,11.48,Passable,Normale,Admis,1
5092,1623,344,2022-2023,14.72,Bien,Rattrapage,Admis,1
5093,1433,341,2024-2025,9.55,Insuffisant,Normale,Échec,0
5094,1529,326,2024-2025,17.64,Très Bien,Normale,Admis,1
5095,1774,348,2021-2022,7.38,Insuffisant,Normale,Échec,0
5096,1477,307,2024-2025,14.06,Bien,Rattrapage,Admis,1
5097,1148,344,2021-2022,14.89,Bien,Normale,Admis,1
5098,1402,315,2022-2023,16.65,Très Bien,Normale,Admis,1
5099,1901,344,2023-2024,14.63,Bien,Normale,Admis,1
5100,1182,331,2020-2021,18.4,Très Bien,Rattrapage,Admis,1
5101,1919,357,2021-2022,19.96,Très Bien,Normale,Admis,1
5102,1255,357,2023-2024,17.9,Très Bien,Rattrapage,Admis,1
5103,1618,318,2022-2023,13.63,Assez Bien,Normale,Admis,1
5104,1945,330,2023-2024,14.56,Bien,Normale,Admis,1
5105,1355,344,2023-2024,8.49,Insuffisant,Normale,Échec,0
5106,1279,325,2021-2022,12.16,Assez Bien,Normale,Admis,1
5107,1804,329,2024-2025,13.74,Assez Bien,Normale,Admis,1
5108,1642,345,2020-2021,11.97,Passable,Normale,Admis,1
5109,2044,340,2024-2025,12.2,Assez Bien,Rattrapage,Admis,1
5110,2001,353,2023-2024,12.61,Assez Bien,Normale,Admis,1
5111,1543,351,2023-2024,6.84,Insuffisant,Normale,Échec,0
5112,1767,340,2022-2023,12.62,Assez Bien,Normale,Admis,1
5113,1588,342,2021-2022,11.19,Passable,Normale,Admis,1
5114,1585,354,2024-2025,12.96,Assez Bien,Normale,Admis,1
5115,1685,309,2024-2025,10.97,Passable,Normale,Admis,1
5116,1726,355,2021-2022,10.43,Passable,Rattrapage,Admis,1
5117,1914,348,2023-2024,14.29,Bien,Normale,Admis,1
5118,1520,357,2020-2021,13.29,Assez Bien,Rattrapage,Admis,1
5119,1492,331,2023-2024,11.95,Passable,Normale,Admis,1
5120,1954,327,2024-2025,16.34,Très Bien,Normale,Admis,1
5121,1974,319,2020-2021,8.68,Insuffisant,Normale,Échec,0
5122,1544,356,2021-2022,9.42,Insuffisant,Rattrapage,Échec,0
5123,1047,356,2023-2024,5.28,Insuffisant,Normale,Échec,0
5124,1863,330,2022-2023,14.0,Bien,Normale,Admis,1
5125,1165,320,2024-2025,13.43,Assez Bien,Rattrapage,Admis,1
5126,1912,323,2021-2022,11.09,Passable,Normale,Admis,1
5127,1611,306,2020-2021,6.36,Insuffisant,Normale,Échec,0
5128,1650,349,2023-2024,8.08,Insuffisant,Normale,Échec,0
5129,1426,342,2021-2022,18.02,Très Bien,Normale,Admis,1
5130,1122,340,2024-2025,8.58,Insuffisant,Rattrapage,Échec,0
5131,1120,351,2020-2021,8.94,Insuffisant,Rattrapage,Échec,0
5132,1096,337,2022-2023,10.11,Passable,Normale,Admis,1
5133,1069,351,2023-2024,5.49,Insuffisant,Normale,Échec,0
5134,1764,326,2022-2023,14.0,Bien,Rattrapage,Admis,1
5135,2037,310,2021-2022,17.67,Très Bien,Rattrapage,Admis,1
5136,1595,347,2022-2023,8.01,Insuffisant,Normale,Échec,0
5137,1704,316,2024-2025,15.78,Bien,Normale,Admis,1
5138,1684,342,2023-2024,14.95,Bien,Normale,Admis,1
5139,1749,316,2022-2023,10.0,Passable,Rattrapage,Admis,1
5140,1370,359,2021-2022,12.09,Assez Bien,Normale,Admis,1
5141,1267,327,2023-2024,14.93,Bien,Normale,Admis,1
5142,1066,341,2020-2021,15.72,Bien,Normale,Admis,1
5143,1076,317,2023-2024,12.58,Assez Bien,Normale,Admis,1
5144,1060,355,2024-2025,14.25,Bien,Normale,Admis,1
5145,1162,305,2020-2021,10.11,Passable,Normale,Admis,1
5146,1503,353,2022-2023,5.01,Insuffisant,Normale,Échec,0
5147,2198,349,2022-2023,12.73,Assez Bien,Normale,Admis,1
5148,1864,305,2020-2021,10.77,Passable,Rattrapage,Admis,1
5149,2028,337,2024-2025,9.84,Insuffisant,Rattrapage,Échec,0
5150,1818,354,2022-2023,7.71,Insuffisant,Normale,Échec,0
5151,1165,306,2024-2025,9.81,Insuffisant,Rattrapage,Échec,0
5152,1209,344,2022-2023,13.46,Assez Bien,Normale,Admis,1
5153,2029,314,2023-2024,13.17,Assez Bien,Rattrapage,Admis,1
5154,1567,326,2023-2024,16.6,Très Bien,Normale,Admis,1
5155,1157,320,2022-2023,10.1,Passable,Normale,Admis,1
5156,1964,329,2023-2024,15.18,Bien,Normale,Admis,1
5157,1191,333,2023-2024,13.61,Assez Bien,Normale,Admis,1
5158,2047,332,2020-2021,10.64,Passable,Normale,Admis,1
5159,1575,347,2023-2024,9.6,Insuffisant,Normale,Échec,0
5160,2196,327,2023-2024,20.0,Très Bien,Normale,Admis,1
5161,1786,336,2021-2022,14.43,Bien,Normale,Admis,1
5162,1033,348,2022-2023,11.2,Passable,Normale,Admis,1
5163,1273,324,2023-2024,12.71,Assez Bien,Normale,Admis,1
5164,1703,339,2024-2025,12.96,Assez Bien,Rattrapage,Admis,1
5165,1768,302,2024-2025,12.03,Assez Bien,Normale,Admis,1
5166,1139,318,2021-2022,11.9,Passable,Normale,Admis,1
5167,1477,345,2021-2022,12.39,Assez Bien,Normale,Admis,1
5168,1008,347,2021-2022,11.22,Passable,Normale,Admis,1
5169,2177,346,2021-2022,14.03,Bien,Normale,Admis,1
5170,2017,328,2022-2023,11.44,Passable,Rattrapage,Admis,1
5171,1036,321,2022-2023,10.67,Passable,Rattrapage,Admis,1
5172,1986,344,2021-2022,8.97,Insuffisant,Normale,Échec,0
5173,2096,328,2021-2022,11.87,Passable,Rattrapage,Admis,1
5174,1319,305,2022-2023,15.08,Bien,Normale,Admis,1
5175,1113,323,2020-2021,14.73,Bien,Rattrapage,Admis,1
5176,1443,357,2020-2021,13.82,Assez Bien,Normale,Admis,1
5177,2090,325,2023-2024,13.24,Assez Bien,Normale,Admis,1
5178,1067,320,2023-2024,11.17,Passable,Normale,Admis,1
5179,1630,329,2021-2022,18.22,Très Bien,Normale,Admis,1
5180,1437,336,2024-2025,20.0,Très Bien,Normale,Admis,1
5181,1185,317,2023-2024,6.04,Insuffisant,Normale,Échec,0
5182,2025,322,2021-2022,12.6,Assez Bien,Normale,Admis,1
5183,1535,330,2022-2023,17.27,Très Bien,Normale,Admis,1
5184,1620,353,2021-2022,8.07,Insuffisant,Normale,Échec,0
5185,1006,313,2022-2023,17.71,Très Bien,Normale,Admis,1
5186,1538,319,2020-2021,16.66,Très Bien,Rattrapage,Admis,1
5187,1035,360,2021-2022,17.11,Très Bien,Normale,Admis,1
5188,1463,351,2024-2025,6.53,Insuffisant,Normale,Échec,0
5189,1985,342,2021-2022,14.45,Bien,Normale,Admis,1
5190,1732,306,2024-2025,12.68,Assez Bien,Normale,Admis,1
5191,1833,327,2022-2023,15.22,Bien,Rattrapage,Admis,1
5192,2018,331,2022-2023,19.75,Très Bien,Normale,Admis,1
5193,1196,314,2020-2021,12.37,Assez Bien,Rattrapage,Admis,1
5194,1417,359,2022-2023,10.29,Passable,Normale,Admis,1
5195,1157,333,2021-2022,10.82,Passable,Normale,Admis,1
5196,1018,310,2022-2023,14.31,Bien,Normale,Admis,1
5197,2053,324,2021-2022,9.83,Insuffisant,Normale,Échec,0
5198,1548,358,2023-2024,16.15,Très Bien,Normale,Admis,1
5199,1652,335,2020-2021,10.99,Passable,Rattrapage,Admis,1
5200,1716,314,2024-2025,10.29,Passable,Rattrapage,Admis,1
5201,2080,350,2024-2025,11.69,Passable,Normale,Admis,1
5202,1747,341,2021-2022,15.2,Bien,Normale,Admis,1
5203,1244,332,2024-2025,11.45,Passable,Normale,Admis,1
5204,1672,322,2024-2025,13.99,Assez Bien,Normale,Admis,1
5205,1119,352,2024-2025,4.91,Insuffisant,Normale,Échec,0
5206,2071,320,2020-2021,12.45,Assez Bien,Normale,Admis,1
5207,1350,336,2023-2024,15.81,Bien,Normale,Admis,1
5208,1677,324,2024-2025,10.87,Passable,Normale,Admis,1
5209,1227,325,2023-2024,16.13,Très Bien,Normale,Admis,1
5210,1707,349,2024-2025,8.21,Insuffisant,Normale,Échec,0
5211,1365,314,2024-2025,15.96,Bien,Normale,Admis,1
5212,1421,355,2020-2021,7.0,Insuffisant,Normale,Échec,0
5213,1452,320,2024-2025,12.21,Assez Bien,Normale,Admis,1
5214,2172,306,2024-2025,16.08,Très Bien,Normale,Admis,1
5215,1085,347,2020-2021,10.32,Passable,Normale,Admis,1
5216,1402,335,2020-2021,19.97,Très Bien,Normale,Admis,1
5217,1529,356,2023-2024,11.42,Passable,Normale,Admis,1
5218,1388,317,2021-2022,11.65,Passable,Normale,Admis,1
5219,1355,320,2021-2022,7.93,Insuffisant,Normale,Échec,0
5220,1211,345,2024-2025,9.93,Insuffisant,Normale,Échec,0
5221,1758,337,2023-2024,7.88,Insuffisant,Normale,Échec,0
5222,1496,349,2020-2021,14.34,Bien,Normale,Admis,1
5223,1209,312,2020-2021,9.56,Insuffisant,Normale,Échec,0
5224,2055,321,2021-2022,15.89,Bien,Normale,Admis,1
5225,1968,358,2021-2022,7.86,Insuffisant,Rattrapage,Échec,0
5226,1605,306,2020-2021,19.01,Très Bien,Rattrapage,Admis,1
5227,1606,347,2023-2024,14.09,Bien,Normale,Admis,1
5228,1181,313,2021-2022,7.57,Insuffisant,Normale,Échec,0
5229,1172,322,2022-2023,12.18,Assez Bien,Normale,Admis,1
5230,1743,313,2020-2021,13.31,Assez Bien,Normale,Admis,1
5231,1129,321,2021-2022,16.32,Très Bien,Normale,Admis,1
5232,1080,313,2020-2021,15.3,Bien,Normale,Admis,1
5233,1630,319,2020-2021,15.68,Bien,Normale,Admis,1
5234,1922,329,2024-2025,2.54,Insuffisant,Normale,Échec,0
5235,1181,343,2020-2021,12.47,Assez Bien,Normale,Admis,1
5236,1098,340,2023-2024,11.96,Passable,Normale,Admis,1
5237,1739,340,2024-2025,13.11,Assez Bien,Normale,Admis,1
5238,1621,343,2022-2023,16.1,Très Bien,Normale,Admis,1
5239,1655,330,2023-2024,18.62,Très Bien,Normale,Admis,1
5240,1886,316,2022-2023,17.2,Très Bien,Rattrapage,Admis,1
5241,1667,357,2022-2023,10.85,Passable,Normale,Admis,1
5242,1246,351,2024-2025,12.26,Assez Bien,Normale,Admis,1
5243,1377,339,2024-2025,13.26,Assez Bien,Normale,Admis,1
5244,1202,310,2023-2024,15.19,Bien,Normale,Admis,1
5245,1547,322,2021-2022,15.4,Bien,Normale,Admis,1
5246,1113,327,2022-2023,14.35,Bien,Normale,Admis,1
5247,1169,360,2024-2025,8.46,Insuffisant,Normale,Échec,0
5248,1211,302,2023-2024,12.26,Assez Bien,Rattrapage,Admis,1
5249,1215,359,2023-2024,9.72,Insuffisant,Normale,Échec,0
5250,1780,345,2024-2025,14.33,Bien,Normale,Admis,1
5251,1192,302,2020-2021,8.47,Insuffisant,Normale,Échec,0
5252,2079,341,2021-2022,11.45,Passable,Normale,Admis,1
5253,1328,343,2022-2023,17.97,Très Bien,Normale,Admis,1
5254,1275,352,2020-2021,13.9,Assez Bien,Rattrapage,Admis,1
5255,1829,335,2021-2022,13.31,Assez Bien,Normale,Admis,1
5256,1855,353,2024-2025,10.64,Passable,Rattrapage,Admis,1
5257,1258,310,2020-2021,19.14,Très Bien,Normale,Admis,1
5258,2023,323,2023-2024,17.81,Très Bien,Normale,Admis,1
5259,1350,342,2023-2024,18.1,Très Bien,Normale,Admis,1
5260,2165,350,2023-2024,11.7,Passable,Rattrapage,Admis,1
5261,1300,302,2024-2025,2.79,Insuffisant,Normale,Échec,0
5262,1397,341,2022-2023,8.4,Insuffisant,Normale,Échec,0
5263,2017,337,2020-2021,13.66,Assez Bien,Normale,Admis,1
5264,1008,301,2022-2023,12.34,Assez Bien,Normale,Admis,1
5265,2165,315,2021-2022,11.43,Passable,Normale,Admis,1
5266,1721,332,2021-2022,12.36,Assez Bien,Normale,Admis,1
5267,1272,336,2023-2024,5.69,Insuffisant,Normale,Échec,0
5268,1101,346,2021-2022,12.81,Assez Bien,Normale,Admis,1
5269,1324,310,2020-2021,16.29,Très Bien,Rattrapage,Admis,1
5270,1096,342,2023-2024,5.51,Insuffisant,Normale,Échec,0
5271,1548,336,2022-2023,12.61,Assez Bien,Normale,Admis,1
5272,2011,348,2021-2022,11.13,Passable,Normale,Admis,1
5273,1521,352,2021-2022,6.69,Insuffisant,Normale,Échec,0
5274,2140,330,2020-2021,17.73,Très Bien,Normale,Admis,1
5275,1297,340,2022-2023,11.85,Passable,Rattrapage,Admis,1
5276,1181,319,2022-2023,8.42,Insuffisant,Normale,Échec,0
5277,1382,358,2020-2021,10.36,Passable,Rattrapage,Admis,1
5278,1679,344,2024-2025,5.14,Insuffisant,Normale,Échec,0
5279,1048,346,2021-2022,12.13,Assez Bien,Normale,Admis,1
5280,2057,326,2020-2021,10.5,Passable,Rattrapage,Admis,1
5281,1779,303,2022-2023,11.11,Passable,Normale,Admis,1
5282,2132,302,2021-2022,11.88,Passable,Normale,Admis,1
5283,1373,317,2020-2021,13.62,Assez Bien,Normale,Admis,1
5284,1858,351,2022-2023,16.63,Très Bien,Normale,Admis,1
5285,1616,357,2023-2024,17.32,Très Bien,Normale,Admis,1
5286,1540,329,2023-2024,11.12,Passable,Normale,Admis,1
5287,1699,303,2024-2025,16.38,Très Bien,Normale,Admis,1
5288,1048,317,2020-2021,13.17,Assez Bien,Normale,Admis,1
5289,2030,347,2024-2025,16.63,Très Bien,Normale,Admis,1
5290,2035,322,2023-2024,13.61,Assez Bien,Normale,Admis,1
5291,1804,345,2022-2023,14.89,Bien,Normale,Admis,1
5292,1419,303,2020-2021,15.83,Bien,Normale,Admis,1
5293,1797,322,2022-2023,7.97,Insuffisant,Normale,Échec,0
5294,1884,352,2021-2022,14.29,Bien,Normale,Admis,1
5295,1452,333,2024-2025,18.67,Très Bien,Normale,Admis,1
5296,2008,334,2024-2025,11.17,Passable,Rattrapage,Admis,1
5297,2046,329,2023-2024,11.68,Passable,Normale,Admis,1
5298,1712,328,2024-2025,2.83,Insuffisant,Normale,Échec,0
5299,1487,305,2021-2022,15.23,Bien,Normale,Admis,1
5300,1798,343,2020-2021,9.8,Insuffisant,Normale,Échec,0
5301,1854,342,2021-2022,10.34,Passable,Normale,Admis,1
5302,1283,354,2024-2025,12.47,Assez Bien,Rattrapage,Admis,1
5303,1048,357,2020-2021,11.17,Passable,Normale,Admis,1
5304,1201,352,2021-2022,14.41,Bien,Normale,Admis,1
5305,2139,325,2020-2021,4.64,Insuffisant,Rattrapage,Échec,0
5306,1573,331,2024-2025,17.27,Très Bien,Normale,Admis,1
5307,1568,343,2023-2024,14.4,Bien,Normale,Admis,1
5308,1164,349,2024-2025,7.82,Insuffisant,Normale,Échec,0
5309,1032,314,2024-2025,7.53,Insuffisant,Normale,Échec,0
5310,1035,314,2022-2023,11.74,Passable,Normale,Admis,1
5311,1249,349,2022-2023,14.14,Bien,Normale,Admis,1
5312,2068,338,2022-2023,17.22,Très Bien,Normale,Admis,1
5313,1504,336,2021-2022,12.72,Assez Bien,Normale,Admis,1
5314,2167,319,2022-2023,12.31,Assez Bien,Normale,Admis,1
5315,1151,338,2020-2021,12.22,Assez Bien,Normale,Admis,1
5316,1532,330,2024-2025,13.17,Assez Bien,Normale,Admis,1
5317,1098,324,2021-2022,7.3,Insuffisant,Normale,Échec,0
5318,1631,329,2021-2022,12.87,Assez Bien,Normale,Admis,1
5319,2149,316,2024-2025,12.57,Assez Bien,Normale,Admis,1
5320,1735,357,2020-2021,8.07,Insuffisant,Normale,Échec,0
5321,1838,331,2021-2022,18.96,Très Bien,Rattrapage,Admis,1
5322,1116,353,2024-2025,6.97,Insuffisant,Normale,Échec,0
5323,1679,347,2021-2022,11.41,Passable,Normale,Admis,1
5324,1259,343,2023-2024,11.38,Passable,Normale,Admis,1
5325,2011,301,2024-2025,8.99,Insuffisant,Normale,Échec,0
5326,1524,356,2024-2025,13.85,Assez Bien,Normale,Admis,1
5327,2059,326,2024-2025,15.38,Bien,Normale,Admis,1
5328,1848,354,2022-2023,15.09,Bien,Normale,Admis,1
5329,1779,345,2021-2022,18.27,Très Bien,Normale,Admis,1
5330,1342,324,2024-2025,9.0,Insuffisant,Normale,Échec,0
5331,1381,356,2021-2022,7.78,Insuffisant,Normale,Échec,0
5332,2077,358,2021-2022,16.99,Très Bien,Normale,Admis,1
5333,2099,358,2020-2021,6.31,Insuffisant,Rattrapage,Échec,0
5334,1227,334,2021-2022,12.06,Assez Bien,Rattrapage,Admis,1
5335,1316,316,2022-2023,2.16,Insuffisant,Rattrapage,Échec,0
5336,1430,303,2023-2024,9.69,Insuffisant,Normale,Échec,0
5337,2045,333,2022-2023,14.25,Bien,Rattrapage,Admis,1
5338,1875,335,2022-2023,19.17,Très Bien,Normale,Admis,1
5339,1866,332,2023-2024,12.73,Assez Bien,Normale,Admis,1
5340,2015,333,2020-2021,16.46,Très Bien,Rattrapage,Admis,1
5341,1818,318,2022-2023,18.88,Très Bien,Normale,Admis,1
5342,2130,315,2023-2024,9.63,Insuffisant,Rattrapage,Échec,0
5343,1551,347,2022-2023,6.58,Insuffisant,Normale,Échec,0
5344,2177,321,2024-2025,12.2,Assez Bien,Rattrapage,Admis,1
5345,1973,322,2021-2022,8.38,Insuffisant,Normale,Échec,0
5346,1163,315,2022-2023,12.51,Assez Bien,Normale,Admis,1
5347,1411,306,2023-2024,8.15,Insuffisant,Normale,Échec,0
5348,1661,358,2022-2023,15.02,Bien,Normale,Admis,1
5349,1676,339,2021-2022,11.63,Passable,Rattrapage,Admis,1
5350,2031,345,2024-2025,11.35,Passable,Rattrapage,Admis,1
5351,2001,318,2024-2025,9.45,Insuffisant,Normale,Échec,0
5352,1937,318,2020-2021,15.18,Bien,Normale,Admis,1
5353,1132,346,2022-2023,11.85,Passable,Normale,Admis,1
5354,2079,325,2021-2022,18.61,Très Bien,Rattrapage,Admis,1
5355,1878,329,2022-2023,10.04,Passable,Normale,Admis,1
5356,1247,354,2020-2021,17.19,Très Bien,Rattrapage,Admis,1
5357,2010,328,2022-2023,15.66,Bien,Normale,Admis,1
5358,1686,315,2022-2023,16.37,Très Bien,Normale,Admis,1
5359,1833,323,2022-2023,6.41,Insuffisant,Normale,Échec,0
5360,1148,350,2022-2023,14.35,Bien,Normale,Admis,1
5361,1893,320,2020-2021,8.7,Insuffisant,Normale,Échec,0
5362,1826,329,2024-2025,8.59,Insuffisant,Normale,Échec,0
5363,1875,316,2020-2021,20.0,Très Bien,Rattrapage,Admis,1
5364,1103,337,2021-2022,8.28,Insuffisant,Normale,Échec,0
5365,1719,348,2024-2025,13.17,Assez Bien,Normale,Admis,1
5366,1377,304,2020-2021,10.64,Passable,Normale,Admis,1
5367,1812,351,2021-2022,18.36,Très Bien,Normale,Admis,1
5368,1078,306,2022-2023,13.02,Assez Bien,Normale,Admis,1
5369,2179,331,2021-2022,11.11,Passable,Normale,Admis,1
5370,1354,360,2022-2023,9.89,Insuffisant,Normale,Échec,0
5371,1297,309,2024-2025,18.44,Très Bien,Rattrapage,Admis,1
5372,1576,349,2024-2025,13.62,Assez Bien,Normale,Admis,1
5373,1441,320,2024-2025,10.59,Passable,Normale,Admis,1
5374,1343,331,2023-2024,11.11,Passable,Normale,Admis,1
5375,1841,336,2020-2021,9.27,Insuffisant,Normale,Échec,0
5376,2163,341,2024-2025,9.26,Insuffisant,Normale,Échec,0
5377,1521,328,2020-2021,12.24,Assez Bien,Normale,Admis,1
5378,1170,352,2024-2025,12.47,Assez Bien,Normale,Admis,1
5379,1069,318,2020-2021,9.22,Insuffisant,Normale,Échec,0
5380,1418,313,2022-2023,17.21,Très Bien,Normale,Admis,1
5381,2134,301,2020-2021,12.68,Assez Bien,Normale,Admis,1
5382,1684,356,2021-2022,16.45,Très Bien,Normale,Admis,1
5383,1899,348,2021-2022,15.99,Bien,Normale,Admis,1
5384,1768,351,2024-2025,8.88,Insuffisant,Normale,Échec,0
5385,1818,326,2023-2024,12.66,Assez Bien,Rattrapage,Admis,1
5386,1214,360,2022-2023,12.45,Assez Bien,Normale,Admis,1
5387,1669,317,2022-2023,17.39,Très Bien,Normale,Admis,1
5388,1854,357,2020-2021,10.25,Passable,Normale,Admis,1
5389,1707,316,2024-2025,10.57,Passable,Normale,Admis,1
5390,1316,358,2023-2024,7.67,Insuffisant,Normale,Échec,0
5391,1084,340,2023-2024,9.81,Insuffisant,Normale,Échec,0
5392,1993,355,2022-2023,13.86,Assez Bien,Normale,Admis,1
5393,1826,341,2021-2022,12.32,Assez Bien,Normale,Admis,1
5394,2016,309,2020-2021,13.8,Assez Bien,Normale,Admis,1
5395,1682,348,2021-2022,12.86,Assez Bien,Normale,Admis,1
5396,1810,360,2022-2023,14.98,Bien,Normale,Admis,1
5397,2175,305,2020-2021,17.07,Très Bien,Normale,Admis,1
5398,1314,346,2024-2025,15.12,Bien,Normale,Admis,1
5399,1715,327,2023-2024,16.15,Très Bien,Rattrapage,Admis,1
5400,1315,352,2024-2025,11.31,Passable,Normale,Admis,1
5401,1747,348,2020-2021,17.84,Très Bien,Normale,Admis,1
5402,1350,306,2022-2023,10.52,Passable,Normale,Admis,1
5403,1658,347,2021-2022,10.6,Passable,Normale,Admis,1
5404,2141,316,2020-2021,12.3,Assez Bien,Normale,Admis,1
5405,2019,330,2022-2023,8.04,Insuffisant,Normale,Échec,0
5406,1656,336,2021-2022,17.15,Très Bien,Normale,Admis,1
5407,1183,359,2021-2022,10.15,Passable,Normale,Admis,1
5408,1792,312,2023-2024,16.56,Très Bien,Normale,Admis,1
5409,1533,314,2024-2025,18.26,Très Bien,Normale,Admis,1
5410,1760,326,2023-2024,17.3,Très Bien,Normale,Admis,1
5411,2049,318,2022-2023,13.72,Assez Bien,Normale,Admis,1
5412,1810,301,2023-2024,14.34,Bien,Rattrapage,Admis,1
5413,2150,340,2020-2021,17.91,Très Bien,Normale,Admis,1
5414,1985,354,2022-2023,8.38,Insuffisant,Rattrapage,Échec,0
5415,1169,343,2024-2025,20.0,Très Bien,Normale,Admis,1
5416,2167,307,2024-2025,12.42,Assez Bien,Normale,Admis,1
5417,2034,305,2023-2024,9.03,Insuffisant,Normale,Échec,0
5418,1990,324,2022-2023,17.11,Très Bien,Normale,Admis,1
5419,1141,310,2024-2025,12.59,Assez Bien,Normale,Admis,1
5420,1568,320,2020-2021,9.63,Insuffisant,Normale,Échec,0
5421,1629,339,2021-2022,10.08,Passable,Normale,Admis,1
5422,1695,314,2020-2021,7.73,Insuffisant,Normale,Échec,0
5423,1880,359,2022-2023,10.72,Passable,Rattrapage,Admis,1
5424,2109,312,2024-2025,9.06,Insuffisant,Normale,Échec,0
5425,1501,334,2022-2023,13.86,Assez Bien,Rattrapage,Admis,1
5426,2169,331,2022-2023,12.99,Assez Bien,Rattrapage,Admis,1
5427,1902,329,2023-2024,18.85,Très Bien,Rattrapage,Admis,1
5428,1718,325,2022-2023,11.11,Passable,Normale,Admis,1
5429,2193,358,2020-2021,16.16,Très Bien,Normale,Admis,1
5430,1986,302,2022-2023,20.0,Très Bien,Normale,Admis,1
5431,1668,320,2024-2025,9.46,Insuffisant,Normale,Échec,0
5432,1540,342,2021-2022,8.96,Insuffisant,Normale,Échec,0
5433,1627,315,2023-2024,13.07,Assez Bien,Normale,Admis,1
5434,2100,331,2023-2024,6.06,Insuffisant,Normale,Échec,0
5435,1209,322,2023-2024,14.63,Bien,Normale,Admis,1
5436,2155,312,2021-2022,10.83,Passable,Normale,Admis,1
5437,1006,354,2024-2025,12.55,Assez Bien,Rattrapage,Admis,1
5438,1545,350,2024-2025,8.83,Insuffisant,Normale,Échec,0
5439,1111,332,2023-2024,14.17,Bien,Normale,Admis,1
5440,1494,320,2020-2021,15.38,Bien,Normale,Admis,1
5441,1709,314,2022-2023,17.61,Très Bien,Rattrapage,Admis,1
5442,1950,330,2020-2021,15.82,Bien,Rattrapage,Admis,1
5443,1105,343,2020-2021,9.78,Insuffisant,Normale,Échec,0
5444,1225,308,2022-2023,11.27,Passable,Rattrapage,Admis,1
5445,1517,330,2023-2024,12.53,Assez Bien,Normale,Admis,1
5446,1469,350,2022-2023,17.08,Très Bien,Normale,Admis,1
5447,1539,316,2020-2021,11.36,Passable,Rattrapage,Admis,1
5448,1538,345,2024-2025,16.33,Très Bien,Normale,Admis,1
5449,1991,309,2021-2022,16.16,Très Bien,Normale,Admis,1
5450,1722,324,2023-2024,14.59,Bien,Normale,Admis,1
5451,2025,322,2023-2024,13.28,Assez Bien,Normale,Admis,1
5452,1522,307,2021-2022,20.0,Très Bien,Normale,Admis,1
5453,1702,318,2023-2024,15.12,Bien,Normale,Admis,1
5454,1633,307,2023-2024,10.66,Passable,Normale,Admis,1
5455,2094,322,2022-2023,15.33,Bien,Normale,Admis,1
5456,1958,314,2024-2025,7.72,Insuffisant,Rattrapage,Échec,0
5457,1644,310,2021-2022,11.95,Passable,Normale,Admis,1
5458,1297,335,2022-2023,14.2,Bien,Normale,Admis,1
5459,1764,323,2024-2025,11.23,Passable,Normale,Admis,1
5460,1037,354,2024-2025,17.08,Très Bien,Normale,Admis,1
5461,1705,332,2024-2025,12.3,Assez Bien,Normale,Admis,1
5462,1618,354,2023-2024,16.66,Très Bien,Normale,Admis,1
5463,1742,360,2024-2025,15.53,Bien,Rattrapage,Admis,1
5464,1201,342,2023-2024,10.18,Passable,Normale,Admis,1
5465,1825,303,2021-2022,10.61,Passable,Normale,Admis,1
5466,2088,350,2022-2023,12.15,Assez Bien,Rattrapage,Admis,1
5467,1241,350,2021-2022,4.13,Insuffisant,Normale,Échec,0
5468,1841,311,2021-2022,8.68,Insuffisant,Normale,Échec,0
5469,1438,348,2022-2023,14.19,Bien,Normale,Admis,1
5470,1910,301,2022-2023,5.01,Insuffisant,Normale,Échec,0
5471,1038,330,2020-2021,11.52,Passable,Normale,Admis,1
5472,1516,326,2024-2025,8.86,Insuffisant,Normale,Échec,0
5473,1911,341,2020-2021,14.13,Bien,Rattrapage,Admis,1
5474,1522,347,2023-2024,12.9,Assez Bien,Normale,Admis,1
5475,2002,347,2021-2022,14.3,Bien,Normale,Admis,1
5476,1596,308,2024-2025,10.46,Passable,Rattrapage,Admis,1
5477,1716,346,2022-2023,7.9,Insuffisant,Normale,Échec,0
5478,2172,322,2020-2021,14.31,Bien,Normale,Admis,1
5479,2062,346,2021-2022,15.7,Bien,Normale,Admis,1
5480,2023,319,2022-2023,9.87,Insuffisant,Normale,Échec,0
5481,1825,303,2020-2021,9.47,Insuffisant,Normale,Échec,0
5482,1946,302,2021-2022,20.0,Très Bien,Normale,Admis,1
5483,1796,307,2020-2021,12.5,Assez Bien,Normale,Admis,1
5484,1160,330,2022-2023,14.75,Bien,Rattrapage,Admis,1
5485,1064,343,2020-2021,16.9,Très Bien,Normale,Admis,1
5486,1215,329,2020-2021,15.31,Bien,Rattrapage,Admis,1
5487,1785,330,2024-2025,16.3,Très Bien,Rattrapage,Admis,1
5488,1553,337,2020-2021,5.08,Insuffisant,Rattrapage,Échec,0
5489,2002,335,2023-2024,12.23,Assez Bien,Normale,Admis,1
5490,1365,334,2022-2023,11.65,Passable,Normale,Admis,1
5491,1643,344,2020-2021,12.52,Assez Bien,Normale,Admis,1
5492,1815,358,2021-2022,16.46,Très Bien,Normale,Admis,1
5493,1225,348,2022-2023,4.46,Insuffisant,Normale,Échec,0
5494,2185,352,2021-2022,12.05,Assez Bien,Rattrapage,Admis,1
5495,2126,350,2024-2025,13.26,Assez Bien,Normale,Admis,1
5496,1869,329,2023-2024,12.21,Assez Bien,Rattrapage,Admis,1
5497,1512,323,2021-2022,12.36,Assez Bien,Normale,Admis,1
5498,1878,332,2021-2022,7.35,Insuffisant,Normale,Échec,0
5499,1754,357,2022-2023,16.49,Très Bien,Normale,Admis,1
5500,2080,339,2023-2024,12.43,Assez Bien,Normale,Admis,1
5501,1094,332,2020-2021,12.56,Assez Bien,Normale,Admis,1
5502,1931,309,2021-2022,13.52,Assez Bien,Normale,Admis,1
5503,2094,335,2021-2022,9.16,Insuffisant,Normale,Échec,0
5504,1554,350,2020-2021,12.85,Assez Bien,Normale,Admis,1
5505,1438,315,2022-2023,6.44,Insuffisant,Rattrapage,Échec,0
5506,1219,349,2021-2022,16.1,Très Bien,Normale,Admis,1
5507,1015,305,2022-2023,11.92,Passable,Normale,Admis,1
5508,1389,304,2024-2025,7.05,Insuffisant,Normale,Échec,0
5509,1959,359,2022-2023,15.07,Bien,Normale,Admis,1
5510,1338,332,2022-2023,8.09,Insuffisant,Normale,Échec,0
5511,1465,328,2023-2024,15.49,Bien,Normale,Admis,1
5512,1461,321,2023-2024,18.75,Très Bien,Normale,Admis,1
5513,2163,327,2023-2024,13.38,Assez Bien,Rattrapage,Admis,1
5514,1129,345,2022-2023,10.25,Passable,Rattrapage,Admis,1
5515,2066,302,2021-2022,7.67,Insuffisant,Normale,Échec,0
5516,1023,343,2020-2021,8.44,Insuffisant,Normale,Échec,0
5517,1935,344,2021-2022,7.9,Insuffisant,Normale,Échec,0
5518,1746,350,2023-2024,16.67,Très Bien,Normale,Admis,1
5519,1748,336,2021-2022,14.53,Bien,Normale,Admis,1
5520,1799,353,2020-2021,14.62,Bien,Normale,Admis,1
5521,2052,312,2022-2023,10.2,Passable,Normale,Admis,1
5522,1372,343,2023-2024,7.94,Insuffisant,Normale,Échec,0
5523,1486,358,2023-2024,12.34,Assez Bien,Normale,Admis,1
5524,1542,346,2020-2021,11.49,Passable,Normale,Admis,1
5525,1290,357,2024-2025,8.59,Insuffisant,Normale,Échec,0
5526,2072,325,2023-2024,10.37,Passable,Rattrapage,Admis,1
5527,2195,307,2020-2021,12.3,Assez Bien,Normale,Admis,1
5528,1259,344,2021-2022,13.94,Assez Bien,Rattrapage,Admis,1
5529,1402,351,2021-2022,8.34,Insuffisant,Normale,Échec,0
5530,1155,317,2021-2022,10.5,Passable,Rattrapage,Admis,1
5531,1661,356,2021-2022,14.65,Bien,Normale,Admis,1
5532,1774,306,2020-2021,14.32,Bien,Normale,Admis,1
5533,2200,332,2024-2025,11.24,Passable,Normale,Admis,1
5534,2163,352,2021-2022,7.37,Insuffisant,Normale,Échec,0
5535,1683,352,2024-2025,10.6,Passable,Normale,Admis,1
5536,1627,326,2022-2023,13.87,Assez Bien,Normale,Admis,1
5537,1925,317,2022-2023,10.41,Passable,Rattrapage,Admis,1
5538,1774,359,2022-2023,15.68,Bien,Normale,Admis,1
5539,1440,312,2022-2023,10.73,Passable,Normale,Admis,1
5540,1650,318,2022-2023,20.0,Très Bien,Normale,Admis,1
5541,1157,308,2024-2025,9.22,Insuffisant,Normale,Échec,0
5542,1200,352,2024-2025,11.62,Passable,Normale,Admis,1
5543,1702,306,2021-2022,15.91,Bien,Normale,Admis,1
5544,1783,359,2023-2024,20.0,Très Bien,Normale,Admis,1
5545,1385,333,2020-2021,13.05,Assez Bien,Normale,Admis,1
5546,1693,310,2020-2021,8.16,Insuffisant,Normale,Échec,0
5547,1423,336,2024-2025,11.96,Passable,Rattrapage,Admis,1
5548,1206,345,2024-2025,13.15,Assez Bien,Rattrapage,Admis,1
5549,1444,329,2023-2024,13.43,Assez Bien,Rattrapage,Admis,1
5550,2051,320,2020-2021,15.14,Bien,Rattrapage,Admis,1
5551,2100,350,2022-2023,16.45,Très Bien,Rattrapage,Admis,1
5552,2018,306,2022-2023,12.19,Assez Bien,Normale,Admis,1
5553,1783,343,2021-2022,19.66,Très Bien,Normale,Admis,1
5554,1340,302,2020-2021,6.93,Insuffisant,Normale,Échec,0
5555,1535,343,2024-2025,8.27,Insuffisant,Normale,Échec,0
5556,1500,313,2021-2022,5.87,Insuffisant,Normale,Échec,0
5557,1663,318,2020-2021,14.5,Bien,Normale,Admis,1
5558,1200,308,2021-2022,16.99,Très Bien,Normale,Admis,1
5559,1908,311,2024-2025,12.66,Assez Bien,Rattrapage,Admis,1
5560,1425,359,2023-2024,17.1,Très Bien,Normale,Admis,1
5561,1024,313,2020-2021,11.8,Passable,Normale,Admis,1
5562,2041,331,2023-2024,9.94,Insuffisant,Normale,Échec,0
5563,1597,330,2023-2024,15.1,Bien,Normale,Admis,1
5564,1095,347,2024-2025,9.38,Insuffisant,Normale,Échec,0
5565,1022,327,2023-2024,13.74,Assez Bien,Normale,Admis,1
5566,1892,307,2024-2025,9.1,Insuffisant,Normale,Échec,0
5567,1486,350,2023-2024,9.21,Insuffisant,Rattrapage,Échec,0
5568,1773,310,2024-2025,9.57,Insuffisant,Normale,Échec,0
5569,1765,301,2023-2024,11.06,Passable,Rattrapage,Admis,1
5570,1863,342,2023-2024,15.17,Bien,Rattrapage,Admis,1
5571,1135,341,2023-2024,13.13,Assez Bien,Rattrapage,Admis,1
5572,1380,307,2023-2024,13.06,Assez Bien,Normale,Admis,1
5573,1302,303,2022-2023,14.2,Bien,Rattrapage,Admis,1
5574,2118,334,2024-2025,16.6,Très Bien,Rattrapage,Admis,1
5575,1809,336,2020-2021,15.23,Bien,Normale,Admis,1
5576,1614,307,2024-2025,12.17,Assez Bien,Normale,Admis,1
5577,1799,353,2024-2025,11.23,Passable,Normale,Admis,1
5578,1456,303,2021-2022,16.67,Très Bien,Rattrapage,Admis,1
5579,1332,325,2022-2023,9.83,Insuffisant,Normale,Échec,0
5580,1673,351,2023-2024,12.29,Assez Bien,Normale,Admis,1
5581,1526,340,2023-2024,9.92,Insuffisant,Normale,Échec,0
5582,1957,320,2020-2021,11.72,Passable,Normale,Admis,1
5583,1171,326,2020-2021,10.06,Passable,Normale,Admis,1
5584,1662,346,2021-2022,10.65,Passable,Normale,Admis,1
5585,1042,325,2022-2023,9.38,Insuffisant,Normale,Échec,0
5586,2166,303,2024-2025,13.79,Assez Bien,Normale,Admis,1
5587,1997,342,2020-2021,6.78,Insuffisant,Rattrapage,Échec,0
5588,1470,320,2021-2022,10.56,Passable,Normale,Admis,1
5589,1689,353,2020-2021,8.81,Insuffisant,Rattrapage,Échec,0
5590,1923,344,2020-2021,10.77,Passable,Normale,Admis,1
5591,1253,336,2020-2021,11.0,Passable,Normale,Admis,1
5592,1766,336,2024-2025,13.89,Assez Bien,Normale,Admis,1
5593,1205,313,2023-2024,12.5,Assez Bien,Rattrapage,Admis,1
5594,2116,310,2024-2025,7.86,Insuffisant,Rattrapage,Échec,0
5595,1802,330,2020-2021,13.36,Assez Bien,Normale,Admis,1
5596,1947,318,2021-2022,4.78,Insuffisant,Rattrapage,Échec,0
5597,1242,322,2021-2022,7.42,Insuffisant,Rattrapage,Échec,0
5598,1138,339,2021-2022,12.84,Assez Bien,Normale,Admis,1
5599,1816,347,2021-2022,16.08,Très Bien,Normale,Admis,1
5600,1699,311,2023-2024,13.92,Assez Bien,Normale,Admis,1
5601,1008,309,2021-2022,13.8,Assez Bien,Normale,Admis,1
5602,1232,328,2024-2025,9.24,Insuffisant,Normale,Échec,0
5603,1052,336,2024-2025,15.12,Bien,Normale,Admis,1
5604,1933,324,2022-2023,14.91,Bien,Normale,Admis,1
5605,2054,301,2021-2022,8.42,Insuffisant,Normale,Échec,0
5606,1475,313,2022-2023,16.62,Très Bien,Normale,Admis,1
5607,2117,315,2024-2025,8.08,Insuffisant,Normale,Échec,0
5608,1611,313,2024-2025,9.88,Insuffisant,Normale,Échec,0
5609,1170,301,2023-2024,14.3,Bien,Normale,Admis,1
5610,1742,329,2021-2022,10.39,Passable,Rattrapage,Admis,1
5611,1669,355,2020-2021,6.32,Insuffisant,Normale,Échec,0
5612,1984,320,2022-2023,4.67,Insuffisant,Normale,Échec,0
5613,1520,325,2024-2025,6.46,Insuffisant,Normale,Échec,0
5614,1446,350,2022-2023,17.58,Très Bien,Normale,Admis,1
5615,1251,302,2021-2022,17.83,Très Bien,Normale,Admis,1
5616,1167,320,2020-2021,13.93,Assez Bien,Normale,Admis,1
5617,1182,310,2024-2025,10.56,Passable,Normale,Admis,1
5618,1501,313,2020-2021,18.0,Très Bien,Rattrapage,Admis,1
5619,2171,322,2022-2023,14.26,Bien,Normale,Admis,1
5620,2052,341,2024-2025,9.15,Insuffisant,Rattrapage,Échec,0
5621,1988,337,2024-2025,7.52,Insuffisant,Normale,Échec,0
5622,1025,360,2021-2022,14.09,Bien,Normale,Admis,1
5623,1695,352,2024-2025,17.42,Très Bien,Normale,Admis,1
5624,1930,307,2023-2024,9.32,Insuffisant,Normale,Échec,0
5625,2010,306,2023-2024,10.54,Passable,Normale,Admis,1
5626,1055,313,2020-2021,12.22,Assez Bien,Normale,Admis,1
5627,1708,327,2024-2025,9.36,Insuffisant,Normale,Échec,0
5628,1926,359,2020-2021,15.7,Bien,Normale,Admis,1
5629,2174,320,2020-2021,9.53,Insuffisant,Rattrapage,Échec,0
5630,1266,317,2023-2024,9.5,Insuffisant,Normale,Échec,0
5631,1010,322,2020-2021,10.49,Passable,Normale,Admis,1
5632,1804,317,2024-2025,9.95,Insuffisant,Normale,Échec,0
5633,1475,349,2024-2025,11.4,Passable,Normale,Admis,1
5634,1657,314,2021-2022,8.28,Insuffisant,Normale,Échec,0
5635,1918,325,2024-2025,11.31,Passable,Normale,Admis,1
5636,1531,308,2024-2025,15.9,Bien,Normale,Admis,1
5637,1929,349,2023-2024,10.3,Passable,Normale,Admis,1
5638,1937,330,2023-2024,12.58,Assez Bien,Rattrapage,Admis,1
5639,1125,301,2023-2024,14.67,Bien,Normale,Admis,1
5640,1574,315,2022-2023,15.02,Bien,Normale,Admis,1
5641,1665,342,2024-2025,16.21,Très Bien,Normale,Admis,1
5642,1932,344,2021-2022,16.91,Très Bien,Normale,Admis,1
5643,1164,341,2023-2024,10.99,Passable,Normale,Admis,1
5644,1485,303,2021-2022,6.86,Insuffisant,Normale,Échec,0
5645,1463,312,2022-2023,14.96,Bien,Normale,Admis,1
5646,2189,351,2023-2024,10.22,Passable,Rattrapage,Admis,1
5647,1925,322,2023-2024,19.59,Très Bien,Normale,Admis,1
5648,1541,356,2022-2023,8.35,Insuffisant,Normale,Échec,0
5649,1239,350,2020-2021,7.96,Insuffisant,Normale,Échec,0
5650,1619,335,2022-2023,9.23,Insuffisant,Rattrapage,Échec,0
5651,2093,355,2020-2021,11.89,Passable,Normale,Admis,1
5652,1622,345,2023-2024,11.29,Passable,Normale,Admis,1
5653,1445,354,2020-2021,10.78,Passable,Normale,Admis,1
5654,2109,306,2022-2023,15.86,Bien,Normale,Admis,1
5655,1793,302,2022-2023,10.51,Passable,Normale,Admis,1
5656,1593,311,2023-2024,12.55,Assez Bien,Normale,Admis,1
5657,1106,330,2024-2025,13.59,Assez Bien,Rattrapage,Admis,1
5658,2196,358,2022-2023,7.5,Insuffisant,Normale,Échec,0
5659,2188,346,2022-2023,14.42,Bien,Normale,Admis,1
5660,1978,327,2020-2021,14.94,Bien,Normale,Admis,1
5661,1216,307,2020-2021,13.62,Assez Bien,Normale,Admis,1
5662,1992,337,2023-2024,10.65,Passable,Normale,Admis,1
5663,1804,320,2023-2024,14.39,Bien,Normale,Admis,1
5664,1742,319,2022-2023,9.71,Insuffisant,Normale,Échec,0
5665,1857,322,2023-2024,12.82,Assez Bien,Normale,Admis,1
5666,1307,333,2024-2025,14.81,Bien,Normale,Admis,1
5667,1934,310,2021-2022,11.54,Passable,Rattrapage,Admis,1
5668,1794,344,2024-2025,12.49,Assez Bien,Normale,Admis,1
5669,1431,319,2024-2025,11.53,Passable,Normale,Admis,1
5670,1692,318,2020-2021,6.48,Insuffisant,Normale,Échec,0
5671,1417,338,2020-2021,9.72,Insuffisant,Normale,Échec,0
5672,2040,317,2023-2024,11.28,Passable,Normale,Admis,1
5673,2083,355,2022-2023,9.98,Insuffisant,Normale,Échec,0
5674,1854,301,2023-2024,8.45,Insuffisant,Normale,Échec,0
5675,1777,347,2024-2025,10.39,Passable,Normale,Admis,1
5676,1373,360,2023-2024,16.26,Très Bien,Rattrapage,Admis,1
5677,1139,314,2024-2025,14.4,Bien,Normale,Admis,1
5678,1271,360,2023-2024,14.52,Bien,Rattrapage,Admis,1
5679,2123,331,2020-2021,9.62,Insuffisant,Normale,Échec,0
5680,1907,357,2023-2024,14.36,Bien,Normale,Admis,1
5681,1935,329,2024-2025,10.75,Passable,Normale,Admis,1
5682,1768,330,2020-2021,11.97,Passable,Normale,Admis,1
5683,1421,337,2024-2025,10.7,Passable,Normale,Admis,1
5684,1833,310,2023-2024,13.47,Assez Bien,Normale,Admis,1
5685,1457,332,2023-2024,16.93,Très Bien,Rattrapage,Admis,1
5686,1377,357,2023-2024,14.0,Bien,Normale,Admis,1
5687,1143,343,2020-2021,9.27,Insuffisant,Normale,Échec,0
5688,1113,329,2021-2022,13.75,Assez Bien,Normale,Admis,1
5689,1733,308,2021-2022,12.54,Assez Bien,Normale,Admis,1
5690,2135,339,2023-2024,13.21,Assez Bien,Normale,Admis,1
5691,1354,312,2020-2021,13.19,Assez Bien,Rattrapage,Admis,1
5692,1834,335,2021-2022,12.98,Assez Bien,Normale,Admis,1
5693,1589,313,2021-2022,16.57,Très Bien,Rattrapage,Admis,1
5694,1475,313,2021-2022,13.58,Assez Bien,Rattrapage,Admis,1
5695,1107,351,2021-2022,9.11,Insuffisant,Normale,Échec,0
5696,1442,340,2024-2025,14.58,Bien,Normale,Admis,1
5697,1471,317,2022-2023,10.62,Passable,Rattrapage,Admis,1
5698,1777,302,2023-2024,10.03,Passable,Normale,Admis,1
5699,1057,354,2023-2024,8.3,Insuffisant,Normale,Échec,0
5700,2160,317,2021-2022,14.42,Bien,Normale,Admis,1
5701,1005,326,2024-2025,20.0,Très Bien,Normale,Admis,1
5702,1705,342,2021-2022,11.85,Passable,Normale,Admis,1
5703,1391,322,2023-2024,9.73,Insuffisant,Rattrapage,Échec,0
5704,2102,357,2023-2024,13.35,Assez Bien,Normale,Admis,1
5705,1662,350,2021-2022,9.16,Insuffisant,Normale,Échec,0
5706,1626,306,2021-2022,11.97,Passable,Normale,Admis,1
5707,2036,322,2021-2022,13.05,Assez Bien,Rattrapage,Admis,1
5708,1988,346,2020-2021,9.97,Insuffisant,Rattrapage,Échec,0
5709,1068,351,2023-2024,4.77,Insuffisant,Normale,Échec,0
5710,1543,317,2024-2025,8.67,Insuffisant,Normale,Échec,0
5711,2139,322,2022-2023,17.81,Très Bien,Rattrapage,Admis,1
5712,2089,331,2022-2023,13.46,Assez Bien,Normale,Admis,1
5713,1503,307,2020-2021,15.88,Bien,Normale,Admis,1
5714,2186,341,2024-2025,14.88,Bien,Rattrapage,Admis,1
5715,1021,317,2021-2022,15.06,Bien,Normale,Admis,1
5716,1742,323,2022-2023,2.74,Insuffisant,Rattrapage,Échec,0
5717,1294,334,2020-2021,10.18,Passable,Rattrapage,Admis,1
5718,1664,316,2023-2024,13.81,Assez Bien,Normale,Admis,1
5719,1841,349,2022-2023,14.56,Bien,Normale,Admis,1
5720,1271,324,2022-2023,20.0,Très Bien,Normale,Admis,1
5721,1062,331,2024-2025,12.33,Assez Bien,Normale,Admis,1
5722,1869,336,2024-2025,14.39,Bien,Normale,Admis,1
5723,1915,335,2023-2024,15.62,Bien,Normale,Admis,1
5724,1057,344,2021-2022,11.68,Passable,Normale,Admis,1
5725,1087,315,2024-2025,9.66,Insuffisant,Rattrapage,Échec,0
5726,1267,311,2020-2021,9.95,Insuffisant,Normale,Échec,0
5727,1511,357,2020-2021,17.41,Très Bien,Normale,Admis,1
5728,1985,303,2020-2021,13.75,Assez Bien,Normale,Admis,1
5729,1668,336,2023-2024,8.46,Insuffisant,Normale,Échec,0
5730,1850,360,2021-2022,12.44,Assez Bien,Normale,Admis,1
5731,2182,343,2021-2022,9.64,Insuffisant,Normale,Échec,0
5732,2106,352,2023-2024,11.84,Passable,Rattrapage,Admis,1
5733,2159,334,2023-2024,9.65,Insuffisant,Normale,Échec,0
5734,1327,359,2024-2025,14.84,Bien,Normale,Admis,1
5735,2018,313,2020-2021,10.33,Passable,Normale,Admis,1
5736,1516,352,2021-2022,15.56,Bien,Normale,Admis,1
5737,1635,337,2022-2023,10.82,Passable,Normale,Admis,1
5738,1838,312,2024-2025,18.33,Très Bien,Normale,Admis,1
5739,1232,331,2024-2025,10.85,Passable,Rattrapage,Admis,1
5740,1804,320,2022-2023,3.73,Insuffisant,Normale,Échec,0
5741,1236,328,2020-2021,11.36,Passable,Rattrapage,Admis,1
5742,1481,313,2021-2022,13.52,Assez Bien,Normale,Admis,1
5743,2110,336,2024-2025,11.3,Passable,Normale,Admis,1
5744,1014,331,2020-2021,8.92,Insuffisant,Normale,Échec,0
5745,1040,321,2020-2021,14.99,Bien,Normale,Admis,1
5746,1085,312,2024-2025,12.48,Assez Bien,Normale,Admis,1
5747,1999,320,2022-2023,12.45,Assez Bien,Rattrapage,Admis,1
5748,1163,310,2020-2021,11.73,Passable,Normale,Admis,1
5749,1302,344,2021-2022,12.48,Assez Bien,Rattrapage,Admis,1
5750,1008,306,2023-2024,13.06,Assez Bien,Normale,Admis,1
5751,1740,320,2022-2023,17.99,Très Bien,Rattrapage,Admis,1
5752,1557,305,2023-2024,9.83,Insuffisant,Normale,Échec,0
5753,1565,334,2023-2024,13.84,Assez Bien,Normale,Admis,1
5754,1282,343,2020-2021,15.56,Bien,Normale,Admis,1
5755,1114,356,2022-2023,15.67,Bien,Normale,Admis,1
5756,1832,327,2021-2022,10.7,Passable,Normale,Admis,1
5757,1956,321,2020-2021,19.91,Très Bien,Rattrapage,Admis,1
5758,1201,323,2021-2022,13.04,Assez Bien,Normale,Admis,1
5759,1831,344,2024-2025,17.0,Très Bien,Normale,Admis,1
5760,1917,317,2022-2023,12.64,Assez Bien,Rattrapage,Admis,1
5761,1350,353,2020-2021,15.78,Bien,Normale,Admis,1
5762,1471,356,2023-2024,15.4,Bien,Normale,Admis,1
5763,1114,331,2024-2025,11.44,Passable,Normale,Admis,1
5764,1700,319,2024-2025,11.46,Passable,Normale,Admis,1
5765,1387,313,2020-2021,15.4,Bien,Normale,Admis,1
5766,2174,324,2024-2025,19.03,Très Bien,Normale,Admis,1
5767,2011,310,2021-2022,11.12,Passable,Normale,Admis,1
5768,2138,314,2023-2024,10.39,Passable,Normale,Admis,1
5769,2096,346,2020-2021,12.91,Assez Bien,Rattrapage,Admis,1
5770,1873,304,2020-2021,12.64,Assez Bien,Normale,Admis,1
5771,1532,322,2023-2024,12.97,Assez Bien,Normale,Admis,1
5772,1315,315,2021-2022,14.38,Bien,Normale,Admis,1
5773,1822,332,2020-2021,12.67,Assez Bien,Normale,Admis,1
5774,1549,348,2024-2025,13.03,Assez Bien,Normale,Admis,1
5775,1701,333,2020-2021,16.19,Très Bien,Normale,Admis,1
5776,1943,301,2020-2021,9.77,Insuffisant,Normale,Échec,0
5777,1748,303,2020-2021,14.54,Bien,Normale,Admis,1
5778,2159,328,2023-2024,13.1,Assez Bien,Normale,Admis,1
5779,1990,343,2021-2022,13.95,Assez Bien,Rattrapage,Admis,1
5780,1057,340,2021-2022,11.46,Passable,Normale,Admis,1
5781,1718,305,2024-2025,16.21,Très Bien,Normale,Admis,1
5782,1268,303,2020-2021,10.09,Passable,Normale,Admis,1
5783,2152,310,2024-2025,15.44,Bien,Rattrapage,Admis,1
5784,1723,309,2021-2022,17.07,Très Bien,Normale,Admis,1
5785,1465,346,2021-2022,13.84,Assez Bien,Normale,Admis,1
5786,2158,329,2020-2021,9.52,Insuffisant,Normale,Échec,0
5787,1551,337,2021-2022,8.8,Insuffisant,Normale,Échec,0
5788,1977,338,2022-2023,20.0,Très Bien,Normale,Admis,1
5789,2036,311,2024-2025,13.9,Assez Bien,Normale,Admis,1
5790,1212,322,2024-2025,14.79,Bien,Normale,Admis,1
5791,1762,359,2022-2023,15.38,Bien,Normale,Admis,1
5792,1256,305,2023-2024,14.72,Bien,Normale,Admis,1
5793,1433,352,2024-2025,16.48,Très Bien,Rattrapage,Admis,1
5794,1909,306,2022-2023,8.4,Insuffisant,Normale,Échec,0
5795,1338,302,2023-2024,19.6,Très Bien,Normale,Admis,1
5796,1685,354,2023-2024,14.63,Bien,Normale,Admis,1
5797,1620,345,2020-2021,10.79,Passable,Rattrapage,Admis,1
5798,1635,359,2021-2022,12.96,Assez Bien,Normale,Admis,1
5799,1613,336,2023-2024,12.46,Assez Bien,Rattrapage,Admis,1
5800,1488,338,2023-2024,12.06,Assez Bien,Normale,Admis,1
5801,1325,325,2021-2022,16.64,Très Bien,Normale,Admis,1
5802,1709,339,2020-2021,8.55,Insuffisant,Normale,Échec,0
5803,2060,360,2024-2025,10.5,Passable,Rattrapage,Admis,1
5804,1487,345,2020-2021,11.87,Passable,Normale,Admis,1
5805,1365,320,2024-2025,10.48,Passable,Normale,Admis,1
5806,1963,347,2023-2024,16.52,Très Bien,Normale,Admis,1
5807,1483,349,2023-2024,11.66,Passable,Rattrapage,Admis,1
5808,1945,331,2021-2022,10.44,Passable,Normale,Admis,1
5809,1529,320,2021-2022,14.18,Bien,Normale,Admis,1
5810,1627,313,2022-2023,12.7,Assez Bien,Normale,Admis,1
5811,1624,340,2023-2024,13.34,Assez Bien,Normale,Admis,1
5812,2063,332,2021-2022,13.95,Assez Bien,Normale,Admis,1
5813,1771,324,2023-2024,9.31,Insuffisant,Normale,Échec,0
5814,1226,322,2023-2024,8.51,Insuffisant,Normale,Échec,0
5815,1630,315,2024-2025,13.97,Assez Bien,Normale,Admis,1
5816,1089,354,2021-2022,12.08,Assez Bien,Rattrapage,Admis,1
5817,2171,304,2021-2022,14.62,Bien,Normale,Admis,1
5818,1554,360,2024-2025,15.27,Bien,Normale,Admis,1
5819,1039,342,2022-2023,12.06,Assez Bien,Rattrapage,Admis,1
5820,1257,319,2023-2024,10.87,Passable,Normale,Admis,1
5821,2191,356,2023-2024,10.48,Passable,Normale,Admis,1
5822,1104,341,2020-2021,14.74,Bien,Normale,Admis,1
5823,1103,337,2022-2023,8.61,Insuffisant,Normale,Échec,0
5824,1020,339,2020-2021,14.43,Bien,Normale,Admis,1
5825,1859,345,2022-2023,11.47,Passable,Normale,Admis,1
5826,1990,315,2023-2024,15.45,Bien,Normale,Admis,1
5827,1851,309,2022-2023,7.21,Insuffisant,Normale,Échec,0
5828,1344,326,2023-2024,10.99,Passable,Normale,Admis,1
5829,1284,309,2022-2023,12.18,Assez Bien,Normale,Admis,1
5830,1536,339,2021-2022,17.25,Très Bien,Normale,Admis,1
5831,1068,315,2023-2024,18.17,Très Bien,Normale,Admis,1
5832,1473,304,2024-2025,13.85,Assez Bien,Normale,Admis,1
5833,1174,346,2022-2023,10.72,Passable,Normale,Admis,1
5834,1121,359,2020-2021,9.43,Insuffisant,Normale,Échec,0
5835,1681,310,2023-2024,10.47,Passable,Normale,Admis,1
5836,1496,307,2020-2021,6.54,Insuffisant,Normale,Échec,0
5837,1943,312,2021-2022,10.45,Passable,Normale,Admis,1
5838,1812,320,2020-2021,12.48,Assez Bien,Normale,Admis,1
5839,1530,332,2022-2023,12.17,Assez Bien,Normale,Admis,1
5840,1863,337,2020-2021,11.87,Passable,Normale,Admis,1
5841,1024,341,2020-2021,14.21,Bien,Normale,Admis,1
5842,2069,318,2021-2022,15.54,Bien,Normale,Admis,1
5843,1457,314,2022-2023,10.01,Passable,Normale,Admis,1
5844,2081,348,2022-2023,7.9,Insuffisant,Rattrapage,Échec,0
5845,1919,352,2022-2023,9.26,Insuffisant,Normale,Échec,0
5846,1336,311,2024-2025,8.36,Insuffisant,Normale,Échec,0
5847,2104,341,2021-2022,12.13,Assez Bien,Normale,Admis,1
5848,1662,340,2023-2024,15.17,Bien,Normale,Admis,1
5849,1851,359,2023-2024,9.8,Insuffisant,Normale,Échec,0
5850,1977,352,2020-2021,9.0,Insuffisant,Normale,Échec,0
5851,1723,316,2024-2025,15.89,Bien,Normale,Admis,1
5852,1041,351,2021-2022,6.61,Insuffisant,Normale,Échec,0
5853,1341,328,2021-2022,9.4,Insuffisant,Normale,Échec,0
5854,1617,330,2021-2022,7.65,Insuffisant,Normale,Échec,0
5855,1825,321,2020-2021,15.84,Bien,Normale,Admis,1
5856,1088,347,2021-2022,12.25,Assez Bien,Rattrapage,Admis,1
5857,1294,339,2024-2025,14.8,Bien,Rattrapage,Admis,1
5858,1033,337,2020-2021,13.69,Assez Bien,Normale,Admis,1
5859,1114,328,2022-2023,14.99,Bien,Normale,Admis,1
5860,1929,327,2020-2021,13.3,Assez Bien,Normale,Admis,1
5861,1639,320,2021-2022,13.85,Assez Bien,Normale,Admis,1
5862,1925,333,2023-2024,13.11,Assez Bien,Normale,Admis,1
5863,1511,354,2022-2023,13.14,Assez Bien,Normale,Admis,1
5864,1652,317,2020-2021,11.37,Passable,Rattrapage,Admis,1
5865,1582,312,2021-2022,13.84,Assez Bien,Normale,Admis,1
5866,1256,326,2024-2025,5.95,Insuffisant,Normale,Échec,0
5867,2010,339,2021-2022,13.21,Assez Bien,Rattrapage,Admis,1
5868,1126,348,2023-2024,12.37,Assez Bien,Normale,Admis,1
5869,1908,324,2022-2023,17.16,Très Bien,Normale,Admis,1
5870,2170,315,2024-2025,15.71,Bien,Normale,Admis,1
5871,1403,320,2021-2022,19.95,Très Bien,Normale,Admis,1
5872,2177,326,2024-2025,15.12,Bien,Normale,Admis,1
5873,1040,318,2022-2023,12.17,Assez Bien,Normale,Admis,1
5874,1435,348,2024-2025,13.09,Assez Bien,Rattrapage,Admis,1
5875,1376,351,2022-2023,12.45,Assez Bien,Normale,Admis,1
5876,1358,333,2023-2024,5.73,Insuffisant,Normale,Échec,0
5877,2143,345,2021-2022,15.33,Bien,Normale,Admis,1
5878,1685,330,2021-2022,14.17,Bien,Rattrapage,Admis,1
5879,1509,353,2024-2025,17.83,Très Bien,Normale,Admis,1
5880,1202,358,2021-2022,10.74,Passable,Normale,Admis,1
5881,1505,302,2023-2024,6.72,Insuffisant,Normale,Échec,0
5882,1477,318,2022-2023,13.78,Assez Bien,Rattrapage,Admis,1
5883,1510,341,2021-2022,16.87,Très Bien,Normale,Admis,1
5884,1104,312,2021-2022,18.55,Très Bien,Normale,Admis,1
5885,1867,320,2020-2021,5.12,Insuffisant,Normale,Échec,0
5886,1367,310,2022-2023,9.43,Insuffisant,Normale,Échec,0
5887,1975,360,2022-2023,10.58,Passable,Normale,Admis,1
5888,1045,341,2024-2025,12.18,Assez Bien,Normale,Admis,1
5889,2104,324,2021-2022,4.73,Insuffisant,Rattrapage,Échec,0
5890,1940,311,2020-2021,11.33,Passable,Normale,Admis,1
5891,1496,315,2022-2023,14.39,Bien,Normale,Admis,1
5892,1092,321,2020-2021,16.61,Très Bien,Rattrapage,Admis,1
5893,1819,304,2021-2022,14.85,Bien,Normale,Admis,1
5894,1510,353,2021-2022,10.66,Passable,Normale,Admis,1
5895,1669,307,2020-2021,5.87,Insuffisant,Normale,Échec,0
5896,1999,346,2020-2021,14.08,Bien,Normale,Admis,1
5897,1749,323,2022-2023,13.19,Assez Bien,Normale,Admis,1
5898,2095,355,2023-2024,15.78,Bien,Normale,Admis,1
5899,1111,352,2024-2025,16.22,Très Bien,Normale,Admis,1
5900,1547,341,2020-2021,16.89,Très Bien,Normale,Admis,1
5901,1560,310,2021-2022,9.04,Insuffisant,Rattrapage,Échec,0
5902,1613,322,2023-2024,15.76,Bien,Normale,Admis,1
5903,1626,305,2020-2021,12.69,Assez Bien,Normale,Admis,1
5904,1321,324,2022-2023,5.01,Insuffisant,Normale,Échec,0
5905,1180,309,2022-2023,8.12,Insuffisant,Normale,Échec,0
5906,1477,333,2020-2021,5.1,Insuffisant,Rattrapage,Échec,0
5907,1996,350,2024-2025,16.0,Très Bien,Normale,Admis,1
5908,1155,338,2020-2021,9.69,Insuffisant,Normale,Échec,0
5909,1511,353,2022-2023,14.42,Bien,Normale,Admis,1
5910,1044,323,2021-2022,17.37,Très Bien,Normale,Admis,1
5911,1636,340,2022-2023,14.9,Bien,Rattrapage,Admis,1
5912,1141,340,2023-2024,11.47,Passable,Normale,Admis,1
5913,1226,322,2023-2024,6.34,Insuffisant,Normale,Échec,0
5914,1644,323,2023-2024,18.69,Très Bien,Rattrapage,Admis,1
5915,1249,358,2023-2024,13.18,Assez Bien,Normale,Admis,1
5916,1886,352,2021-2022,18.65,Très Bien,Normale,Admis,1
5917,1356,333,2021-2022,17.05,Très Bien,Normale,Admis,1
5918,1569,327,2021-2022,16.95,Très Bien,Rattrapage,Admis,1
5919,1036,354,2023-2024,14.99,Bien,Normale,Admis,1
5920,1247,348,2023-2024,15.7,Bien,Rattrapage,Admis,1
5921,1275,355,2020-2021,13.4,Assez Bien,Normale,Admis,1
5922,2099,343,2022-2023,10.59,Passable,Normale,Admis,1
5923,1886,316,2022-2023,9.92,Insuffisant,Rattrapage,Échec,0
5924,1270,301,2020-2021,15.2,Bien,Normale,Admis,1
5925,1939,328,2020-2021,13.29,Assez Bien,Normale,Admis,1
5926,1641,303,2022-2023,18.63,Très Bien,Rattrapage,Admis,1
5927,1316,304,2022-2023,9.6,Insuffisant,Normale,Échec,0
5928,2152,343,2023-2024,13.13,Assez Bien,Normale,Admis,1
5929,2026,352,2022-2023,7.91,Insuffisant,Normale,Échec,0
5930,1861,339,2023-2024,14.46,Bien,Normale,Admis,1
5931,1944,357,2020-2021,5.58,Insuffisant,Normale,Échec,0
5932,1627,313,2021-2022,13.54,Assez Bien,Rattrapage,Admis,1
5933,1866,302,2024-2025,13.34,Assez Bien,Normale,Admis,1
5934,1087,348,2024-2025,11.65,Passable,Normale,Admis,1
5935,1078,307,2020-2021,18.37,Très Bien,Normale,Admis,1
5936,1162,359,2022-2023,14.34,Bien,Normale,Admis,1
5937,1856,347,2020-2021,10.2,Passable,Normale,Admis,1
5938,1103,347,2021-2022,14.26,Bien,Normale,Admis,1
5939,1305,332,2024-2025,13.22,Assez Bien,Normale,Admis,1
5940,2075,333,2024-2025,15.11,Bien,Normale,Admis,1
5941,1202,335,2024-2025,12.79,Assez Bien,Normale,Admis,1
5942,1425,303,2022-2023,20.0,Très Bien,Normale,Admis,1
5943,1801,343,2020-2021,13.77,Assez Bien,Normale,Admis,1
5944,1791,316,2024-2025,10.53,Passable,Normale,Admis,1
5945,2072,308,2023-2024,12.77,Assez Bien,Rattrapage,Admis,1
5946,2041,331,2024-2025,9.73,Insuffisant,Rattrapage,Échec,0
5947,1722,306,2024-2025,9.26,Insuffisant,Normale,Échec,0
5948,1724,360,2023-2024,16.38,Très Bien,Normale,Admis,1
5949,1094,323,2020-2021,12.2,Assez Bien,Normale,Admis,1
5950,1782,322,2023-2024,18.14,Très Bien,Normale,Admis,1
5951,2141,335,2021-2022,11.92,Passable,Normale,Admis,1
5952,1779,331,2021-2022,12.61,Assez Bien,Normale,Admis,1
5953,2074,303,2020-2021,14.31,Bien,Normale,Admis,1
5954,1982,310,2023-2024,15.9,Bien,Normale,Admis,1
5955,1321,353,2020-2021,14.17,Bien,Normale,Admis,1
5956,2135,308,2022-2023,14.05,Bien,Normale,Admis,1
5957,1917,310,2021-2022,9.99,Insuffisant,Normale,Échec,0
5958,1939,314,2022-2023,15.08,Bien,Normale,Admis,1
5959,1861,319,2020-2021,7.38,Insuffisant,Normale,Échec,0
5960,1955,334,2021-2022,16.6,Très Bien,Normale,Admis,1
5961,1059,335,2021-2022,2.87,Insuffisant,Normale,Échec,0
5962,1102,350,2023-2024,14.66,Bien,Rattrapage,Admis,1
5963,1909,357,2024-2025,9.29,Insuffisant,Normale,Échec,0
5964,2197,341,2024-2025,11.38,Passable,Normale,Admis,1
5965,1761,307,2022-2023,9.56,Insuffisant,Normale,Échec,0
5966,1710,319,2024-2025,10.89,Passable,Normale,Admis,1
5967,2124,314,2023-2024,10.87,Passable,Normale,Admis,1
5968,1946,358,2020-2021,9.97,Insuffisant,Rattrapage,Échec,0
5969,1533,325,2023-2024,17.66,Très Bien,Normale,Admis,1
5970,1540,337,2020-2021,6.35,Insuffisant,Normale,Échec,0
5971,1891,325,2024-2025,14.79,Bien,Rattrapage,Admis,1
5972,2055,347,2023-2024,16.06,Très Bien,Normale,Admis,1
5973,1921,324,2020-2021,5.82,Insuffisant,Normale,Échec,0
5974,2150,322,2023-2024,9.41,Insuffisant,Normale,Échec,0
5975,1207,306,2023-2024,9.72,Insuffisant,Normale,Échec,0
5976,1624,323,2023-2024,15.88,Bien,Rattrapage,Admis,1
5977,1094,323,2024-2025,12.55,Assez Bien,Normale,Admis,1
5978,1749,353,2023-2024,11.19,Passable,Rattrapage,Admis,1
5979,1425,320,2021-2022,10.46,Passable,Normale,Admis,1
5980,1184,333,2020-2021,10.35,Passable,Normale,Admis,1
5981,1899,314,2024-2025,14.65,Bien,Rattrapage,Admis,1
5982,1301,302,2020-2021,10.24,Passable,Rattrapage,Admis,1
5983,1276,323,2024-2025,6.44,Insuffisant,Normale,Échec,0
5984,1709,328,2022-2023,11.68,Passable,Normale,Admis,1
5985,1439,316,2023-2024,9.03,Insuffisant,Normale,Échec,0
5986,1977,331,2021-2022,9.95,Insuffisant,Rattrapage,Échec,0
5987,1038,344,2021-2022,10.61,Passable,Normale,Admis,1
5988,1204,325,2023-2024,8.64,Insuffisant,Normale,Échec,0
5989,2142,331,2020-2021,14.17,Bien,Rattrapage,Admis,1
5990,1330,354,2023-2024,6.67,Insuffisant,Normale,Échec,0
5991,1221,324,2022-2023,4.6,Insuffisant,Rattrapage,Échec,0
5992,2122,331,2021-2022,16.82,Très Bien,Normale,Admis,1
5993,1026,355,2020-2021,11.3,Passable,Rattrapage,Admis,1
5994,1295,317,2020-2021,12.16,Assez Bien,Normale,Admis,1
5995,1284,324,2022-2023,10.51,Passable,Normale,Admis,1
5996,1691,321,2020-2021,12.89,Assez Bien,Normale,Admis,1
5997,1119,322,2022-2023,7.64,Insuffisant,Normale,Échec,0
5998,1065,333,2020-2021,13.3,Assez Bien,Rattrapage,Admis,1
5999,2155,338,2024-2025,10.7,Passable,Rattrapage,Admis,1
6000,1428,337,2023-2024,13.89,Assez Bien,Normale,Admis,1
6001,1823,341,2023-2024,17.58,Très Bien,Normale,Admis,1
6002,1486,334,2024-2025,13.87,Assez Bien,Normale,Admis,1
6003,1980,309,2022-2023,7.73,Insuffisant,Normale,Échec,0
6004,1774,307,2023-2024,15.62,Bien,Normale,Admis,1
6005,1440,301,2021-2022,10.46,Passable,Normale,Admis,1
6006,1578,316,2024-2025,10.99,Passable,Normale,Admis,1
6007,1451,350,2020-2021,11.63,Passable,Normale,Admis,1
6008,1057,302,2024-2025,16.92,Très Bien,Normale,Admis,1
6009,1163,319,2021-2022,13.18,Assez Bien,Rattrapage,Admis,1
6010,1641,311,2024-2025,10.57,Passable,Normale,Admis,1
6011,1630,340,2021-2022,15.96,Bien,Normale,Admis,1
6012,1037,332,2022-2023,15.01,Bien,Normale,Admis,1
6013,1218,329,2024-2025,13.25,Assez Bien,Rattrapage,Admis,1
6014,2160,342,2023-2024,13.32,Assez Bien,Rattrapage,Admis,1
6015,1644,318,2023-2024,11.66,Passable,Normale,Admis,1
6016,1794,310,2024-2025,8.87,Insuffisant,Normale,Échec,0
6017,2017,345,2021-2022,12.15,Assez Bien,Normale,Admis,1
6018,1736,307,2024-2025,17.78,Très Bien,Normale,Admis,1
6019,1774,311,2021-2022,17.85,Très Bien,Normale,Admis,1
6020,1690,310,2023-2024,6.68,Insuffisant,Rattrapage,Échec,0
6021,1671,341,2023-2024,8.06,Insuffisant,Normale,Échec,0
6022,1115,301,2021-2022,14.72,Bien,Normale,Admis,1
6023,1261,316,2020-2021,11.2,Passable,Normale,Admis,1
6024,1266,315,2022-2023,10.23,Passable,Normale,Admis,1
6025,1080,324,2023-2024,12.7,Assez Bien,Normale,Admis,1
6026,1959,329,2020-2021,10.32,Passable,Normale,Admis,1
6027,1378,324,2020-2021,10.79,Passable,Normale,Admis,1
6028,1756,334,2024-2025,13.38,Assez Bien,Normale,Admis,1
6029,1090,353,2022-2023,15.32,Bien,Normale,Admis,1
6030,1210,360,2024-2025,17.34,Très Bien,Normale,Admis,1
6031,1340,350,2024-2025,8.09,Insuffisant,Normale,Échec,0
6032,1025,322,2020-2021,16.32,Très Bien,Rattrapage,Admis,1
6033,1846,326,2023-2024,15.9,Bien,Rattrapage,Admis,1
6034,1089,346,2024-2025,20.0,Très Bien,Normale,Admis,1
6035,1236,355,2021-2022,15.18,Bien,Rattrapage,Admis,1
6036,1446,338,2021-2022,7.74,Insuffisant,Normale,Échec,0
6037,2000,334,2024-2025,12.56,Assez Bien,Rattrapage,Admis,1
6038,1602,350,2022-2023,13.25,Assez Bien,Normale,Admis,1
6039,1996,341,2024-2025,14.87,Bien,Normale,Admis,1
6040,1069,338,2024-2025,12.67,Assez Bien,Normale,Admis,1
6041,1782,352,2021-2022,10.51,Passable,Normale,Admis,1
6042,1853,306,2022-2023,11.26,Passable,Normale,Admis,1
6043,1288,331,2023-2024,18.55,Très Bien,Normale,Admis,1
6044,1662,354,2024-2025,17.59,Très Bien,Normale,Admis,1
6045,1578,320,2022-2023,14.17,Bien,Rattrapage,Admis,1
6046,1319,301,2021-2022,8.39,Insuffisant,Normale,Échec,0
6047,1328,352,2022-2023,12.74,Assez Bien,Rattrapage,Admis,1
6048,2138,310,2022-2023,9.71,Insuffisant,Normale,Échec,0
6049,2100,335,2023-2024,12.5,Assez Bien,Normale,Admis,1
6050,1392,347,2020-2021,11.09,Passable,Normale,Admis,1
6051,1501,356,2023-2024,13.54,Assez Bien,Normale,Admis,1
6052,1481,330,2020-2021,15.77,Bien,Rattrapage,Admis,1
6053,1615,324,2020-2021,18.65,Très Bien,Normale,Admis,1
6054,1464,305,2020-2021,14.98,Bien,Rattrapage,Admis,1
6055,2092,303,2021-2022,12.47,Assez Bien,Normale,Admis,1
6056,1779,344,2023-2024,11.3,Passable,Normale,Admis,1
6057,1250,359,2022-2023,15.34,Bien,Normale,Admis,1
6058,1249,339,2021-2022,11.28,Passable,Normale,Admis,1
6059,2176,327,2020-2021,9.36,Insuffisant,Normale,Échec,0
6060,1785,306,2020-2021,11.13,Passable,Normale,Admis,1
6061,1541,330,2020-2021,11.08,Passable,Normale,Admis,1
6062,2027,337,2020-2021,13.19,Assez Bien,Normale,Admis,1
6063,1209,353,2024-2025,8.26,Insuffisant,Rattrapage,Échec,0
6064,1257,347,2022-2023,15.98,Bien,Rattrapage,Admis,1
6065,1775,343,2024-2025,14.49,Bien,Normale,Admis,1
6066,1293,357,2022-2023,11.56,Passable,Rattrapage,Admis,1
6067,1996,327,2024-2025,10.35,Passable,Rattrapage,Admis,1
6068,2131,343,2021-2022,9.38,Insuffisant,Normale,Échec,0
6069,1593,305,2020-2021,16.16,Très Bien,Rattrapage,Admis,1
6070,1452,317,2020-2021,16.56,Très Bien,Rattrapage,Admis,1
6071,1576,306,2021-2022,19.92,Très Bien,Normale,Admis,1
6072,1143,334,2020-2021,11.59,Passable,Normale,Admis,1
6073,1228,355,2024-2025,7.12,Insuffisant,Normale,Échec,0
6074,1213,320,2020-2021,13.7,Assez Bien,Normale,Admis,1
6075,1701,359,2020-2021,13.19,Assez Bien,Normale,Admis,1
6076,1475,311,2022-2023,11.11,Passable,Rattrapage,Admis,1
6077,1238,329,2024-2025,16.89,Très Bien,Normale,Admis,1
6078,1005,320,2022-2023,9.4,Insuffisant,Normale,Échec,0
6079,1923,303,2024-2025,15.96,Bien,Normale,Admis,1
6080,1740,327,2020-2021,10.64,Passable,Normale,Admis,1
6081,2173,348,2022-2023,10.07,Passable,Normale,Admis,1
6082,1098,352,2023-2024,20.0,Très Bien,Normale,Admis,1
6083,1929,307,2022-2023,12.8,Assez Bien,Normale,Admis,1
6084,2031,330,2024-2025,15.11,Bien,Rattrapage,Admis,1
6085,1436,305,2020-2021,16.0,Très Bien,Normale,Admis,1
6086,1406,307,2022-2023,17.08,Très Bien,Normale,Admis,1
6087,1725,349,2023-2024,14.89,Bien,Rattrapage,Admis,1
6088,1557,321,2023-2024,14.76,Bien,Normale,Admis,1
6089,1257,349,2021-2022,10.46,Passable,Normale,Admis,1
6090,1938,321,2023-2024,7.54,Insuffisant,Normale,Échec,0
6091,1551,351,2020-2021,11.17,Passable,Normale,Admis,1
6092,1932,347,2022-2023,14.34,Bien,Normale,Admis,1
6093,1056,315,2021-2022,11.51,Passable,Rattrapage,Admis,1
6094,1922,317,2022-2023,17.31,Très Bien,Normale,Admis,1
6095,2190,340,2024-2025,10.14,Passable,Normale,Admis,1
6096,1922,301,2024-2025,18.41,Très Bien,Normale,Admis,1
6097,1471,316,2024-2025,10.25,Passable,Normale,Admis,1
6098,1219,346,2021-2022,10.58,Passable,Normale,Admis,1
6099,1806,348,2024-2025,13.87,Assez Bien,Normale,Admis,1
6100,1592,306,2021-2022,6.83,Insuffisant,Normale,Échec,0
6101,1829,320,2020-2021,10.32,Passable,Normale,Admis,1
6102,1009,354,2023-2024,8.86,Insuffisant,Normale,Échec,0
6103,1035,315,2021-2022,12.05,Assez Bien,Normale,Admis,1
6104,1874,349,2023-2024,9.7,Insuffisant,Rattrapage,Échec,0
6105,1719,315,2020-2021,9.47,Insuffisant,Normale,Échec,0
6106,2140,303,2022-2023,20.0,Très Bien,Normale,Admis,1
6107,2002,360,2023-2024,15.68,Bien,Normale,Admis,1
6108,1495,306,2020-2021,11.09,Passable,Normale,Admis,1
6109,1167,302,2024-2025,14.46,Bien,Normale,Admis,1
6110,1832,342,2022-2023,13.53,Assez Bien,Normale,Admis,1
6111,1605,327,2020-2021,13.26,Assez Bien,Normale,Admis,1
6112,1340,321,2021-2022,13.63,Assez Bien,Normale,Admis,1
6113,1812,303,2023-2024,9.18,Insuffisant,Normale,Échec,0
6114,1592,302,2020-2021,15.22,Bien,Normale,Admis,1
6115,1576,329,2022-2023,11.22,Passable,Normale,Admis,1
6116,2068,326,2023-2024,12.68,Assez Bien,Rattrapage,Admis,1
6117,1616,357,2024-2025,15.86,Bien,Normale,Admis,1
6118,1776,350,2024-2025,13.21,Assez Bien,Normale,Admis,1
6119,2063,338,2022-2023,7.54,Insuffisant,Normale,Échec,0
6120,2042,317,2024-2025,9.23,Insuffisant,Normale,Échec,0
6121,1143,330,2020-2021,10.21,Passable,Normale,Admis,1
6122,1505,326,2020-2021,7.51,Insuffisant,Normale,Échec,0
6123,1052,304,2023-2024,18.56,Très Bien,Normale,Admis,1
6124,1960,301,2020-2021,12.2,Assez Bien,Normale,Admis,1
6125,1911,332,2021-2022,12.11,Assez Bien,Normale,Admis,1
6126,1985,321,2024-2025,15.91,Bien,Normale,Admis,1
6127,1635,339,2021-2022,8.1,Insuffisant,Normale,Échec,0
6128,1414,353,2020-2021,12.42,Assez Bien,Normale,Admis,1
6129,1910,334,2020-2021,8.49,Insuffisant,Rattrapage,Échec,0
6130,1227,360,2020-2021,15.84,Bien,Normale,Admis,1
6131,1906,307,2024-2025,14.44,Bien,Normale,Admis,1
6132,1867,354,2020-2021,13.7,Assez Bien,Normale,Admis,1
6133,1075,318,2024-2025,14.98,Bien,Normale,Admis,1
6134,1049,311,2020-2021,9.59,Insuffisant,Normale,Échec,0
6135,1549,319,2022-2023,8.44,Insuffisant,Rattrapage,Échec,0
6136,1177,352,2022-2023,15.4,Bien,Normale,Admis,1
6137,1685,355,2024-2025,11.56,Passable,Rattrapage,Admis,1
6138,1867,329,2022-2023,13.17,Assez Bien,Normale,Admis,1
6139,1466,315,2021-2022,19.42,Très Bien,Normale,Admis,1
6140,2063,320,2024-2025,16.8,Très Bien,Rattrapage,Admis,1
6141,1834,345,2022-2023,16.28,Très Bien,Normale,Admis,1
6142,1767,311,2021-2022,9.01,Insuffisant,Normale,Échec,0
6143,2163,307,2023-2024,11.04,Passable,Normale,Admis,1
6144,1055,353,2021-2022,15.21,Bien,Normale,Admis,1
6145,1480,324,2021-2022,14.83,Bien,Normale,Admis,1
6146,1003,357,2020-2021,7.65,Insuffisant,Normale,Échec,0
6147,1638,340,2024-2025,9.21,Insuffisant,Normale,Échec,0
6148,2196,312,2023-2024,14.67,Bien,Normale,Admis,1
6149,1828,323,2021-2022,12.98,Assez Bien,Normale,Admis,1
6150,1791,346,2020-2021,16.23,Très Bien,Normale,Admis,1
6151,1979,342,2023-2024,5.45,Insuffisant,Normale,Échec,0
6152,1483,307,2023-2024,12.48,Assez Bien,Rattrapage,Admis,1
6153,1444,337,2022-2023,10.89,Passable,Normale,Admis,1
6154,1876,345,2021-2022,16.22,Très Bien,Normale,Admis,1
6155,1560,333,2023-2024,13.09,Assez Bien,Rattrapage,Admis,1
6156,1312,360,2021-2022,11.04,Passable,Normale,Admis,1
6157,2148,353,2022-2023,16.89,Très Bien,Normale,Admis,1
6158,2078,325,2022-2023,14.44,Bien,Rattrapage,Admis,1
6159,1499,354,2024-2025,10.87,Passable,Normale,Admis,1
6160,1315,356,2023-2024,12.36,Assez Bien,Rattrapage,Admis,1
6161,1795,336,2023-2024,10.01,Passable,Normale,Admis,1
6162,1190,317,2020-2021,8.74,Insuffisant,Normale,Échec,0
6163,1495,318,2024-2025,12.3,Assez Bien,Normale,Admis,1
6164,1412,351,2020-2021,15.97,Bien,Normale,Admis,1
6165,1987,359,2024-2025,11.83,Passable,Normale,Admis,1
6166,1800,329,2020-2021,14.7,Bien,Normale,Admis,1
6167,1882,301,2022-2023,9.57,Insuffisant,Normale,Échec,0
6168,1746,336,2020-2021,8.57,Insuffisant,Normale,Échec,0
6169,1979,356,2021-2022,9.56,Insuffisant,Normale,Échec,0
6170,1655,330,2024-2025,6.36,Insuffisant,Rattrapage,Échec,0
6171,1257,308,2020-2021,13.71,Assez Bien,Normale,Admis,1
6172,1796,309,2022-2023,9.06,Insuffisant,Rattrapage,Échec,0
6173,1051,326,2024-2025,9.32,Insuffisant,Normale,Échec,0
6174,2142,340,2021-2022,13.95,Assez Bien,Normale,Admis,1
6175,1760,349,2022-2023,10.89,Passable,Normale,Admis,1
6176,1806,320,2023-2024,17.51,Très Bien,Normale,Admis,1
6177,1428,353,2024-2025,13.23,Assez Bien,Normale,Admis,1
6178,2096,345,2024-2025,5.19,Insuffisant,Normale,Échec,0
6179,1918,301,2020-2021,9.37,Insuffisant,Normale,Échec,0
6180,1607,343,2022-2023,7.0,Insuffisant,Normale,Échec,0
6181,1739,332,2020-2021,19.14,Très Bien,Normale,Admis,1
6182,1473,339,2021-2022,9.74,Insuffisant,Normale,Échec,0
6183,1514,343,2021-2022,9.82,Insuffisant,Normale,Échec,0
6184,1974,345,2020-2021,11.26,Passable,Normale,Admis,1
6185,2108,326,2023-2024,12.99,Assez Bien,Normale,Admis,1
6186,2195,310,2022-2023,8.97,Insuffisant,Rattrapage,Échec,0
6187,1660,309,2024-2025,12.03,Assez Bien,Normale,Admis,1
6188,1113,322,2020-2021,10.64,Passable,Normale,Admis,1
6189,1356,325,2020-2021,11.31,Passable,Normale,Admis,1
6190,1015,304,2020-2021,11.11,Passable,Normale,Admis,1
6191,1228,343,2020-2021,14.8,Bien,Normale,Admis,1
6192,1171,353,2022-2023,17.32,Très Bien,Normale,Admis,1
6193,1869,305,2023-2024,5.72,Insuffisant,Normale,Échec,0
6194,1145,355,2024-2025,18.66,Très Bien,Normale,Admis,1
6195,1942,313,2024-2025,14.89,Bien,Normale,Admis,1
6196,1529,351,2022-2023,10.75,Passable,Normale,Admis,1
6197,2054,306,2021-2022,12.37,Assez Bien,Normale,Admis,1
6198,1180,355,2021-2022,9.22,Insuffisant,Normale,Échec,0
6199,1003,304,2024-2025,16.78,Très Bien,Normale,Admis,1
6200,2049,309,2021-2022,4.32,Insuffisant,Rattrapage,Échec,0
6201,2088,355,2022-2023,12.24,Assez Bien,Normale,Admis,1
6202,1769,354,2024-2025,15.5,Bien,Normale,Admis,1
6203,1105,349,2024-2025,13.84,Assez Bien,Normale,Admis,1
6204,1830,331,2021-2022,6.64,Insuffisant,Normale,Échec,0
6205,1403,344,2021-2022,18.83,Très Bien,Normale,Admis,1
6206,1151,304,2022-2023,14.5,Bien,Normale,Admis,1
6207,1538,334,2020-2021,12.59,Assez Bien,Rattrapage,Admis,1
6208,2012,344,2023-2024,11.25,Passable,Normale,Admis,1
6209,1502,341,2023-2024,12.1,Assez Bien,Normale,Admis,1
6210,1744,321,2023-2024,12.9,Assez Bien,Normale,Admis,1
6211,1144,339,2021-2022,8.58,Insuffisant,Normale,Échec,0
6212,1259,305,2024-2025,7.7,Insuffisant,Normale,Échec,0
6213,2121,309,2021-2022,8.93,Insuffisant,Normale,Échec,0
6214,1043,327,2021-2022,13.85,Assez Bien,Normale,Admis,1
6215,1168,334,2023-2024,11.71,Passable,Normale,Admis,1
6216,1589,308,2023-2024,12.18,Assez Bien,Normale,Admis,1
6217,1788,305,2021-2022,9.4,Insuffisant,Normale,Échec,0
6218,1060,310,2021-2022,9.32,Insuffisant,Normale,Échec,0
6219,1847,317,2020-2021,7.09,Insuffisant,Normale,Échec,0
6220,1894,339,2021-2022,14.08,Bien,Normale,Admis,1
6221,1868,333,2021-2022,12.53,Assez Bien,Rattrapage,Admis,1
6222,1649,359,2024-2025,13.35,Assez Bien,Normale,Admis,1
6223,1136,327,2023-2024,18.53,Très Bien,Normale,Admis,1
6224,1890,318,2020-2021,15.69,Bien,Normale,Admis,1
6225,1500,310,2021-2022,9.15,Insuffisant,Normale,Échec,0
6226,2183,343,2020-2021,8.45,Insuffisant,Normale,Échec,0
6227,2171,347,2021-2022,18.52,Très Bien,Normale,Admis,1
6228,1368,322,2021-2022,13.0,Assez Bien,Normale,Admis,1
6229,2093,310,2023-2024,10.4,Passable,Normale,Admis,1
6230,1931,359,2020-2021,17.98,Très Bien,Normale,Admis,1
6231,1359,325,2024-2025,16.92,Très Bien,Normale,Admis,1
6232,1493,330,2024-2025,6.31,Insuffisant,Normale,Échec,0
6233,1533,339,2024-2025,11.87,Passable,Rattrapage,Admis,1
6234,2163,321,2021-2022,13.51,Assez Bien,Normale,Admis,1
6235,1382,321,2021-2022,13.32,Assez Bien,Rattrapage,Admis,1
6236,1849,349,2022-2023,16.2,Très Bien,Rattrapage,Admis,1
6237,1529,320,2024-2025,13.1,Assez Bien,Normale,Admis,1
6238,1571,349,2021-2022,13.21,Assez Bien,Rattrapage,Admis,1
6239,1880,350,2024-2025,12.67,Assez Bien,Normale,Admis,1
6240,1891,333,2020-2021,8.06,Insuffisant,Normale,Échec,0
6241,1238,305,2022-2023,10.01,Passable,Normale,Admis,1
6242,1456,315,2020-2021,17.84,Très Bien,Normale,Admis,1
6243,1873,317,2020-2021,10.29,Passable,Normale,Admis,1
6244,2065,302,2022-2023,18.97,Très Bien,Normale,Admis,1
6245,2151,332,2023-2024,8.7,Insuffisant,Normale,Échec,0
6246,1175,354,2022-2023,14.31,Bien,Rattrapage,Admis,1
6247,1650,345,2022-2023,11.56,Passable,Normale,Admis,1
6248,1115,350,2023-2024,15.92,Bien,Rattrapage,Admis,1
6249,1342,350,2023-2024,13.75,Assez Bien,Rattrapage,Admis,1
6250,2087,331,2024-2025,9.18,Insuffisant,Rattrapage,Échec,0
6251,1107,311,2022-2023,12.66,Assez Bien,Normale,Admis,1
6252,2182,307,2021-2022,12.42,Assez Bien,Normale,Admis,1
6253,1033,346,2022-2023,9.72,Insuffisant,Rattrapage,Échec,0
6254,1800,316,2023-2024,15.74,Bien,Rattrapage,Admis,1
6255,1345,308,2023-2024,12.8,Assez Bien,Normale,Admis,1
6256,1366,357,2023-2024,8.93,Insuffisant,Normale,Échec,0
6257,1810,347,2020-2021,11.42,Passable,Normale,Admis,1
6258,1444,310,2021-2022,10.11,Passable,Normale,Admis,1
6259,1664,333,2022-2023,16.68,Très Bien,Rattrapage,Admis,1
6260,1149,335,2020-2021,12.26,Assez Bien,Normale,Admis,1
6261,1359,340,2022-2023,9.93,Insuffisant,Normale,Échec,0
6262,1706,343,2024-2025,5.49,Insuffisant,Normale,Échec,0
6263,2163,332,2023-2024,9.47,Insuffisant,Normale,Échec,0
6264,1466,347,2023-2024,10.93,Passable,Normale,Admis,1
6265,2170,313,2024-2025,12.8,Assez Bien,Normale,Admis,1
6266,1736,332,2024-2025,18.53,Très Bien,Rattrapage,Admis,1
6267,1647,349,2022-2023,10.24,Passable,Normale,Admis,1
6268,1139,337,2021-2022,15.0,Bien,Normale,Admis,1
6269,1522,347,2023-2024,11.99,Passable,Normale,Admis,1
6270,1552,344,2020-2021,8.97,Insuffisant,Rattrapage,Échec,0
6271,1151,305,2023-2024,12.69,Assez Bien,Normale,Admis,1
6272,1444,326,2023-2024,17.77,Très Bien,Normale,Admis,1
6273,1025,314,2024-2025,12.21,Assez Bien,Normale,Admis,1
6274,1872,310,2022-2023,13.78,Assez Bien,Normale,Admis,1
6275,1805,342,2023-2024,8.32,Insuffisant,Rattrapage,Échec,0
6276,1883,307,2020-2021,12.9,Assez Bien,Normale,Admis,1
6277,1329,324,2024-2025,9.74,Insuffisant,Rattrapage,Échec,0
6278,1598,347,2021-2022,14.13,Bien,Normale,Admis,1
6279,1421,314,2020-2021,6.35,Insuffisant,Normale,Échec,0
6280,1030,335,2020-2021,9.2,Insuffisant,Normale,Échec,0
6281,1741,326,2021-2022,13.96,Assez Bien,Normale,Admis,1
6282,1066,348,2024-2025,14.49,Bien,Rattrapage,Admis,1
6283,1300,337,2021-2022,10.66,Passable,Rattrapage,Admis,1
6284,1518,341,2024-2025,15.17,Bien,Normale,Admis,1
6285,1286,333,2023-2024,9.8,Insuffisant,Rattrapage,Échec,0
6286,1458,359,2021-2022,13.89,Assez Bien,Normale,Admis,1
6287,1227,303,2023-2024,13.12,Assez Bien,Normale,Admis,1
6288,2069,334,2021-2022,7.02,Insuffisant,Normale,Échec,0
6289,1171,311,2023-2024,19.57,Très Bien,Normale,Admis,1
6290,1471,346,2023-2024,16.43,Très Bien,Normale,Admis,1
6291,1724,349,2022-2023,13.95,Assez Bien,Normale,Admis,1
6292,2116,323,2021-2022,19.9,Très Bien,Normale,Admis,1
6293,1377,301,2023-2024,15.66,Bien,Normale,Admis,1
6294,1274,301,2020-2021,9.84,Insuffisant,Normale,Échec,0
6295,1920,355,2020-2021,15.6,Bien,Rattrapage,Admis,1
6296,2128,319,2021-2022,13.02,Assez Bien,Rattrapage,Admis,1
6297,2116,331,2022-2023,15.58,Bien,Normale,Admis,1
6298,1143,328,2021-2022,17.19,Très Bien,Normale,Admis,1
6299,2004,340,2023-2024,14.2,Bien,Normale,Admis,1
6300,1429,341,2023-2024,14.62,Bien,Normale,Admis,1
6301,1669,305,2021-2022,14.38,Bien,Normale,Admis,1
6302,1671,323,2022-2023,14.26,Bien,Normale,Admis,1
6303,1188,344,2020-2021,9.83,Insuffisant,Rattrapage,Échec,0
6304,1038,324,2020-2021,11.2,Passable,Normale,Admis,1
6305,1067,333,2020-2021,6.36,Insuffisant,Normale,Échec,0
6306,1622,345,2024-2025,17.19,Très Bien,Normale,Admis,1
6307,1525,346,2021-2022,14.43,Bien,Normale,Admis,1
6308,1264,328,2021-2022,13.74,Assez Bien,Normale,Admis,1
6309,1426,345,2020-2021,12.55,Assez Bien,Rattrapage,Admis,1
6310,1027,314,2023-2024,17.72,Très Bien,Normale,Admis,1
6311,1022,329,2021-2022,12.97,Assez Bien,Normale,Admis,1
6312,1265,316,2022-2023,12.21,Assez Bien,Normale,Admis,1
6313,1079,310,2024-2025,3.42,Insuffisant,Rattrapage,Échec,0
6314,1473,301,2021-2022,10.38,Passable,Normale,Admis,1
6315,1557,344,2021-2022,6.3,Insuffisant,Normale,Échec,0
6316,1563,313,2023-2024,14.55,Bien,Rattrapage,Admis,1
6317,1678,352,2021-2022,8.78,Insuffisant,Normale,Échec,0
6318,2177,308,2023-2024,15.88,Bien,Normale,Admis,1
6319,2174,310,2024-2025,10.69,Passable,Normale,Admis,1
6320,1062,356,2024-2025,7.73,Insuffisant,Rattrapage,Échec,0
6321,1230,356,2023-2024,11.28,Passable,Normale,Admis,1
6322,1812,315,2020-2021,10.87,Passable,Normale,Admis,1
6323,1865,354,2023-2024,15.14,Bien,Normale,Admis,1
6324,1790,354,2024-2025,12.63,Assez Bien,Normale,Admis,1
6325,1966,347,2022-2023,8.22,Insuffisant,Normale,Échec,0
6326,1019,316,2021-2022,9.33,Insuffisant,Normale,Échec,0
6327,1003,317,2022-2023,6.8,Insuffisant,Normale,Échec,0
6328,1571,359,2022-2023,11.78,Passable,Normale,Admis,1
6329,1132,302,2023-2024,14.75,Bien,Rattrapage,Admis,1
6330,1204,328,2023-2024,14.2,Bien,Normale,Admis,1
6331,1541,338,2023-2024,13.34,Assez Bien,Rattrapage,Admis,1
6332,1009,302,2024-2025,5.77,Insuffisant,Normale,Échec,0
6333,1589,319,2022-2023,10.49,Passable,Normale,Admis,1
6334,2132,302,2020-2021,19.57,Très Bien,Normale,Admis,1
6335,1675,347,2020-2021,15.35,Bien,Rattrapage,Admis,1
6336,2004,327,2022-2023,15.68,Bien,Normale,Admis,1
6337,1293,338,2023-2024,10.88,Passable,Normale,Admis,1
6338,1349,334,2020-2021,17.58,Très Bien,Normale,Admis,1
6339,1266,319,2020-2021,11.74,Passable,Rattrapage,Admis,1
6340,1244,323,2020-2021,8.33,Insuffisant,Normale,Échec,0
6341,1651,353,2020-2021,8.19,Insuffisant,Normale,Échec,0
6342,1836,340,2024-2025,13.49,Assez Bien,Normale,Admis,1
6343,1852,307,2021-2022,19.5,Très Bien,Normale,Admis,1
6344,1251,322,2021-2022,9.78,Insuffisant,Normale,Échec,0
6345,1679,324,2021-2022,17.06,Très Bien,Rattrapage,Admis,1
6346,1501,345,2021-2022,11.98,Passable,Normale,Admis,1
6347,1273,343,2024-2025,19.99,Très Bien,Normale,Admis,1
6348,1099,321,2024-2025,13.83,Assez Bien,Rattrapage,Admis,1
6349,2123,313,2023-2024,17.96,Très Bien,Normale,Admis,1
6350,1912,341,2022-2023,14.15,Bien,Normale,Admis,1
6351,1482,323,2022-2023,13.09,Assez Bien,Normale,Admis,1
6352,1118,345,2022-2023,10.84,Passable,Rattrapage,Admis,1
6353,2018,326,2021-2022,9.15,Insuffisant,Normale,Échec,0
6354,1697,348,2021-2022,11.82,Passable,Normale,Admis,1
6355,1746,303,2020-2021,10.19,Passable,Normale,Admis,1
6356,1179,308,2022-2023,14.48,Bien,Normale,Admis,1
6357,1326,353,2022-2023,11.47,Passable,Normale,Admis,1
6358,1655,333,2023-2024,8.46,Insuffisant,Normale,Échec,0
6359,1372,330,2023-2024,13.5,Assez Bien,Normale,Admis,1
6360,2113,336,2024-2025,5.59,Insuffisant,Normale,Échec,0
6361,1363,326,2020-2021,12.09,Assez Bien,Normale,Admis,1
6362,1453,306,2023-2024,17.57,Très Bien,Normale,Admis,1
6363,1566,335,2024-2025,10.14,Passable,Normale,Admis,1
6364,1039,316,2020-2021,10.53,Passable,Normale,Admis,1
6365,1522,359,2022-2023,11.52,Passable,Normale,Admis,1
6366,2093,358,2024-2025,16.6,Très Bien,Normale,Admis,1
6367,1015,346,2024-2025,14.57,Bien,Normale,Admis,1
6368,1965,308,2024-2025,8.09,Insuffisant,Normale,Échec,0
6369,1885,305,2022-2023,13.44,Assez Bien,Normale,Admis,1
6370,1269,312,2024-2025,17.73,Très Bien,Normale,Admis,1
6371,1451,324,2022-2023,16.95,Très Bien,Rattrapage,Admis,1
6372,1605,343,2022-2023,10.85,Passable,Normale,Admis,1
6373,1371,303,2022-2023,10.05,Passable,Normale,Admis,1
6374,1723,337,2023-2024,17.35,Très Bien,Normale,Admis,1
6375,1908,321,2023-2024,13.01,Assez Bien,Normale,Admis,1
6376,2016,339,2024-2025,8.18,Insuffisant,Normale,Échec,0
6377,1181,307,2021-2022,14.06,Bien,Normale,Admis,1
6378,1920,338,2024-2025,18.23,Très Bien,Rattrapage,Admis,1
6379,1458,302,2022-2023,15.36,Bien,Normale,Admis,1
6380,1679,330,2023-2024,13.43,Assez Bien,Normale,Admis,1
6381,1293,329,2022-2023,13.84,Assez Bien,Normale,Admis,1
6382,1666,350,2020-2021,17.82,Très Bien,Normale,Admis,1
6383,1180,325,2020-2021,15.66,Bien,Rattrapage,Admis,1
6384,2126,337,2022-2023,7.89,Insuffisant,Normale,Échec,0
6385,2087,337,2023-2024,8.29,Insuffisant,Normale,Échec,0
6386,1080,352,2020-2021,16.67,Très Bien,Rattrapage,Admis,1
6387,1714,343,2021-2022,6.68,Insuffisant,Rattrapage,Échec,0
6388,1372,308,2021-2022,8.48,Insuffisant,Rattrapage,Échec,0
6389,1413,325,2024-2025,13.59,Assez Bien,Normale,Admis,1
6390,1770,304,2020-2021,20.0,Très Bien,Normale,Admis,1
6391,2053,313,2022-2023,9.79,Insuffisant,Normale,Échec,0
6392,1940,328,2020-2021,14.38,Bien,Normale,Admis,1
6393,1267,343,2024-2025,13.82,Assez Bien,Normale,Admis,1
6394,2184,357,2024-2025,15.43,Bien,Normale,Admis,1
6395,1466,301,2023-2024,19.66,Très Bien,Normale,Admis,1
6396,1576,325,2020-2021,10.41,Passable,Normale,Admis,1
6397,1240,348,2021-2022,14.98,Bien,Normale,Admis,1
6398,2172,339,2023-2024,9.07,Insuffisant,Normale,Échec,0
6399,2183,357,2024-2025,13.49,Assez Bien,Rattrapage,Admis,1
6400,1260,330,2020-2021,19.37,Très Bien,Normale,Admis,1
6401,1673,345,2023-2024,10.11,Passable,Normale,Admis,1
6402,1100,359,2021-2022,18.65,Très Bien,Normale,Admis,1
6403,1433,334,2023-2024,10.73,Passable,Normale,Admis,1
6404,2108,357,2024-2025,15.77,Bien,Normale,Admis,1
6405,1723,357,2021-2022,3.13,Insuffisant,Normale,Échec,0
6406,2052,324,2024-2025,13.23,Assez Bien,Normale,Admis,1
6407,2049,326,2024-2025,5.05,Insuffisant,Normale,Échec,0
6408,1215,335,2022-2023,10.44,Passable,Normale,Admis,1
6409,1481,337,2023-2024,3.32,Insuffisant,Normale,Échec,0
6410,1811,345,2021-2022,15.8,Bien,Normale,Admis,1
6411,1105,346,2024-2025,11.41,Passable,Normale,Admis,1
6412,1018,342,2020-2021,10.61,Passable,Normale,Admis,1
6413,1964,316,2023-2024,12.64,Assez Bien,Normale,Admis,1
6414,1583,340,2024-2025,10.33,Passable,Normale,Admis,1
6415,1609,351,2022-2023,13.09,Assez Bien,Normale,Admis,1
6416,1641,330,2022-2023,16.29,Très Bien,Normale,Admis,1
6417,1635,318,2020-2021,12.34,Assez Bien,Rattrapage,Admis,1
6418,1089,329,2023-2024,12.73,Assez Bien,Normale,Admis,1
6419,2191,358,2021-2022,14.58,Bien,Normale,Admis,1
6420,1873,309,2023-2024,18.71,Très Bien,Normale,Admis,1
6421,1704,319,2021-2022,14.9,Bien,Normale,Admis,1
6422,1610,350,2023-2024,13.55,Assez Bien,Normale,Admis,1
6423,1727,337,2020-2021,13.85,Assez Bien,Rattrapage,Admis,1
6424,1801,302,2022-2023,4.75,Insuffisant,Normale,Échec,0
6425,1511,322,2024-2025,12.58,Assez Bien,Normale,Admis,1
6426,2056,314,2024-2025,8.37,Insuffisant,Normale,Échec,0
6427,2057,322,2024-2025,20.0,Très Bien,Rattrapage,Admis,1
6428,1111,330,2024-2025,20.0,Très Bien,Rattrapage,Admis,1
6429,2173,328,2022-2023,9.06,Insuffisant,Rattrapage,Échec,0
6430,2037,355,2022-2023,8.75,Insuffisant,Normale,Échec,0
6431,1923,333,2021-2022,13.9,Assez Bien,Normale,Admis,1
6432,2018,322,2023-2024,9.31,Insuffisant,Normale,Échec,0
6433,2131,305,2023-2024,11.02,Passable,Normale,Admis,1
6434,1977,334,2022-2023,13.96,Assez Bien,Normale,Admis,1
6435,1447,320,2020-2021,12.26,Assez Bien,Normale,Admis,1
6436,2002,354,2021-2022,12.14,Assez Bien,Normale,Admis,1
6437,1117,329,2020-2021,8.53,Insuffisant,Normale,Échec,0
6438,1955,330,2023-2024,8.34,Insuffisant,Normale,Échec,0
6439,1193,357,2021-2022,10.45,Passable,Normale,Admis,1
6440,1648,343,2020-2021,13.76,Assez Bien,Rattrapage,Admis,1
6441,1006,332,2024-2025,11.59,Passable,Normale,Admis,1
6442,2095,314,2023-2024,11.78,Passable,Normale,Admis,1
6443,2196,311,2021-2022,9.84,Insuffisant,Normale,Échec,0
6444,1391,313,2024-2025,12.61,Assez Bien,Normale,Admis,1
6445,1659,319,2020-2021,9.56,Insuffisant,Normale,Échec,0
6446,1484,358,2021-2022,10.63,Passable,Normale,Admis,1
6447,1838,338,2024-2025,14.97,Bien,Normale,Admis,1
6448,1697,309,2024-2025,15.52,Bien,Normale,Admis,1
6449,1683,344,2020-2021,7.04,Insuffisant,Normale,Échec,0
6450,1384,315,2020-2021,4.4,Insuffisant,Rattrapage,Échec,0
6451,1284,360,2023-2024,11.69,Passable,Normale,Admis,1
6452,1646,313,2021-2022,13.6,Assez Bien,Normale,Admis,1
6453,1940,316,2022-2023,15.73,Bien,Rattrapage,Admis,1
6454,1678,352,2020-2021,19.13,Très Bien,Normale,Admis,1
6455,1584,340,2023-2024,10.09,Passable,Normale,Admis,1
6456,1320,317,2024-2025,16.22,Très Bien,Normale,Admis,1
6457,1110,313,2021-2022,11.88,Passable,Rattrapage,Admis,1
6458,1263,316,2022-2023,8.41,Insuffisant,Rattrapage,Échec,0
6459,1988,332,2020-2021,9.01,Insuffisant,Normale,Échec,0
6460,1599,328,2024-2025,13.43,Assez Bien,Normale,Admis,1
6461,1676,357,2020-2021,7.81,Insuffisant,Rattrapage,Échec,0
6462,2199,316,2022-2023,8.72,Insuffisant,Normale,Échec,0
6463,1643,324,2022-2023,17.89,Très Bien,Normale,Admis,1
6464,1925,303,2021-2022,11.03,Passable,Rattrapage,Admis,1
6465,1076,303,2023-2024,15.63,Bien,Normale,Admis,1
6466,1233,331,2022-2023,11.19,Passable,Rattrapage,Admis,1
6467,1151,313,2023-2024,18.61,Très Bien,Rattrapage,Admis,1
6468,1634,317,2022-2023,9.08,Insuffisant,Normale,Échec,0
6469,2155,318,2023-2024,11.93,Passable,Normale,Admis,1
6470,1803,308,2021-2022,9.4,Insuffisant,Normale,Échec,0
6471,1221,336,2024-2025,18.0,Très Bien,Normale,Admis,1
6472,1511,360,2024-2025,17.64,Très Bien,Normale,Admis,1
6473,1191,341,2021-2022,18.71,Très Bien,Normale,Admis,1
6474,1979,344,2020-2021,15.08,Bien,Normale,Admis,1
6475,1858,321,2020-2021,9.73,Insuffisant,Normale,Échec,0
6476,1897,348,2023-2024,13.35,Assez Bien,Normale,Admis,1
6477,1212,358,2021-2022,17.34,Très Bien,Normale,Admis,1
6478,1346,356,2021-2022,13.28,Assez Bien,Normale,Admis,1
6479,2109,342,2021-2022,12.59,Assez Bien,Normale,Admis,1
6480,1055,324,2023-2024,6.93,Insuffisant,Normale,Échec,0
6481,1607,319,2023-2024,10.25,Passable,Normale,Admis,1
6482,2142,345,2022-2023,7.99,Insuffisant,Normale,Échec,0
6483,1509,343,2020-2021,15.66,Bien,Normale,Admis,1
6484,1526,324,2022-2023,15.63,Bien,Normale,Admis,1
6485,1664,352,2022-2023,16.09,Très Bien,Normale,Admis,1
6486,2190,322,2020-2021,15.55,Bien,Normale,Admis,1
6487,1259,327,2021-2022,5.67,Insuffisant,Normale,Échec,0
6488,1682,328,2020-2021,9.48,Insuffisant,Normale,Échec,0
6489,2024,332,2023-2024,16.24,Très Bien,Normale,Admis,1
6490,2104,339,2022-2023,13.87,Assez Bien,Rattrapage,Admis,1
6491,1444,315,2021-2022,8.08,Insuffisant,Normale,Échec,0
6492,2000,327,2021-2022,17.12,Très Bien,Normale,Admis,1
6493,2181,347,2024-2025,15.48,Bien,Rattrapage,Admis,1
6494,1127,317,2023-2024,14.08,Bien,Normale,Admis,1
6495,1073,302,2024-2025,13.3,Assez Bien,Normale,Admis,1
6496,1365,345,2021-2022,10.35,Passable,Rattrapage,Admis,1
6497,1820,337,2023-2024,14.46,Bien,Rattrapage,Admis,1
6498,1292,328,2024-2025,15.46,Bien,Rattrapage,Admis,1
6499,1036,312,2021-2022,13.11,Assez Bien,Normale,Admis,1
6500,1307,304,2024-2025,13.6,Assez Bien,Normale,Admis,1
6501,1910,324,2022-2023,10.43,Passable,Normale,Admis,1
6502,1048,326,2020-2021,9.08,Insuffisant,Normale,Échec,0
6503,1938,350,2024-2025,15.42,Bien,Normale,Admis,1
6504,1077,328,2023-2024,13.11,Assez Bien,Rattrapage,Admis,1
6505,1049,359,2020-2021,14.65,Bien,Normale,Admis,1
6506,1698,344,2020-2021,14.74,Bien,Normale,Admis,1
6507,1354,303,2020-2021,13.9,Assez Bien,Normale,Admis,1
6508,1425,338,2021-2022,9.47,Insuffisant,Rattrapage,Échec,0
6509,1518,320,2024-2025,11.08,Passable,Normale,Admis,1
6510,1068,330,2023-2024,18.52,Très Bien,Normale,Admis,1
6511,1975,358,2021-2022,14.23,Bien,Normale,Admis,1
6512,1235,325,2021-2022,11.93,Passable,Normale,Admis,1
6513,1152,336,2021-2022,15.06,Bien,Normale,Admis,1
6514,1487,349,2021-2022,13.24,Assez Bien,Normale,Admis,1
6515,1149,348,2024-2025,8.09,Insuffisant,Normale,Échec,0
6516,1323,337,2023-2024,14.08,Bien,Normale,Admis,1
6517,1301,308,2020-2021,15.96,Bien,Normale,Admis,1
6518,1691,315,2020-2021,15.3,Bien,Normale,Admis,1
6519,1984,306,2021-2022,12.99,Assez Bien,Normale,Admis,1
6520,1355,359,2023-2024,14.88,Bien,Normale,Admis,1
6521,1087,356,2020-2021,12.04,Assez Bien,Normale,Admis,1
6522,2146,309,2021-2022,10.52,Passable,Normale,Admis,1
6523,2047,315,2023-2024,15.89,Bien,Normale,Admis,1
6524,1911,348,2022-2023,16.77,Très Bien,Normale,Admis,1
6525,1373,330,2020-2021,7.43,Insuffisant,Normale,Échec,0
6526,1647,319,2024-2025,14.38,Bien,Normale,Admis,1
6527,2147,321,2023-2024,19.16,Très Bien,Normale,Admis,1
6528,2109,335,2023-2024,13.21,Assez Bien,Normale,Admis,1
6529,1342,358,2024-2025,13.8,Assez Bien,Normale,Admis,1
6530,1298,304,2023-2024,7.47,Insuffisant,Normale,Échec,0
6531,1397,310,2021-2022,13.53,Assez Bien,Normale,Admis,1
6532,2062,354,2020-2021,4.87,Insuffisant,Normale,Échec,0
6533,1163,311,2023-2024,7.89,Insuffisant,Normale,Échec,0
6534,2182,336,2020-2021,11.58,Passable,Normale,Admis,1
6535,1597,317,2023-2024,10.19,Passable,Rattrapage,Admis,1
6536,1859,324,2024-2025,13.72,Assez Bien,Normale,Admis,1
6537,2188,321,2021-2022,10.97,Passable,Rattrapage,Admis,1
6538,1555,332,2023-2024,12.78,Assez Bien,Normale,Admis,1
6539,1027,355,2024-2025,15.78,Bien,Normale,Admis,1
6540,1854,353,2020-2021,8.49,Insuffisant,Normale,Échec,0
6541,1874,357,2022-2023,20.0,Très Bien,Normale,Admis,1
6542,1902,310,2022-2023,8.51,Insuffisant,Normale,Échec,0
6543,1702,312,2022-2023,12.15,Assez Bien,Normale,Admis,1
6544,1945,314,2023-2024,12.56,Assez Bien,Normale,Admis,1
6545,2127,330,2022-2023,14.96,Bien,Normale,Admis,1
6546,1962,332,2024-2025,13.55,Assez Bien,Normale,Admis,1
6547,2099,317,2020-2021,8.52,Insuffisant,Normale,Échec,0
6548,1905,301,2024-2025,12.52,Assez Bien,Normale,Admis,1
6549,1559,327,2022-2023,17.14,Très Bien,Normale,Admis,1
6550,1981,330,2023-2024,16.2,Très Bien,Normale,Admis,1
6551,1109,328,2020-2021,11.75,Passable,Normale,Admis,1
6552,1292,358,2024-2025,10.82,Passable,Normale,Admis,1
6553,2053,333,2024-2025,14.14,Bien,Normale,Admis,1
6554,1930,359,2021-2022,15.06,Bien,Normale,Admis,1
6555,2118,320,2021-2022,9.36,Insuffisant,Normale,Échec,0
6556,1817,334,2020-2021,14.47,Bien,Normale,Admis,1
6557,1280,333,2021-2022,16.93,Très Bien,Rattrapage,Admis,1
6558,1822,344,2020-2021,14.54,Bien,Normale,Admis,1
6559,1774,317,2020-2021,12.83,Assez Bien,Normale,Admis,1
6560,1897,302,2020-2021,15.29,Bien,Normale,Admis,1
6561,1700,313,2023-2024,9.43,Insuffisant,Normale,Échec,0
6562,1153,342,2024-2025,9.22,Insuffisant,Normale,Échec,0
6563,1869,303,2022-2023,13.37,Assez Bien,Normale,Admis,1
6564,1793,347,2023-2024,14.23,Bien,Normale,Admis,1
6565,2112,333,2020-2021,15.31,Bien,Normale,Admis,1
6566,1413,305,2023-2024,13.21,Assez Bien,Normale,Admis,1
6567,1775,320,2023-2024,10.65,Passable,Normale,Admis,1
6568,2183,354,2022-2023,10.76,Passable,Rattrapage,Admis,1
6569,1132,310,2023-2024,13.31,Assez Bien,Normale,Admis,1
6570,2194,334,2021-2022,14.36,Bien,Normale,Admis,1
6571,1253,357,2021-2022,6.56,Insuffisant,Normale,Échec,0
6572,1538,309,2024-2025,10.95,Passable,Normale,Admis,1
6573,1740,316,2022-2023,8.94,Insuffisant,Normale,Échec,0
6574,1554,306,2023-2024,11.8,Passable,Normale,Admis,1
6575,1037,306,2024-2025,5.7,Insuffisant,Rattrapage,Échec,0
6576,1176,340,2024-2025,14.67,Bien,Normale,Admis,1
6577,1536,336,2020-2021,14.27,Bien,Normale,Admis,1
6578,2070,329,2020-2021,10.65,Passable,Normale,Admis,1
6579,1243,331,2020-2021,17.5,Très Bien,Normale,Admis,1
6580,2054,350,2023-2024,5.48,Insuffisant,Normale,Échec,0
6581,1996,356,2020-2021,4.85,Insuffisant,Normale,Échec,0
6582,1752,311,2020-2021,8.05,Insuffisant,Normale,Échec,0
6583,1983,330,2020-2021,12.85,Assez Bien,Rattrapage,Admis,1
6584,1113,331,2022-2023,12.71,Assez Bien,Normale,Admis,1
6585,1120,319,2021-2022,10.83,Passable,Normale,Admis,1
6586,1461,328,2024-2025,13.32,Assez Bien,Normale,Admis,1
6587,2186,324,2023-2024,12.98,Assez Bien,Normale,Admis,1
6588,1777,329,2021-2022,11.68,Passable,Normale,Admis,1
6589,1602,327,2020-2021,12.13,Assez Bien,Normale,Admis,1
6590,1110,321,2020-2021,11.93,Passable,Normale,Admis,1
6591,1188,303,2024-2025,10.55,Passable,Normale,Admis,1
6592,1002,304,2023-2024,14.39,Bien,Normale,Admis,1
6593,1105,353,2020-2021,9.73,Insuffisant,Normale,Échec,0
6594,2017,336,2022-2023,15.05,Bien,Normale,Admis,1
6595,1058,347,2021-2022,14.08,Bien,Normale,Admis,1
6596,1025,324,2020-2021,4.16,Insuffisant,Normale,Échec,0
6597,1305,323,2022-2023,19.64,Très Bien,Normale,Admis,1
6598,2158,331,2021-2022,9.83,Insuffisant,Normale,Échec,0
6599,1471,346,2024-2025,14.56,Bien,Rattrapage,Admis,1
6600,1360,303,2020-2021,12.81,Assez Bien,Normale,Admis,1
6601,1025,344,2021-2022,18.19,Très Bien,Rattrapage,Admis,1
6602,1964,324,2024-2025,5.76,Insuffisant,Normale,Échec,0
6603,1970,318,2023-2024,14.77,Bien,Normale,Admis,1
6604,1684,341,2021-2022,16.54,Très Bien,Rattrapage,Admis,1
6605,1865,321,2024-2025,16.74,Très Bien,Normale,Admis,1
6606,1925,348,2022-2023,10.97,Passable,Normale,Admis,1
6607,1522,354,2021-2022,11.89,Passable,Normale,Admis,1
6608,1710,310,2023-2024,16.92,Très Bien,Rattrapage,Admis,1
6609,1529,343,2021-2022,20.0,Très Bien,Normale,Admis,1
6610,1116,319,2020-2021,15.54,Bien,Normale,Admis,1
6611,1829,319,2020-2021,13.15,Assez Bien,Rattrapage,Admis,1
6612,1716,350,2021-2022,10.21,Passable,Normale,Admis,1
6613,1903,319,2020-2021,15.97,Bien,Normale,Admis,1
6614,1751,306,2021-2022,16.99,Très Bien,Normale,Admis,1
6615,1489,330,2024-2025,13.42,Assez Bien,Rattrapage,Admis,1
6616,1471,356,2023-2024,16.6,Très Bien,Normale,Admis,1
6617,1868,351,2023-2024,10.44,Passable,Rattrapage,Admis,1
6618,2175,350,2024-2025,11.46,Passable,Rattrapage,Admis,1
6619,1917,325,2024-2025,15.0,Bien,Normale,Admis,1
6620,1236,348,2023-2024,16.33,Très Bien,Normale,Admis,1
6621,1010,354,2024-2025,9.2,Insuffisant,Normale,Échec,0
6622,1656,322,2023-2024,17.35,Très Bien,Normale,Admis,1
6623,1182,352,2023-2024,5.18,Insuffisant,Rattrapage,Échec,0
6624,1617,339,2020-2021,14.69,Bien,Normale,Admis,1
6625,1744,334,2022-2023,11.68,Passable,Normale,Admis,1
6626,1801,334,2024-2025,12.11,Assez Bien,Normale,Admis,1
6627,1162,318,2022-2023,13.0,Assez Bien,Normale,Admis,1
6628,1072,333,2020-2021,12.72,Assez Bien,Normale,Admis,1
6629,1434,353,2022-2023,15.3,Bien,Normale,Admis,1
6630,2031,326,2021-2022,13.33,Assez Bien,Normale,Admis,1
6631,1581,348,2020-2021,15.69,Bien,Normale,Admis,1
6632,1729,329,2022-2023,9.68,Insuffisant,Normale,Échec,0
6633,1544,322,2020-2021,14.5,Bien,Normale,Admis,1
6634,2157,340,2024-2025,20.0,Très Bien,Normale,Admis,1
6635,2143,328,2021-2022,12.96,Assez Bien,Normale,Admis,1
6636,1375,317,2022-2023,10.52,Passable,Normale,Admis,1
6637,1499,321,2021-2022,11.82,Passable,Rattrapage,Admis,1
6638,1904,348,2024-2025,8.14,Insuffisant,Normale,Échec,0
6639,1224,307,2020-2021,10.42,Passable,Normale,Admis,1
6640,1186,345,2020-2021,14.92,Bien,Rattrapage,Admis,1
6641,2062,324,2020-2021,14.53,Bien,Normale,Admis,1
6642,2095,317,2023-2024,15.2,Bien,Normale,Admis,1
6643,1869,358,2024-2025,12.09,Assez Bien,Normale,Admis,1
6644,2135,343,2022-2023,7.59,Insuffisant,Normale,Échec,0
6645,1456,353,2021-2022,5.97,Insuffisant,Normale,Échec,0
6646,1157,316,2022-2023,18.71,Très Bien,Normale,Admis,1
6647,2182,327,2020-2021,16.06,Très Bien,Normale,Admis,1
6648,2025,343,2021-2022,12.05,Assez Bien,Normale,Admis,1
6649,1108,353,2023-2024,16.3,Très Bien,Rattrapage,Admis,1
6650,1407,342,2022-2023,11.45,Passable,Rattrapage,Admis,1
6651,2090,301,2020-2021,14.42,Bien,Normale,Admis,1
6652,1320,310,2023-2024,12.67,Assez Bien,Normale,Admis,1
6653,1543,310,2022-2023,11.17,Passable,Normale,Admis,1
6654,2015,343,2021-2022,13.42,Assez Bien,Normale,Admis,1
6655,1018,322,2022-2023,9.62,Insuffisant,Normale,Échec,0
6656,1608,335,2021-2022,16.96,Très Bien,Normale,Admis,1
6657,2177,334,2023-2024,16.08,Très Bien,Rattrapage,Admis,1
6658,2123,356,2020-2021,11.77,Passable,Normale,Admis,1
6659,1289,305,2022-2023,15.66,Bien,Normale,Admis,1
6660,1964,344,2022-2023,10.06,Passable,Normale,Admis,1
6661,2106,318,2023-2024,12.94,Assez Bien,Normale,Admis,1
6662,1625,325,2020-2021,19.62,Très Bien,Normale,Admis,1
6663,1604,312,2024-2025,19.71,Très Bien,Normale,Admis,1
6664,1508,360,2023-2024,12.68,Assez Bien,Normale,Admis,1
6665,1213,331,2024-2025,13.37,Assez Bien,Normale,Admis,1
6666,1517,344,2023-2024,8.88,Insuffisant,Normale,Échec,0
6667,1370,306,2022-2023,19.78,Très Bien,Normale,Admis,1
6668,1881,306,2023-2024,7.91,Insuffisant,Normale,Échec,0
6669,1376,332,2022-2023,9.8,Insuffisant,Rattrapage,Échec,0
6670,2097,304,2022-2023,11.61,Passable,Normale,Admis,1
6671,1705,352,2021-2022,10.79,Passable,Normale,Admis,1
6672,1371,328,2023-2024,13.88,Assez Bien,Normale,Admis,1
6673,1877,340,2024-2025,10.59,Passable,Rattrapage,Admis,1
6674,2062,342,2024-2025,11.83,Passable,Rattrapage,Admis,1
6675,1932,338,2024-2025,16.28,Très Bien,Normale,Admis,1
6676,2075,330,2023-2024,11.52,Passable,Normale,Admis,1
6677,1678,319,2022-2023,13.05,Assez Bien,Normale,Admis,1
6678,1675,333,2022-2023,18.37,Très Bien,Normale,Admis,1
6679,1926,349,2022-2023,15.16,Bien,Normale,Admis,1
6680,1142,316,2022-2023,14.96,Bien,Normale,Admis,1
6681,1009,308,2024-2025,10.18,Passable,Normale,Admis,1
6682,1279,347,2024-2025,9.76,Insuffisant,Normale,Échec,0
6683,1437,327,2020-2021,14.7,Bien,Normale,Admis,1
6684,1673,339,2023-2024,13.77,Assez Bien,Normale,Admis,1
6685,1373,345,2023-2024,9.59,Insuffisant,Normale,Échec,0
6686,1682,343,2020-2021,10.22,Passable,Normale,Admis,1
6687,2191,314,2022-2023,8.33,Insuffisant,Normale,Échec,0
6688,1772,358,2021-2022,14.31,Bien,Rattrapage,Admis,1
6689,2057,339,2020-2021,11.35,Passable,Normale,Admis,1
6690,1228,310,2022-2023,10.71,Passable,Normale,Admis,1
6691,2082,319,2022-2023,18.92,Très Bien,Normale,Admis,1
6692,1981,339,2021-2022,4.01,Insuffisant,Normale,Échec,0
6693,1865,347,2022-2023,15.85,Bien,Rattrapage,Admis,1
6694,1834,308,2020-2021,7.72,Insuffisant,Normale,Échec,0
6695,1738,327,2024-2025,16.13,Très Bien,Rattrapage,Admis,1
6696,1824,309,2021-2022,9.06,Insuffisant,Rattrapage,Échec,0
6697,1492,356,2020-2021,10.02,Passable,Rattrapage,Admis,1
6698,1954,302,2023-2024,8.98,Insuffisant,Normale,Échec,0
6699,1687,340,2022-2023,16.89,Très Bien,Normale,Admis,1
6700,2062,302,2022-2023,7.64,Insuffisant,Rattrapage,Échec,0
6701,1476,307,2023-2024,11.65,Passable,Normale,Admis,1
6702,1072,309,2021-2022,20.0,Très Bien,Rattrapage,Admis,1
6703,1921,341,2022-2023,18.45,Très Bien,Normale,Admis,1
6704,1495,316,2020-2021,6.14,Insuffisant,Normale,Échec,0
6705,1437,354,2023-2024,7.79,Insuffisant,Normale,Échec,0
6706,1361,352,2023-2024,16.88,Très Bien,Rattrapage,Admis,1
6707,1139,335,2023-2024,14.06,Bien,Normale,Admis,1
6708,1332,319,2022-2023,12.96,Assez Bien,Normale,Admis,1
6709,1936,356,2022-2023,11.61,Passable,Normale,Admis,1
6710,1857,313,2020-2021,17.22,Très Bien,Normale,Admis,1
6711,1216,309,2020-2021,11.99,Passable,Normale,Admis,1
6712,1430,335,2020-2021,12.34,Assez Bien,Normale,Admis,1
6713,2007,335,2021-2022,14.82,Bien,Normale,Admis,1
6714,2142,358,2023-2024,15.52,Bien,Rattrapage,Admis,1
6715,2106,349,2020-2021,11.15,Passable,Rattrapage,Admis,1
6716,1810,327,2020-2021,11.21,Passable,Normale,Admis,1
6717,1654,345,2022-2023,18.22,Très Bien,Normale,Admis,1
6718,1711,340,2024-2025,13.87,Assez Bien,Normale,Admis,1
6719,1679,333,2023-2024,6.34,Insuffisant,Rattrapage,Échec,0
6720,1772,315,2022-2023,10.17,Passable,Normale,Admis,1
6721,1887,321,2022-2023,14.4,Bien,Normale,Admis,1
6722,1164,334,2020-2021,10.66,Passable,Rattrapage,Admis,1
6723,1339,341,2024-2025,4.72,Insuffisant,Normale,Échec,0
6724,2070,312,2022-2023,11.84,Passable,Normale,Admis,1
6725,1286,305,2021-2022,7.36,Insuffisant,Normale,Échec,0
6726,2072,346,2024-2025,12.41,Assez Bien,Normale,Admis,1
6727,1781,328,2024-2025,14.12,Bien,Normale,Admis,1
6728,1085,359,2022-2023,11.63,Passable,Normale,Admis,1
6729,1559,325,2024-2025,15.05,Bien,Rattrapage,Admis,1
6730,2078,349,2022-2023,16.02,Très Bien,Normale,Admis,1
6731,1360,335,2024-2025,20.0,Très Bien,Normale,Admis,1
6732,1321,345,2024-2025,12.61,Assez Bien,Normale,Admis,1
6733,1587,329,2020-2021,8.69,Insuffisant,Rattrapage,Échec,0
6734,1673,310,2020-2021,20.0,Très Bien,Normale,Admis,1
6735,1497,306,2021-2022,11.65,Passable,Normale,Admis,1
6736,1344,353,2024-2025,11.86,Passable,Rattrapage,Admis,1
6737,2107,336,2023-2024,14.75,Bien,Rattrapage,Admis,1
6738,1187,351,2021-2022,13.05,Assez Bien,Normale,Admis,1
6739,1430,348,2021-2022,7.98,Insuffisant,Rattrapage,Échec,0
6740,1035,314,2023-2024,17.8,Très Bien,Normale,Admis,1
6741,1782,334,2023-2024,11.26,Passable,Normale,Admis,1
6742,1601,309,2023-2024,10.6,Passable,Normale,Admis,1
6743,1985,335,2023-2024,6.86,Insuffisant,Normale,Échec,0
6744,1279,328,2024-2025,13.25,Assez Bien,Normale,Admis,1
6745,1693,312,2023-2024,9.29,Insuffisant,Normale,Échec,0
6746,1295,334,2023-2024,16.86,Très Bien,Normale,Admis,1
6747,1776,302,2021-2022,11.31,Passable,Normale,Admis,1
6748,1307,301,2024-2025,9.35,Insuffisant,Normale,Échec,0
6749,1990,329,2024-2025,13.34,Assez Bien,Normale,Admis,1
6750,1464,354,2022-2023,7.75,Insuffisant,Normale,Échec,0
6751,1897,306,2020-2021,9.13,Insuffisant,Normale,Échec,0
6752,1833,312,2024-2025,8.4,Insuffisant,Normale,Échec,0
6753,1467,353,2021-2022,9.82,Insuffisant,Rattrapage,Échec,0
6754,1545,341,2022-2023,16.55,Très Bien,Normale,Admis,1
6755,1755,331,2021-2022,9.53,Insuffisant,Normale,Échec,0
6756,1701,358,2023-2024,11.79,Passable,Normale,Admis,1
6757,1356,313,2021-2022,8.82,Insuffisant,Normale,Échec,0
6758,1928,332,2020-2021,11.24,Passable,Normale,Admis,1
6759,1115,317,2022-2023,8.77,Insuffisant,Normale,Échec,0
6760,1437,322,2024-2025,14.12,Bien,Normale,Admis,1
6761,1731,346,2024-2025,11.64,Passable,Normale,Admis,1
6762,1963,314,2020-2021,11.65,Passable,Normale,Admis,1
6763,1258,350,2023-2024,12.69,Assez Bien,Normale,Admis,1
6764,1452,348,2021-2022,16.84,Très Bien,Normale,Admis,1
6765,1349,336,2022-2023,10.54,Passable,Normale,Admis,1
6766,1918,360,2020-2021,10.91,Passable,Normale,Admis,1
6767,1640,346,2021-2022,17.81,Très Bien,Rattrapage,Admis,1
6768,1522,303,2021-2022,12.36,Assez Bien,Normale,Admis,1
6769,1679,322,2022-2023,14.87,Bien,Normale,Admis,1
6770,1595,359,2023-2024,13.37,Assez Bien,Normale,Admis,1
6771,2068,339,2021-2022,5.33,Insuffisant,Normale,Échec,0
6772,2186,351,2023-2024,11.36,Passable,Normale,Admis,1
6773,1939,342,2020-2021,10.97,Passable,Normale,Admis,1
6774,1601,307,2020-2021,11.57,Passable,Normale,Admis,1
6775,1852,331,2024-2025,17.67,Très Bien,Normale,Admis,1
6776,2101,355,2020-2021,15.78,Bien,Rattrapage,Admis,1
6777,1737,351,2024-2025,8.93,Insuffisant,Normale,Échec,0
6778,1863,341,2022-2023,14.35,Bien,Rattrapage,Admis,1
6779,1819,356,2023-2024,8.04,Insuffisant,Normale,Échec,0
6780,1477,334,2023-2024,17.53,Très Bien,Normale,Admis,1
6781,1704,325,2024-2025,12.0,Assez Bien,Rattrapage,Admis,1
6782,1021,320,2022-2023,13.95,Assez Bien,Normale,Admis,1
6783,2055,343,2022-2023,15.34,Bien,Normale,Admis,1
6784,1884,332,2021-2022,7.26,Insuffisant,Normale,Échec,0
6785,1425,312,2021-2022,11.99,Passable,Normale,Admis,1
6786,1145,345,2021-2022,17.61,Très Bien,Rattrapage,Admis,1
6787,1581,335,2024-2025,8.23,Insuffisant,Normale,Échec,0
6788,1677,323,2024-2025,11.35,Passable,Normale,Admis,1
6789,1953,359,2023-2024,7.87,Insuffisant,Rattrapage,Échec,0
6790,1060,301,2023-2024,8.69,Insuffisant,Normale,Échec,0
6791,1332,316,2024-2025,11.98,Passable,Rattrapage,Admis,1
6792,1537,321,2024-2025,12.53,Assez Bien,Normale,Admis,1
6793,1572,311,2023-2024,13.7,Assez Bien,Normale,Admis,1
6794,1563,303,2023-2024,14.46,Bien,Normale,Admis,1
6795,1845,302,2024-2025,14.82,Bien,Normale,Admis,1
6796,1662,314,2020-2021,15.2,Bien,Rattrapage,Admis,1
6797,1175,309,2020-2021,18.26,Très Bien,Rattrapage,Admis,1
6798,1462,356,2021-2022,5.8,Insuffisant,Normale,Échec,0
6799,2180,333,2020-2021,10.35,Passable,Normale,Admis,1
6800,1241,316,2024-2025,17.5,Très Bien,Normale,Admis,1
6801,2022,306,2023-2024,6.45,Insuffisant,Normale,Échec,0
6802,1295,335,2021-2022,11.05,Passable,Normale,Admis,1
6803,1508,323,2023-2024,20.0,Très Bien,Normale,Admis,1
6804,2126,340,2020-2021,17.2,Très Bien,Rattrapage,Admis,1
6805,1657,358,2024-2025,7.66,Insuffisant,Rattrapage,Échec,0
6806,1156,303,2024-2025,14.15,Bien,Normale,Admis,1
6807,1035,308,2022-2023,15.23,Bien,Normale,Admis,1
6808,1448,314,2023-2024,17.39,Très Bien,Normale,Admis,1
6809,1574,354,2021-2022,18.15,Très Bien,Normale,Admis,1
6810,1668,326,2023-2024,16.11,Très Bien,Normale,Admis,1
6811,1044,309,2023-2024,7.89,Insuffisant,Normale,Échec,0
6812,2006,311,2024-2025,13.86,Assez Bien,Normale,Admis,1
6813,1944,305,2022-2023,16.46,Très Bien,Normale,Admis,1
6814,1781,324,2024-2025,11.51,Passable,Normale,Admis,1
6815,1884,343,2024-2025,7.51,Insuffisant,Normale,Échec,0
6816,1754,330,2024-2025,10.11,Passable,Normale,Admis,1
6817,1606,323,2023-2024,8.87,Insuffisant,Normale,Échec,0
6818,1698,337,2022-2023,11.69,Passable,Normale,Admis,1
6819,2168,324,2022-2023,10.12,Passable,Normale,Admis,1
6820,1053,358,2022-2023,8.89,Insuffisant,Rattrapage,Échec,0
6821,1664,358,2021-2022,13.88,Assez Bien,Normale,Admis,1
6822,1793,309,2024-2025,11.01,Passable,Normale,Admis,1
6823,1170,329,2020-2021,16.4,Très Bien,Normale,Admis,1
6824,1616,333,2022-2023,15.66,Bien,Normale,Admis,1
6825,1587,358,2020-2021,10.93,Passable,Normale,Admis,1
6826,2146,315,2024-2025,11.36,Passable,Normale,Admis,1
6827,1707,311,2022-2023,13.89,Assez Bien,Normale,Admis,1
6828,1269,348,2022-2023,10.64,Passable,Normale,Admis,1
6829,1294,352,2020-2021,11.28,Passable,Rattrapage,Admis,1
6830,1929,358,2024-2025,10.49,Passable,Normale,Admis,1
6831,2026,311,2020-2021,16.92,Très Bien,Rattrapage,Admis,1
6832,1808,342,2022-2023,14.25,Bien,Normale,Admis,1
6833,1198,356,2020-2021,16.97,Très Bien,Normale,Admis,1
6834,1379,306,2022-2023,11.92,Passable,Normale,Admis,1
6835,1767,332,2022-2023,17.4,Très Bien,Normale,Admis,1
6836,1606,321,2021-2022,15.87,Bien,Rattrapage,Admis,1
6837,1123,352,2021-2022,10.56,Passable,Normale,Admis,1
6838,1083,351,2021-2022,15.87,Bien,Normale,Admis,1
6839,1970,341,2023-2024,12.68,Assez Bien,Normale,Admis,1
6840,1537,330,2021-2022,13.56,Assez Bien,Normale,Admis,1
6841,1053,333,2024-2025,14.47,Bien,Normale,Admis,1
6842,1290,320,2020-2021,15.31,Bien,Normale,Admis,1
6843,1387,353,2022-2023,8.22,Insuffisant,Normale,Échec,0
6844,1496,312,2020-2021,10.42,Passable,Normale,Admis,1
6845,1346,348,2022-2023,12.84,Assez Bien,Normale,Admis,1
6846,1586,301,2021-2022,11.46,Passable,Normale,Admis,1
6847,2194,313,2023-2024,13.18,Assez Bien,Normale,Admis,1
6848,1479,319,2020-2021,14.45,Bien,Rattrapage,Admis,1
6849,2180,317,2020-2021,7.28,Insuffisant,Normale,Échec,0
6850,1361,352,2020-2021,10.91,Passable,Normale,Admis,1
6851,2130,358,2020-2021,7.35,Insuffisant,Normale,Échec,0
6852,1741,346,2021-2022,10.87,Passable,Rattrapage,Admis,1
6853,1725,331,2024-2025,11.11,Passable,Normale,Admis,1
6854,1650,338,2024-2025,9.95,Insuffisant,Normale,Échec,0
6855,1126,346,2020-2021,13.67,Assez Bien,Normale,Admis,1
6856,1579,360,2023-2024,9.29,Insuffisant,Normale,Échec,0
6857,1518,306,2021-2022,10.98,Passable,Normale,Admis,1
6858,1485,358,2021-2022,10.17,Passable,Normale,Admis,1
6859,1666,320,2023-2024,12.34,Assez Bien,Rattrapage,Admis,1
6860,1017,306,2024-2025,7.95,Insuffisant,Normale,Échec,0
6861,1179,351,2020-2021,12.25,Assez Bien,Normale,Admis,1
6862,1418,352,2022-2023,11.62,Passable,Normale,Admis,1
6863,1478,317,2024-2025,9.23,Insuffisant,Rattrapage,Échec,0
6864,1752,331,2020-2021,10.28,Passable,Normale,Admis,1
6865,1414,314,2024-2025,4.09,Insuffisant,Normale,Échec,0
6866,1886,345,2021-2022,16.66,Très Bien,Normale,Admis,1
6867,1946,328,2024-2025,10.5,Passable,Normale,Admis,1
6868,1852,306,2021-2022,13.42,Assez Bien,Normale,Admis,1
6869,2011,316,2022-2023,15.54,Bien,Normale,Admis,1
6870,1264,308,2020-2021,16.71,Très Bien,Normale,Admis,1
6871,1309,302,2021-2022,11.57,Passable,Normale,Admis,1
6872,1177,357,2021-2022,9.22,Insuffisant,Normale,Échec,0
6873,2030,306,2021-2022,7.94,Insuffisant,Normale,Échec,0
6874,1081,306,2022-2023,12.94,Assez Bien,Normale,Admis,1
6875,1626,336,2020-2021,14.67,Bien,Normale,Admis,1
6876,1334,340,2024-2025,12.2,Assez Bien,Normale,Admis,1
6877,1104,336,2024-2025,10.41,Passable,Normale,Admis,1
6878,2082,346,2020-2021,9.84,Insuffisant,Rattrapage,Échec,0
6879,2185,325,2023-2024,9.59,Insuffisant,Normale,Échec,0
6880,1619,352,2022-2023,6.65,Insuffisant,Normale,Échec,0
6881,1324,313,2020-2021,16.0,Très Bien,Normale,Admis,1
6882,2173,307,2024-2025,13.55,Assez Bien,Normale,Admis,1
6883,1074,333,2021-2022,4.5,Insuffisant,Normale,Échec,0
6884,1144,343,2021-2022,12.93,Assez Bien,Rattrapage,Admis,1
6885,1394,321,2023-2024,14.66,Bien,Normale,Admis,1
6886,2151,347,2021-2022,9.29,Insuffisant,Normale,Échec,0
6887,1193,329,2021-2022,9.52,Insuffisant,Rattrapage,Échec,0
6888,1479,349,2023-2024,3.37,Insuffisant,Normale,Échec,0
6889,1817,332,2020-2021,12.21,Assez Bien,Normale,Admis,1
6890,1616,360,2020-2021,10.01,Passable,Normale,Admis,1
6891,1992,306,2020-2021,15.15,Bien,Normale,Admis,1
6892,1446,345,2024-2025,10.76,Passable,Normale,Admis,1
6893,2154,306,2024-2025,8.18,Insuffisant,Normale,Échec,0
6894,1236,357,2024-2025,8.62,Insuffisant,Normale,Échec,0
6895,1982,319,2020-2021,11.26,Passable,Normale,Admis,1
6896,1658,353,2020-2021,10.6,Passable,Normale,Admis,1
6897,1230,316,2021-2022,13.54,Assez Bien,Normale,Admis,1
6898,1326,302,2021-2022,15.31,Bien,Normale,Admis,1
6899,1558,352,2022-2023,11.56,Passable,Rattrapage,Admis,1
6900,1754,328,2020-2021,14.24,Bien,Normale,Admis,1
6901,2010,305,2022-2023,20.0,Très Bien,Normale,Admis,1
6902,2064,331,2023-2024,14.78,Bien,Rattrapage,Admis,1
6903,1707,304,2023-2024,10.19,Passable,Normale,Admis,1
6904,1930,323,2021-2022,12.99,Assez Bien,Normale,Admis,1
6905,1734,346,2023-2024,14.88,Bien,Normale,Admis,1
6906,1312,315,2020-2021,10.32,Passable,Normale,Admis,1
6907,1773,349,2021-2022,13.07,Assez Bien,Rattrapage,Admis,1
6908,1241,326,2020-2021,14.81,Bien,Rattrapage,Admis,1
6909,1402,343,2023-2024,12.1,Assez Bien,Normale,Admis,1
6910,2032,347,2020-2021,19.71,Très Bien,Normale,Admis,1
6911,1191,342,2020-2021,5.38,Insuffisant,Normale,Échec,0
6912,1647,350,2023-2024,13.89,Assez Bien,Rattrapage,Admis,1
6913,1064,313,2024-2025,11.75,Passable,Rattrapage,Admis,1
6914,1777,356,2021-2022,16.35,Très Bien,Normale,Admis,1
6915,1124,328,2023-2024,16.24,Très Bien,Rattrapage,Admis,1
6916,1946,302,2020-2021,15.17,Bien,Normale,Admis,1
6917,1708,339,2024-2025,9.4,Insuffisant,Rattrapage,Échec,0
6918,1576,326,2024-2025,17.22,Très Bien,Normale,Admis,1
6919,1813,326,2024-2025,13.6,Assez Bien,Normale,Admis,1
6920,1503,356,2021-2022,13.24,Assez Bien,Normale,Admis,1
6921,1508,314,2023-2024,19.22,Très Bien,Rattrapage,Admis,1
6922,1122,302,2023-2024,13.84,Assez Bien,Normale,Admis,1
6923,1222,348,2022-2023,11.1,Passable,Normale,Admis,1
6924,2071,353,2020-2021,9.43,Insuffisant,Normale,Échec,0
6925,1055,338,2023-2024,10.53,Passable,Normale,Admis,1
6926,1135,318,2020-2021,13.16,Assez Bien,Rattrapage,Admis,1
6927,2146,327,2021-2022,11.91,Passable,Normale,Admis,1
6928,1512,312,2021-2022,4.59,Insuffisant,Normale,Échec,0
6929,1611,314,2020-2021,13.36,Assez Bien,Normale,Admis,1
6930,1832,322,2024-2025,14.0,Bien,Normale,Admis,1
6931,2006,319,2022-2023,13.65,Assez Bien,Normale,Admis,1
6932,2110,345,2024-2025,8.29,Insuffisant,Rattrapage,Échec,0
6933,2131,313,2024-2025,20.0,Très Bien,Normale,Admis,1
6934,1351,316,2023-2024,12.67,Assez Bien,Normale,Admis,1
6935,1687,339,2020-2021,14.47,Bien,Normale,Admis,1
6936,2184,332,2021-2022,12.1,Assez Bien,Normale,Admis,1
6937,1292,334,2022-2023,8.38,Insuffisant,Normale,Échec,0
6938,2110,354,2021-2022,12.43,Assez Bien,Normale,Admis,1
6939,1766,336,2022-2023,9.97,Insuffisant,Normale,Échec,0
6940,1562,323,2022-2023,11.2,Passable,Rattrapage,Admis,1
6941,1231,314,2024-2025,13.77,Assez Bien,Normale,Admis,1
6942,1235,358,2024-2025,11.28,Passable,Normale,Admis,1
6943,1862,351,2020-2021,11.89,Passable,Normale,Admis,1
6944,1440,359,2022-2023,11.54,Passable,Normale,Admis,1
6945,2064,356,2021-2022,11.85,Passable,Normale,Admis,1
6946,1482,328,2023-2024,14.57,Bien,Normale,Admis,1
6947,2112,336,2021-2022,16.7,Très Bien,Rattrapage,Admis,1
6948,2122,346,2023-2024,15.82,Bien,Normale,Admis,1
6949,1401,326,2024-2025,7.21,Insuffisant,Normale,Échec,0
6950,1395,310,2021-2022,11.71,Passable,Rattrapage,Admis,1
6951,2090,302,2020-2021,14.68,Bien,Normale,Admis,1
6952,1529,345,2021-2022,14.63,Bien,Normale,Admis,1
6953,1843,317,2023-2024,14.9,Bien,Normale,Admis,1
6954,1746,334,2022-2023,16.13,Très Bien,Normale,Admis,1
6955,1847,327,2022-2023,17.25,Très Bien,Normale,Admis,1
6956,2060,328,2023-2024,9.91,Insuffisant,Normale,Échec,0
6957,1545,307,2023-2024,13.8,Assez Bien,Normale,Admis,1
6958,1473,332,2020-2021,8.05,Insuffisant,Rattrapage,Échec,0
6959,1267,303,2023-2024,20.0,Très Bien,Normale,Admis,1
6960,1467,307,2023-2024,13.73,Assez Bien,Normale,Admis,1
6961,1682,323,2021-2022,14.17,Bien,Normale,Admis,1
6962,2178,329,2023-2024,13.8,Assez Bien,Normale,Admis,1
6963,1819,303,2020-2021,10.19,Passable,Normale,Admis,1
6964,1533,323,2024-2025,7.45,Insuffisant,Normale,Échec,0
6965,1619,301,2024-2025,11.62,Passable,Normale,Admis,1
6966,1212,308,2022-2023,14.83,Bien,Normale,Admis,1
6967,1519,352,2020-2021,16.66,Très Bien,Normale,Admis,1
6968,1758,329,2021-2022,15.1,Bien,Normale,Admis,1
6969,2115,308,2022-2023,15.32,Bien,Normale,Admis,1
6970,1439,345,2023-2024,15.12,Bien,Normale,Admis,1
6971,1141,305,2023-2024,10.0,Passable,Normale,Admis,1
6972,2104,325,2020-2021,11.18,Passable,Normale,Admis,1
6973,1209,320,2023-2024,7.79,Insuffisant,Normale,Échec,0
6974,1064,356,2021-2022,10.45,Passable,Normale,Admis,1
6975,1769,305,2020-2021,10.13,Passable,Rattrapage,Admis,1
6976,2058,339,2021-2022,12.79,Assez Bien,Normale,Admis,1
6977,1819,348,2020-2021,7.13,Insuffisant,Normale,Échec,0
6978,1682,322,2022-2023,15.7,Bien,Normale,Admis,1
6979,1553,325,2022-2023,13.02,Assez Bien,Rattrapage,Admis,1
6980,1529,312,2023-2024,12.3,Assez Bien,Normale,Admis,1
6981,2026,316,2023-2024,16.12,Très Bien,Normale,Admis,1
6982,2038,349,2022-2023,15.36,Bien,Rattrapage,Admis,1
6983,1475,332,2023-2024,13.42,Assez Bien,Normale,Admis,1
6984,1184,318,2020-2021,11.9,Passable,Normale,Admis,1
6985,1407,319,2022-2023,14.81,Bien,Normale,Admis,1
6986,1645,318,2022-2023,16.28,Très Bien,Rattrapage,Admis,1
6987,2161,323,2023-2024,3.66,Insuffisant,Rattrapage,Échec,0
6988,1869,302,2020-2021,9.07,Insuffisant,Normale,Échec,0
6989,1473,301,2020-2021,13.5,Assez Bien,Normale,Admis,1
6990,1190,339,2023-2024,14.7,Bien,Normale,Admis,1
6991,1282,310,2023-2024,12.99,Assez Bien,Normale,Admis,1
6992,1307,315,2024-2025,14.23,Bien,Rattrapage,Admis,1
6993,1771,352,2024-2025,8.21,Insuffisant,Normale,Échec,0
6994,1966,359,2022-2023,12.71,Assez Bien,Rattrapage,Admis,1
6995,1258,345,2020-2021,5.58,Insuffisant,Normale,Échec,0
6996,1912,348,2021-2022,7.04,Insuffisant,Normale,Échec,0
6997,1800,352,2024-2025,8.69,Insuffisant,Normale,Échec,0
6998,1475,335,2022-2023,5.99,Insuffisant,Normale,Échec,0
6999,1114,338,2022-2023,12.29,Assez Bien,Normale,Admis,1
7000,1924,302,2024-2025,14.36,Bien,Normale,Admis,1
7001,1397,317,2020-2021,12.78,Assez Bien,Rattrapage,Admis,1
7002,2175,306,2023-2024,11.79,Passable,Normale,Admis,1
7003,1739,303,2024-2025,14.95,Bien,Rattrapage,Admis,1
7004,1233,305,2021-2022,5.31,Insuffisant,Normale,Échec,0
7005,1844,352,2022-2023,10.3,Passable,Normale,Admis,1
7006,1040,316,2022-2023,17.67,Très Bien,Normale,Admis,1
7007,2081,341,2022-2023,14.94,Bien,Normale,Admis,1
7008,2151,318,2021-2022,9.66,Insuffisant,Normale,Échec,0
7009,1971,353,2023-2024,9.52,Insuffisant,Normale,Échec,0
7010,1070,301,2023-2024,10.63,Passable,Normale,Admis,1
7011,1354,352,2023-2024,14.12,Bien,Normale,Admis,1
7012,2169,322,2024-2025,14.45,Bien,Normale,Admis,1
7013,1687,357,2020-2021,13.4,Assez Bien,Normale,Admis,1
7014,1625,352,2021-2022,10.85,Passable,Normale,Admis,1
7015,1728,317,2022-2023,12.99,Assez Bien,Normale,Admis,1
7016,1793,328,2024-2025,9.78,Insuffisant,Normale,Échec,0
7017,1675,319,2021-2022,16.15,Très Bien,Normale,Admis,1
7018,1174,348,2023-2024,1.11,Insuffisant,Normale,Échec,0
7019,1725,355,2023-2024,5.53,Insuffisant,Normale,Échec,0
7020,1268,331,2022-2023,11.15,Passable,Rattrapage,Admis,1
7021,1346,333,2020-2021,9.51,Insuffisant,Normale,Échec,0
7022,1025,308,2023-2024,10.07,Passable,Normale,Admis,1
7023,1137,342,2023-2024,10.94,Passable,Normale,Admis,1
7024,1420,318,2022-2023,6.82,Insuffisant,Normale,Échec,0
7025,1945,338,2022-2023,12.37,Assez Bien,Normale,Admis,1
7026,1654,338,2021-2022,10.5,Passable,Normale,Admis,1
7027,1480,321,2020-2021,12.61,Assez Bien,Normale,Admis,1
7028,1839,346,2021-2022,6.32,Insuffisant,Normale,Échec,0
7029,2129,315,2021-2022,11.68,Passable,Normale,Admis,1
7030,1866,318,2024-2025,5.39,Insuffisant,Normale,Échec,0
7031,1997,346,2020-2021,8.77,Insuffisant,Normale,Échec,0
7032,1095,304,2020-2021,18.03,Très Bien,Normale,Admis,1
7033,1912,301,2023-2024,4.43,Insuffisant,Normale,Échec,0
7034,2140,307,2021-2022,17.65,Très Bien,Normale,Admis,1
7035,1582,341,2022-2023,9.54,Insuffisant,Normale,Échec,0
7036,1919,326,2020-2021,11.76,Passable,Normale,Admis,1
7037,1491,303,2022-2023,9.31,Insuffisant,Rattrapage,Échec,0
7038,2160,320,2024-2025,13.64,Assez Bien,Rattrapage,Admis,1
7039,1578,306,2022-2023,12.36,Assez Bien,Rattrapage,Admis,1
7040,1356,341,2021-2022,4.15,Insuffisant,Normale,Échec,0
7041,1642,346,2022-2023,7.55,Insuffisant,Normale,Échec,0
7042,1307,351,2024-2025,8.78,Insuffisant,Normale,Échec,0
7043,1414,341,2021-2022,9.83,Insuffisant,Normale,Échec,0
7044,1990,311,2024-2025,13.87,Assez Bien,Normale,Admis,1
7045,1967,346,2022-2023,12.16,Assez Bien,Normale,Admis,1
7046,1831,343,2023-2024,15.66,Bien,Normale,Admis,1
7047,2176,336,2020-2021,11.5,Passable,Rattrapage,Admis,1
7048,1427,304,2021-2022,11.43,Passable,Normale,Admis,1
7049,1850,357,2022-2023,15.9,Bien,Normale,Admis,1
7050,1775,318,2023-2024,11.34,Passable,Normale,Admis,1
7051,1968,307,2020-2021,11.24,Passable,Normale,Admis,1
7052,1700,334,2024-2025,13.48,Assez Bien,Normale,Admis,1
7053,1267,357,2020-2021,13.04,Assez Bien,Normale,Admis,1
7054,2075,356,2023-2024,13.73,Assez Bien,Normale,Admis,1
7055,1077,344,2024-2025,10.21,Passable,Rattrapage,Admis,1
7056,1569,305,2020-2021,11.35,Passable,Normale,Admis,1
7057,1999,347,2024-2025,13.48,Assez Bien,Normale,Admis,1
7058,1248,308,2023-2024,13.27,Assez Bien,Rattrapage,Admis,1
7059,1245,305,2022-2023,12.36,Assez Bien,Rattrapage,Admis,1
7060,1822,317,2022-2023,9.78,Insuffisant,Normale,Échec,0
7061,1782,346,2020-2021,8.43,Insuffisant,Rattrapage,Échec,0
7062,1212,338,2024-2025,13.5,Assez Bien,Normale,Admis,1
7063,1494,304,2024-2025,15.91,Bien,Normale,Admis,1
7064,1937,324,2022-2023,9.26,Insuffisant,Normale,Échec,0
7065,1354,347,2022-2023,8.88,Insuffisant,Rattrapage,Échec,0
7066,2003,314,2024-2025,12.35,Assez Bien,Normale,Admis,1
7067,2120,355,2022-2023,12.94,Assez Bien,Normale,Admis,1
7068,1379,316,2023-2024,8.06,Insuffisant,Normale,Échec,0
7069,1989,319,2024-2025,8.41,Insuffisant,Normale,Échec,0
7070,2015,330,2020-2021,14.18,Bien,Normale,Admis,1
7071,1116,331,2024-2025,8.32,Insuffisant,Normale,Échec,0
7072,2148,357,2020-2021,16.4,Très Bien,Normale,Admis,1
7073,1302,322,2021-2022,13.54,Assez Bien,Normale,Admis,1
7074,1354,322,2020-2021,9.26,Insuffisant,Normale,Échec,0
7075,1322,306,2024-2025,13.13,Assez Bien,Rattrapage,Admis,1
7076,1064,336,2021-2022,10.15,Passable,Normale,Admis,1
7077,1340,326,2023-2024,18.37,Très Bien,Normale,Admis,1
7078,2171,338,2020-2021,15.78,Bien,Normale,Admis,1
7079,1838,343,2023-2024,12.97,Assez Bien,Normale,Admis,1
7080,1844,347,2020-2021,12.98,Assez Bien,Normale,Admis,1
7081,1304,335,2023-2024,10.61,Passable,Rattrapage,Admis,1
7082,1739,359,2021-2022,14.65,Bien,Normale,Admis,1
7083,2125,314,2024-2025,6.0,Insuffisant,Normale,Échec,0
7084,1740,330,2020-2021,14.67,Bien,Rattrapage,Admis,1
7085,1840,320,2023-2024,11.94,Passable,Normale,Admis,1
7086,2085,309,2020-2021,12.08,Assez Bien,Normale,Admis,1
7087,1003,354,2020-2021,11.13,Passable,Normale,Admis,1
7088,1387,344,2023-2024,15.21,Bien,Normale,Admis,1
7089,1020,354,2024-2025,11.23,Passable,Normale,Admis,1
7090,1044,329,2020-2021,13.92,Assez Bien,Normale,Admis,1
7091,1504,332,2024-2025,9.69,Insuffisant,Normale,Échec,0
7092,1125,334,2024-2025,14.87,Bien,Normale,Admis,1
7093,1854,359,2023-2024,14.59,Bien,Normale,Admis,1
7094,2188,315,2021-2022,15.13,Bien,Normale,Admis,1
7095,1075,332,2020-2021,13.28,Assez Bien,Normale,Admis,1
7096,2169,357,2024-2025,15.27,Bien,Normale,Admis,1
7097,1481,318,2024-2025,9.6,Insuffisant,Rattrapage,Échec,0
7098,1556,339,2021-2022,17.47,Très Bien,Normale,Admis,1
7099,1892,332,2022-2023,11.45,Passable,Normale,Admis,1
7100,2108,329,2023-2024,11.37,Passable,Rattrapage,Admis,1
7101,1361,340,2023-2024,15.34,Bien,Normale,Admis,1
7102,1712,304,2023-2024,15.37,Bien,Normale,Admis,1
7103,1587,344,2022-2023,9.79,Insuffisant,Normale,Échec,0
7104,1697,326,2022-2023,2.68,Insuffisant,Rattrapage,Échec,0
7105,1905,309,2023-2024,17.69,Très Bien,Normale,Admis,1
7106,1965,326,2022-2023,12.25,Assez Bien,Normale,Admis,1
7107,1566,306,2024-2025,14.84,Bien,Normale,Admis,1
7108,2045,311,2024-2025,11.31,Passable,Rattrapage,Admis,1
7109,1211,329,2024-2025,15.01,Bien,Normale,Admis,1
7110,1556,332,2023-2024,17.73,Très Bien,Normale,Admis,1
7111,2183,323,2020-2021,10.75,Passable,Rattrapage,Admis,1
7112,1083,313,2022-2023,12.6,Assez Bien,Normale,Admis,1
7113,1684,349,2021-2022,12.45,Assez Bien,Normale,Admis,1
7114,1306,304,2021-2022,12.44,Assez Bien,Normale,Admis,1
7115,1896,312,2023-2024,13.57,Assez Bien,Normale,Admis,1
7116,1463,304,2021-2022,13.86,Assez Bien,Rattrapage,Admis,1
7117,1257,355,2023-2024,16.19,Très Bien,Normale,Admis,1
7118,1524,323,2021-2022,7.94,Insuffisant,Normale,Échec,0
7119,1761,329,2021-2022,5.95,Insuffisant,Normale,Échec,0
7120,1495,301,2024-2025,14.0,Bien,Normale,Admis,1
7121,1068,330,2022-2023,12.95,Assez Bien,Normale,Admis,1
7122,1081,347,2023-2024,18.72,Très Bien,Normale,Admis,1
7123,1466,322,2020-2021,3.58,Insuffisant,Normale,Échec,0
7124,1887,333,2022-2023,13.55,Assez Bien,Rattrapage,Admis,1
7125,1301,342,2021-2022,11.53,Passable,Rattrapage,Admis,1
7126,1557,330,2023-2024,11.26,Passable,Rattrapage,Admis,1
7127,1981,324,2020-2021,8.64,Insuffisant,Normale,Échec,0
7128,1257,322,2024-2025,6.49,Insuffisant,Normale,Échec,0
7129,1410,331,2024-2025,20.0,Très Bien,Normale,Admis,1
7130,1051,304,2022-2023,13.12,Assez Bien,Normale,Admis,1
7131,1430,326,2023-2024,15.33,Bien,Rattrapage,Admis,1
7132,1428,313,2021-2022,12.6,Assez Bien,Normale,Admis,1
7133,2009,328,2021-2022,20.0,Très Bien,Rattrapage,Admis,1
7134,1445,317,2021-2022,10.91,Passable,Rattrapage,Admis,1
7135,1307,335,2022-2023,6.23,Insuffisant,Normale,Échec,0
7136,1820,311,2024-2025,8.92,Insuffisant,Normale,Échec,0
7137,1473,330,2021-2022,9.82,Insuffisant,Normale,Échec,0
7138,1449,332,2021-2022,12.34,Assez Bien,Rattrapage,Admis,1
7139,1382,322,2024-2025,11.15,Passable,Rattrapage,Admis,1
7140,1426,307,2020-2021,18.65,Très Bien,Normale,Admis,1
7141,1478,352,2021-2022,7.12,Insuffisant,Rattrapage,Échec,0
7142,1966,353,2020-2021,9.6,Insuffisant,Rattrapage,Échec,0
7143,1015,335,2024-2025,3.55,Insuffisant,Rattrapage,Échec,0
7144,1640,310,2021-2022,15.57,Bien,Normale,Admis,1
7145,1515,360,2020-2021,18.14,Très Bien,Normale,Admis,1
7146,1419,348,2023-2024,10.05,Passable,Normale,Admis,1
7147,1023,318,2021-2022,17.1,Très Bien,Normale,Admis,1
7148,1392,315,2021-2022,13.52,Assez Bien,Rattrapage,Admis,1
7149,1254,341,2024-2025,7.94,Insuffisant,Normale,Échec,0
7150,2054,314,2024-2025,17.83,Très Bien,Rattrapage,Admis,1
7151,1576,324,2023-2024,2.74,Insuffisant,Normale,Échec,0
7152,1169,309,2022-2023,6.69,Insuffisant,Normale,Échec,0
7153,1998,358,2024-2025,12.35,Assez Bien,Normale,Admis,1
7154,1026,318,2023-2024,11.4,Passable,Normale,Admis,1
7155,1449,329,2020-2021,19.36,Très Bien,Rattrapage,Admis,1
7156,2073,352,2022-2023,12.89,Assez Bien,Normale,Admis,1
7157,1233,331,2023-2024,9.9,Insuffisant,Normale,Échec,0
7158,2171,343,2023-2024,10.17,Passable,Normale,Admis,1
7159,2107,302,2023-2024,13.37,Assez Bien,Normale,Admis,1
7160,1606,324,2022-2023,5.55,Insuffisant,Normale,Échec,0
7161,1630,320,2021-2022,17.66,Très Bien,Normale,Admis,1
7162,1197,324,2023-2024,9.47,Insuffisant,Normale,Échec,0
7163,2105,351,2021-2022,8.53,Insuffisant,Rattrapage,Échec,0
7164,1950,340,2021-2022,14.3,Bien,Normale,Admis,1
7165,1892,319,2020-2021,8.54,Insuffisant,Normale,Échec,0
7166,1662,314,2021-2022,16.16,Très Bien,Normale,Admis,1
7167,1923,313,2024-2025,10.94,Passable,Normale,Admis,1
7168,1878,334,2024-2025,13.48,Assez Bien,Normale,Admis,1
7169,1743,340,2021-2022,9.15,Insuffisant,Normale,Échec,0
7170,1539,347,2021-2022,13.73,Assez Bien,Normale,Admis,1
7171,2078,336,2021-2022,12.0,Assez Bien,Normale,Admis,1
7172,2172,303,2021-2022,6.12,Insuffisant,Normale,Échec,0
7173,1936,340,2024-2025,13.23,Assez Bien,Normale,Admis,1
7174,1960,359,2024-2025,19.77,Très Bien,Normale,Admis,1
7175,1446,344,2021-2022,9.94,Insuffisant,Normale,Échec,0
7176,1165,345,2022-2023,12.74,Assez Bien,Normale,Admis,1
7177,1047,316,2021-2022,20.0,Très Bien,Normale,Admis,1
7178,1194,339,2024-2025,15.61,Bien,Normale,Admis,1
7179,1767,349,2024-2025,8.53,Insuffisant,Normale,Échec,0
7180,1862,323,2022-2023,15.7,Bien,Normale,Admis,1
7181,1166,344,2020-2021,15.35,Bien,Normale,Admis,1
7182,1262,322,2020-2021,7.91,Insuffisant,Rattrapage,Échec,0
7183,1812,328,2023-2024,16.42,Très Bien,Rattrapage,Admis,1
7184,2074,326,2020-2021,7.02,Insuffisant,Normale,Échec,0
7185,1826,342,2023-2024,10.15,Passable,Normale,Admis,1
7186,1458,320,2023-2024,12.1,Assez Bien,Normale,Admis,1
7187,1856,331,2020-2021,17.17,Très Bien,Normale,Admis,1
7188,1610,354,2024-2025,15.78,Bien,Normale,Admis,1
7189,2182,344,2024-2025,10.47,Passable,Normale,Admis,1
7190,1878,316,2021-2022,19.33,Très Bien,Normale,Admis,1
7191,2146,338,2022-2023,11.4,Passable,Normale,Admis,1
7192,1183,357,2020-2021,15.59,Bien,Normale,Admis,1
7193,1474,334,2022-2023,14.04,Bien,Normale,Admis,1
7194,1380,320,2021-2022,10.62,Passable,Normale,Admis,1
7195,1962,325,2021-2022,9.62,Insuffisant,Rattrapage,Échec,0
7196,1313,307,2022-2023,12.33,Assez Bien,Normale,Admis,1
7197,1722,337,2023-2024,16.92,Très Bien,Normale,Admis,1
7198,1496,359,2023-2024,11.49,Passable,Rattrapage,Admis,1
7199,1605,314,2024-2025,15.26,Bien,Rattrapage,Admis,1
7200,1850,315,2024-2025,1.72,Insuffisant,Rattrapage,Échec,0
7201,1527,340,2022-2023,14.02,Bien,Normale,Admis,1
7202,1592,301,2021-2022,11.99,Passable,Normale,Admis,1
7203,2140,337,2022-2023,17.92,Très Bien,Normale,Admis,1
7204,1657,351,2022-2023,13.16,Assez Bien,Normale,Admis,1
7205,1850,324,2023-2024,10.69,Passable,Normale,Admis,1
7206,1754,313,2020-2021,14.92,Bien,Rattrapage,Admis,1
7207,1963,304,2024-2025,16.21,Très Bien,Normale,Admis,1
7208,2005,314,2020-2021,14.39,Bien,Normale,Admis,1
7209,1110,310,2020-2021,8.59,Insuffisant,Normale,Échec,0
7210,1033,343,2021-2022,12.98,Assez Bien,Normale,Admis,1
7211,1958,314,2023-2024,3.74,Insuffisant,Normale,Échec,0
7212,1771,315,2021-2022,8.29,Insuffisant,Normale,Échec,0
7213,1719,348,2023-2024,16.13,Très Bien,Rattrapage,Admis,1
7214,1945,314,2021-2022,15.24,Bien,Normale,Admis,1
7215,1349,347,2021-2022,11.8,Passable,Normale,Admis,1
7216,1584,359,2024-2025,10.29,Passable,Normale,Admis,1
7217,1926,318,2024-2025,19.03,Très Bien,Normale,Admis,1
7218,1438,339,2020-2021,12.07,Assez Bien,Normale,Admis,1
7219,1873,343,2023-2024,11.31,Passable,Normale,Admis,1
7220,1011,352,2020-2021,15.07,Bien,Normale,Admis,1
7221,2189,308,2020-2021,18.11,Très Bien,Rattrapage,Admis,1
7222,1022,320,2024-2025,13.45,Assez Bien,Rattrapage,Admis,1
7223,2064,328,2023-2024,13.42,Assez Bien,Normale,Admis,1
7224,1047,348,2023-2024,10.62,Passable,Normale,Admis,1
7225,1426,355,2021-2022,13.92,Assez Bien,Normale,Admis,1
7226,1847,320,2022-2023,10.66,Passable,Normale,Admis,1
7227,1917,350,2024-2025,9.15,Insuffisant,Normale,Échec,0
7228,2170,341,2021-2022,14.94,Bien,Normale,Admis,1
7229,1961,333,2022-2023,11.19,Passable,Normale,Admis,1
7230,1744,341,2022-2023,16.63,Très Bien,Normale,Admis,1
7231,1188,331,2023-2024,11.79,Passable,Normale,Admis,1
7232,1120,351,2024-2025,15.43,Bien,Normale,Admis,1
7233,1048,339,2021-2022,12.45,Assez Bien,Normale,Admis,1
7234,2016,307,2023-2024,4.07,Insuffisant,Normale,Échec,0
7235,1600,359,2022-2023,11.79,Passable,Normale,Admis,1
7236,2146,307,2020-2021,17.34,Très Bien,Rattrapage,Admis,1
7237,1585,323,2023-2024,9.32,Insuffisant,Rattrapage,Échec,0
7238,1506,346,2022-2023,12.18,Assez Bien,Normale,Admis,1
7239,1858,328,2024-2025,11.52,Passable,Normale,Admis,1
7240,1615,317,2023-2024,13.83,Assez Bien,Normale,Admis,1
7241,1438,345,2021-2022,11.25,Passable,Normale,Admis,1
7242,2106,329,2024-2025,11.16,Passable,Normale,Admis,1
7243,1117,348,2022-2023,17.49,Très Bien,Normale,Admis,1
7244,1268,333,2024-2025,6.41,Insuffisant,Normale,Échec,0
7245,1062,343,2022-2023,11.03,Passable,Normale,Admis,1
7246,1797,328,2022-2023,11.72,Passable,Normale,Admis,1
7247,1180,336,2021-2022,15.35,Bien,Normale,Admis,1
7248,1907,335,2022-2023,8.72,Insuffisant,Normale,Échec,0
7249,1921,329,2020-2021,14.91,Bien,Rattrapage,Admis,1
7250,2083,360,2024-2025,14.6,Bien,Normale,Admis,1
7251,2030,316,2023-2024,12.57,Assez Bien,Normale,Admis,1
7252,1561,316,2022-2023,10.58,Passable,Rattrapage,Admis,1
7253,1727,303,2024-2025,12.92,Assez Bien,Normale,Admis,1
7254,1826,333,2022-2023,9.54,Insuffisant,Rattrapage,Échec,0
7255,1439,333,2020-2021,10.91,Passable,Normale,Admis,1
7256,1810,311,2022-2023,6.06,Insuffisant,Normale,Échec,0
7257,1119,310,2021-2022,6.86,Insuffisant,Normale,Échec,0
7258,1093,333,2024-2025,16.45,Très Bien,Normale,Admis,1
7259,1799,318,2023-2024,15.63,Bien,Normale,Admis,1
7260,1339,317,2021-2022,6.23,Insuffisant,Normale,Échec,0
7261,1611,350,2021-2022,14.56,Bien,Normale,Admis,1
7262,1734,317,2024-2025,3.49,Insuffisant,Normale,Échec,0
7263,1831,339,2022-2023,12.82,Assez Bien,Normale,Admis,1
7264,1363,308,2021-2022,12.3,Assez Bien,Normale,Admis,1
7265,1210,344,2022-2023,18.58,Très Bien,Rattrapage,Admis,1
7266,1797,303,2021-2022,15.2,Bien,Rattrapage,Admis,1
7267,2034,329,2020-2021,11.05,Passable,Normale,Admis,1
7268,1011,334,2024-2025,9.64,Insuffisant,Rattrapage,Échec,0
7269,1093,314,2022-2023,15.7,Bien,Rattrapage,Admis,1
7270,1636,327,2024-2025,13.59,Assez Bien,Normale,Admis,1
7271,1596,325,2023-2024,4.08,Insuffisant,Normale,Échec,0
7272,1002,358,2022-2023,11.14,Passable,Normale,Admis,1
7273,1121,314,2023-2024,15.89,Bien,Normale,Admis,1
7274,1825,317,2023-2024,11.14,Passable,Normale,Admis,1
7275,1566,330,2023-2024,10.96,Passable,Normale,Admis,1
7276,2194,308,2020-2021,13.63,Assez Bien,Normale,Admis,1
7277,1873,306,2021-2022,14.33,Bien,Normale,Admis,1
7278,1364,308,2022-2023,8.43,Insuffisant,Normale,Échec,0
7279,1091,349,2021-2022,15.84,Bien,Rattrapage,Admis,1
7280,2177,353,2023-2024,14.91,Bien,Normale,Admis,1
7281,1642,323,2024-2025,11.35,Passable,Normale,Admis,1
7282,1838,346,2024-2025,13.29,Assez Bien,Normale,Admis,1
7283,1144,341,2024-2025,18.86,Très Bien,Normale,Admis,1
7284,1091,303,2022-2023,9.9,Insuffisant,Rattrapage,Échec,0
7285,1252,321,2024-2025,20.0,Très Bien,Normale,Admis,1
7286,1454,314,2021-2022,16.23,Très Bien,Normale,Admis,1
7287,1764,309,2024-2025,8.21,Insuffisant,Normale,Échec,0
7288,1852,346,2023-2024,17.05,Très Bien,Normale,Admis,1
7289,1003,307,2021-2022,15.13,Bien,Rattrapage,Admis,1
7290,2056,321,2022-2023,15.51,Bien,Normale,Admis,1
7291,1001,350,2020-2021,7.71,Insuffisant,Normale,Échec,0
7292,1343,338,2022-2023,10.49,Passable,Rattrapage,Admis,1
7293,1987,313,2024-2025,9.38,Insuffisant,Normale,Échec,0
7294,1024,307,2020-2021,15.68,Bien,Normale,Admis,1
7295,1141,312,2022-2023,12.46,Assez Bien,Normale,Admis,1
7296,1725,355,2023-2024,12.26,Assez Bien,Rattrapage,Admis,1
7297,1194,335,2020-2021,8.04,Insuffisant,Normale,Échec,0
7298,1768,336,2020-2021,11.54,Passable,Normale,Admis,1
7299,1789,348,2020-2021,14.58,Bien,Rattrapage,Admis,1
7300,1605,339,2024-2025,19.77,Très Bien,Normale,Admis,1
7301,2185,308,2021-2022,17.64,Très Bien,Normale,Admis,1
7302,1822,341,2022-2023,15.23,Bien,Normale,Admis,1
7303,1075,357,2022-2023,17.25,Très Bien,Normale,Admis,1
7304,1689,308,2024-2025,17.37,Très Bien,Normale,Admis,1
7305,1195,343,2024-2025,11.43,Passable,Normale,Admis,1
7306,1456,354,2024-2025,13.14,Assez Bien,Normale,Admis,1
7307,1844,335,2023-2024,5.0,Insuffisant,Normale,Échec,0
7308,1167,333,2023-2024,5.23,Insuffisant,Normale,Échec,0
7309,2009,305,2023-2024,9.23,Insuffisant,Normale,Échec,0
7310,1016,335,2020-2021,12.25,Assez Bien,Normale,Admis,1
7311,1638,340,2021-2022,12.83,Assez Bien,Normale,Admis,1
7312,1418,346,2021-2022,7.53,Insuffisant,Normale,Échec,0
7313,2144,359,2022-2023,12.34,Assez Bien,Normale,Admis,1
7314,1036,332,2020-2021,16.55,Très Bien,Normale,Admis,1
7315,1866,306,2021-2022,15.66,Bien,Normale,Admis,1
7316,1451,314,2021-2022,8.51,Insuffisant,Normale,Échec,0
7317,1153,349,2021-2022,11.76,Passable,Normale,Admis,1
7318,1573,337,2022-2023,12.76,Assez Bien,Normale,Admis,1
7319,1335,309,2020-2021,15.44,Bien,Normale,Admis,1
7320,2153,356,2022-2023,8.86,Insuffisant,Normale,Échec,0
7321,1085,343,2020-2021,14.8,Bien,Normale,Admis,1
7322,1437,331,2020-2021,12.17,Assez Bien,Normale,Admis,1
7323,1965,332,2022-2023,2.9,Insuffisant,Normale,Échec,0
7324,2070,336,2022-2023,16.67,Très Bien,Normale,Admis,1
7325,1790,310,2023-2024,8.57,Insuffisant,Rattrapage,Échec,0
7326,1523,335,2020-2021,16.64,Très Bien,Normale,Admis,1
7327,1796,326,2020-2021,9.79,Insuffisant,Normale,Échec,0
7328,1140,345,2021-2022,12.8,Assez Bien,Normale,Admis,1
7329,1849,351,2021-2022,9.39,Insuffisant,Normale,Échec,0
7330,1068,342,2021-2022,5.85,Insuffisant,Rattrapage,Échec,0
7331,1122,325,2024-2025,13.26,Assez Bien,Normale,Admis,1
7332,1759,305,2023-2024,17.3,Très Bien,Normale,Admis,1
7333,1652,332,2020-2021,11.19,Passable,Normale,Admis,1
7334,1345,308,2020-2021,8.25,Insuffisant,Normale,Échec,0
7335,2136,328,2020-2021,14.12,Bien,Normale,Admis,1
7336,1130,335,2020-2021,13.39,Assez Bien,Normale,Admis,1
7337,1249,343,2021-2022,9.27,Insuffisant,Normale,Échec,0
7338,1472,356,2024-2025,14.98,Bien,Normale,Admis,1
7339,1454,313,2020-2021,8.95,Insuffisant,Normale,Échec,0
7340,1373,321,2022-2023,11.26,Passable,Normale,Admis,1
7341,2196,356,2024-2025,11.42,Passable,Normale,Admis,1
7342,2015,338,2021-2022,12.92,Assez Bien,Rattrapage,Admis,1
7343,1122,328,2021-2022,15.96,Bien,Normale,Admis,1
7344,1453,308,2022-2023,16.41,Très Bien,Normale,Admis,1
7345,1699,339,2023-2024,13.11,Assez Bien,Normale,Admis,1
7346,2137,343,2024-2025,16.5,Très Bien,Normale,Admis,1
7347,1216,355,2020-2021,9.95,Insuffisant,Normale,Échec,0
7348,2194,346,2023-2024,9.55,Insuffisant,Normale,Échec,0
7349,1221,337,2023-2024,10.01,Passable,Rattrapage,Admis,1
7350,2122,304,2022-2023,11.91,Passable,Normale,Admis,1
7351,1736,302,2022-2023,10.93,Passable,Normale,Admis,1
7352,1335,306,2020-2021,12.44,Assez Bien,Rattrapage,Admis,1
7353,1289,349,2020-2021,11.52,Passable,Normale,Admis,1
7354,1445,351,2023-2024,9.54,Insuffisant,Normale,Échec,0
7355,1013,334,2020-2021,6.9,Insuffisant,Normale,Échec,0
7356,1830,351,2022-2023,9.18,Insuffisant,Normale,Échec,0
7357,1212,345,2024-2025,12.06,Assez Bien,Normale,Admis,1
7358,1028,317,2022-2023,12.39,Assez Bien,Normale,Admis,1
7359,1834,354,2020-2021,11.43,Passable,Normale,Admis,1
7360,2109,345,2020-2021,12.79,Assez Bien,Normale,Admis,1
7361,2024,359,2020-2021,9.3,Insuffisant,Rattrapage,Échec,0
7362,1526,303,2024-2025,9.9,Insuffisant,Normale,Échec,0
7363,1484,318,2023-2024,14.23,Bien,Normale,Admis,1
7364,2155,321,2022-2023,14.4,Bien,Normale,Admis,1
7365,1575,337,2022-2023,12.54,Assez Bien,Normale,Admis,1
7366,1062,353,2023-2024,19.15,Très Bien,Normale,Admis,1
7367,1024,338,2022-2023,8.56,Insuffisant,Normale,Échec,0
7368,2028,303,2023-2024,8.35,Insuffisant,Normale,Échec,0
7369,1270,345,2023-2024,15.06,Bien,Normale,Admis,1
7370,1538,322,2023-2024,5.24,Insuffisant,Normale,Échec,0
7371,1886,339,2024-2025,19.76,Très Bien,Normale,Admis,1
7372,1452,344,2024-2025,16.08,Très Bien,Normale,Admis,1
7373,2119,359,2022-2023,13.55,Assez Bien,Normale,Admis,1
7374,2171,342,2020-2021,15.28,Bien,Normale,Admis,1
7375,1998,317,2021-2022,13.26,Assez Bien,Normale,Admis,1
7376,1562,306,2022-2023,13.97,Assez Bien,Rattrapage,Admis,1
7377,1294,343,2024-2025,19.74,Très Bien,Normale,Admis,1
7378,1033,319,2024-2025,13.66,Assez Bien,Normale,Admis,1
7379,1736,330,2023-2024,11.59,Passable,Rattrapage,Admis,1
7380,1883,312,2022-2023,6.61,Insuffisant,Normale,Échec,0
7381,1391,344,2024-2025,7.58,Insuffisant,Normale,Échec,0
7382,1590,330,2023-2024,17.37,Très Bien,Normale,Admis,1
7383,1800,339,2020-2021,11.01,Passable,Rattrapage,Admis,1
7384,1708,313,2020-2021,19.45,Très Bien,Normale,Admis,1
7385,1197,326,2022-2023,16.43,Très Bien,Rattrapage,Admis,1
7386,2015,309,2024-2025,14.57,Bien,Rattrapage,Admis,1
7387,1821,308,2023-2024,10.94,Passable,Rattrapage,Admis,1
7388,1602,344,2023-2024,17.45,Très Bien,Normale,Admis,1
7389,2063,321,2024-2025,9.52,Insuffisant,Normale,Échec,0
7390,1030,309,2023-2024,13.8,Assez Bien,Normale,Admis,1
7391,1266,339,2023-2024,11.57,Passable,Normale,Admis,1
7392,1795,306,2020-2021,10.65,Passable,Normale,Admis,1
7393,1800,325,2021-2022,9.68,Insuffisant,Normale,Échec,0
7394,2107,326,2023-2024,13.76,Assez Bien,Rattrapage,Admis,1
7395,1017,350,2021-2022,13.12,Assez Bien,Normale,Admis,1
7396,1632,339,2024-2025,15.71,Bien,Normale,Admis,1
7397,1262,318,2023-2024,11.65,Passable,Normale,Admis,1
7398,2124,339,2023-2024,12.97,Assez Bien,Normale,Admis,1
7399,1990,342,2020-2021,10.9,Passable,Normale,Admis,1
7400,1256,326,2022-2023,13.1,Assez Bien,Normale,Admis,1
7401,1776,311,2023-2024,11.17,Passable,Normale,Admis,1
7402,2006,353,2022-2023,17.18,Très Bien,Normale,Admis,1
7403,1092,311,2020-2021,14.72,Bien,Normale,Admis,1
7404,1746,353,2023-2024,13.29,Assez Bien,Rattrapage,Admis,1
7405,1271,314,2020-2021,15.08,Bien,Normale,Admis,1
7406,1303,321,2021-2022,10.68,Passable,Normale,Admis,1
7407,1561,312,2021-2022,9.58,Insuffisant,Normale,Échec,0
7408,1697,310,2022-2023,10.2,Passable,Rattrapage,Admis,1
7409,1800,354,2020-2021,9.76,Insuffisant,Rattrapage,Échec,0
7410,1002,334,2022-2023,9.23,Insuffisant,Normale,Échec,0
7411,2071,354,2024-2025,20.0,Très Bien,Normale,Admis,1
7412,1633,339,2023-2024,7.25,Insuffisant,Normale,Échec,0
7413,1129,329,2021-2022,9.19,Insuffisant,Normale,Échec,0
7414,1222,324,2020-2021,13.1,Assez Bien,Normale,Admis,1
7415,1696,350,2021-2022,8.0,Insuffisant,Normale,Échec,0
7416,1017,341,2022-2023,11.86,Passable,Normale,Admis,1
7417,1467,322,2021-2022,13.31,Assez Bien,Normale,Admis,1
7418,1180,313,2020-2021,10.42,Passable,Normale,Admis,1
7419,2055,318,2022-2023,14.23,Bien,Normale,Admis,1
7420,1848,302,2022-2023,14.93,Bien,Normale,Admis,1
7421,1471,319,2021-2022,7.25,Insuffisant,Normale,Échec,0
7422,1497,310,2021-2022,8.21,Insuffisant,Normale,Échec,0
7423,1254,301,2024-2025,9.13,Insuffisant,Normale,Échec,0
7424,1175,357,2021-2022,10.98,Passable,Normale,Admis,1
7425,2186,318,2022-2023,4.39,Insuffisant,Normale,Échec,0
7426,1464,347,2020-2021,12.7,Assez Bien,Normale,Admis,1
7427,1568,359,2020-2021,12.8,Assez Bien,Normale,Admis,1
7428,1576,356,2020-2021,11.82,Passable,Normale,Admis,1
7429,2103,360,2023-2024,10.51,Passable,Normale,Admis,1
7430,2049,315,2022-2023,11.38,Passable,Normale,Admis,1
7431,1404,344,2023-2024,10.79,Passable,Rattrapage,Admis,1
7432,1987,338,2024-2025,13.67,Assez Bien,Normale,Admis,1
7433,1310,345,2022-2023,16.47,Très Bien,Normale,Admis,1
7434,1093,349,2021-2022,8.84,Insuffisant,Normale,Échec,0
7435,1198,360,2020-2021,17.06,Très Bien,Normale,Admis,1
7436,1875,360,2024-2025,14.87,Bien,Normale,Admis,1
7437,1302,315,2020-2021,15.44,Bien,Rattrapage,Admis,1
7438,1445,332,2024-2025,14.55,Bien,Normale,Admis,1
7439,2159,356,2024-2025,11.2,Passable,Normale,Admis,1
7440,1166,333,2020-2021,10.81,Passable,Normale,Admis,1
7441,1032,303,2024-2025,17.07,Très Bien,Normale,Admis,1
7442,1785,310,2022-2023,12.34,Assez Bien,Normale,Admis,1
7443,1334,327,2022-2023,12.93,Assez Bien,Normale,Admis,1
7444,1949,334,2024-2025,7.59,Insuffisant,Normale,Échec,0
7445,1892,352,2021-2022,13.17,Assez Bien,Normale,Admis,1
7446,1681,324,2024-2025,6.06,Insuffisant,Normale,Échec,0
7447,1970,329,2022-2023,7.9,Insuffisant,Normale,Échec,0
7448,1711,356,2021-2022,13.95,Assez Bien,Rattrapage,Admis,1
7449,1855,314,2022-2023,6.14,Insuffisant,Normale,Échec,0
7450,2029,334,2024-2025,10.64,Passable,Normale,Admis,1
7451,1295,313,2023-2024,13.92,Assez Bien,Normale,Admis,1
7452,1306,321,2022-2023,9.18,Insuffisant,Rattrapage,Échec,0
7453,1606,348,2021-2022,14.97,Bien,Rattrapage,Admis,1
7454,1263,341,2022-2023,12.99,Assez Bien,Rattrapage,Admis,1
7455,1415,321,2020-2021,13.77,Assez Bien,Normale,Admis,1
7456,1139,358,2023-2024,10.04,Passable,Normale,Admis,1
7457,2079,344,2024-2025,10.05,Passable,Normale,Admis,1
7458,1383,336,2020-2021,11.0,Passable,Normale,Admis,1
7459,1679,303,2021-2022,18.26,Très Bien,Rattrapage,Admis,1
7460,1516,322,2022-2023,9.96,Insuffisant,Normale,Échec,0
7461,1472,336,2024-2025,11.3,Passable,Normale,Admis,1
7462,1383,333,2023-2024,14.46,Bien,Rattrapage,Admis,1
7463,1326,301,2022-2023,9.93,Insuffisant,Normale,Échec,0
7464,1904,326,2023-2024,10.03,Passable,Normale,Admis,1
7465,1892,325,2023-2024,13.35,Assez Bien,Normale,Admis,1
7466,1091,335,2021-2022,16.63,Très Bien,Rattrapage,Admis,1
7467,2107,335,2023-2024,4.28,Insuffisant,Normale,Échec,0
7468,1613,321,2024-2025,16.4,Très Bien,Normale,Admis,1
7469,1915,306,2021-2022,13.59,Assez Bien,Normale,Admis,1
7470,1114,341,2023-2024,14.64,Bien,Normale,Admis,1
7471,1642,314,2020-2021,8.5,Insuffisant,Normale,Échec,0
7472,1441,346,2023-2024,11.84,Passable,Normale,Admis,1
7473,2138,324,2024-2025,10.41,Passable,Normale,Admis,1
7474,1389,307,2022-2023,11.88,Passable,Normale,Admis,1
7475,1280,326,2021-2022,8.64,Insuffisant,Normale,Échec,0
7476,1196,343,2020-2021,15.29,Bien,Normale,Admis,1
7477,1985,354,2022-2023,15.17,Bien,Normale,Admis,1
7478,1169,317,2022-2023,10.04,Passable,Normale,Admis,1
7479,1451,301,2020-2021,13.21,Assez Bien,Normale,Admis,1
7480,1032,352,2023-2024,11.95,Passable,Normale,Admis,1
7481,1168,318,2022-2023,15.49,Bien,Normale,Admis,1
7482,1729,310,2024-2025,14.64,Bien,Rattrapage,Admis,1
7483,1783,360,2022-2023,9.19,Insuffisant,Normale,Échec,0
7484,1722,346,2023-2024,10.75,Passable,Normale,Admis,1
7485,1639,318,2021-2022,7.98,Insuffisant,Normale,Échec,0
7486,1438,305,2024-2025,10.09,Passable,Normale,Admis,1
7487,1981,307,2020-2021,20.0,Très Bien,Normale,Admis,1
7488,1743,315,2021-2022,20.0,Très Bien,Normale,Admis,1
7489,1498,357,2022-2023,12.45,Assez Bien,Normale,Admis,1
7490,2190,360,2023-2024,10.86,Passable,Rattrapage,Admis,1
7491,1338,340,2023-2024,16.87,Très Bien,Rattrapage,Admis,1
7492,1958,302,2020-2021,13.54,Assez Bien,Normale,Admis,1
7493,1052,349,2020-2021,17.44,Très Bien,Normale,Admis,1
7494,1422,351,2022-2023,17.35,Très Bien,Normale,Admis,1
7495,1464,319,2022-2023,13.7,Assez Bien,Normale,Admis,1
7496,2017,324,2024-2025,18.63,Très Bien,Normale,Admis,1
7497,1729,353,2024-2025,11.96,Passable,Rattrapage,Admis,1
7498,1847,341,2020-2021,14.8,Bien,Normale,Admis,1
7499,2087,334,2024-2025,13.07,Assez Bien,Normale,Admis,1
7500,1190,354,2023-2024,4.36,Insuffisant,Normale,Échec,0
7501,2049,326,2020-2021,13.25,Assez Bien,Rattrapage,Admis,1
7502,1268,308,2022-2023,12.45,Assez Bien,Normale,Admis,1
7503,2173,338,2021-2022,12.39,Assez Bien,Normale,Admis,1
7504,2023,339,2022-2023,14.21,Bien,Rattrapage,Admis,1
7505,1446,330,2023-2024,7.81,Insuffisant,Normale,Échec,0
7506,1450,333,2021-2022,14.66,Bien,Rattrapage,Admis,1
7507,2006,358,2022-2023,10.49,Passable,Normale,Admis,1
7508,2195,356,2020-2021,6.75,Insuffisant,Rattrapage,Échec,0
7509,1432,314,2020-2021,6.43,Insuffisant,Normale,Échec,0
7510,1329,311,2021-2022,7.34,Insuffisant,Normale,Échec,0
7511,1470,356,2024-2025,10.41,Passable,Normale,Admis,1
7512,1659,317,2024-2025,14.7,Bien,Normale,Admis,1
7513,1084,360,2023-2024,14.7,Bien,Normale,Admis,1
7514,1029,319,2023-2024,10.76,Passable,Normale,Admis,1
7515,1424,344,2020-2021,14.48,Bien,Normale,Admis,1
7516,1640,347,2024-2025,10.19,Passable,Normale,Admis,1
7517,1448,352,2023-2024,9.28,Insuffisant,Normale,Échec,0
7518,2138,330,2022-2023,5.2,Insuffisant,Normale,Échec,0
7519,1942,331,2023-2024,16.65,Très Bien,Rattrapage,Admis,1
7520,1524,301,2023-2024,9.53,Insuffisant,Normale,Échec,0
7521,1037,315,2023-2024,10.22,Passable,Normale,Admis,1
7522,1789,327,2022-2023,13.18,Assez Bien,Normale,Admis,1
7523,1824,301,2020-2021,11.43,Passable,Rattrapage,Admis,1
7524,1921,325,2021-2022,17.37,Très Bien,Normale,Admis,1
7525,1332,355,2024-2025,14.6,Bien,Normale,Admis,1
7526,1317,308,2021-2022,9.05,Insuffisant,Normale,Échec,0
7527,2104,309,2020-2021,10.61,Passable,Normale,Admis,1
7528,2190,354,2021-2022,11.07,Passable,Normale,Admis,1
7529,2032,327,2024-2025,7.17,Insuffisant,Normale,Échec,0
7530,1338,331,2024-2025,14.03,Bien,Rattrapage,Admis,1
7531,1536,349,2023-2024,4.09,Insuffisant,Rattrapage,Échec,0
7532,1274,328,2022-2023,15.44,Bien,Normale,Admis,1
7533,1442,339,2021-2022,9.44,Insuffisant,Normale,Échec,0
7534,1405,355,2020-2021,14.03,Bien,Normale,Admis,1
7535,1614,347,2022-2023,15.71,Bien,Normale,Admis,1
7536,1883,337,2021-2022,9.95,Insuffisant,Normale,Échec,0
7537,1076,358,2023-2024,13.68,Assez Bien,Normale,Admis,1
7538,1822,343,2023-2024,15.85,Bien,Normale,Admis,1
7539,1067,357,2022-2023,10.65,Passable,Normale,Admis,1
7540,2113,323,2021-2022,11.4,Passable,Normale,Admis,1
7541,1194,312,2021-2022,11.15,Passable,Normale,Admis,1
7542,1517,342,2022-2023,5.3,Insuffisant,Normale,Échec,0
7543,1422,322,2024-2025,9.69,Insuffisant,Normale,Échec,0
7544,1568,338,2024-2025,14.54,Bien,Normale,Admis,1
7545,1188,308,2024-2025,12.31,Assez Bien,Normale,Admis,1
7546,1634,356,2023-2024,18.2,Très Bien,Normale,Admis,1
7547,1720,307,2021-2022,14.99,Bien,Normale,Admis,1
7548,1536,312,2020-2021,13.77,Assez Bien,Normale,Admis,1
7549,1060,356,2023-2024,8.05,Insuffisant,Normale,Échec,0
7550,1482,330,2024-2025,17.36,Très Bien,Normale,Admis,1
7551,1181,331,2020-2021,14.59,Bien,Rattrapage,Admis,1
7552,1629,336,2021-2022,11.47,Passable,Normale,Admis,1
7553,1771,317,2024-2025,14.76,Bien,Normale,Admis,1
7554,1195,306,2023-2024,10.75,Passable,Normale,Admis,1
7555,1693,338,2022-2023,12.96,Assez Bien,Normale,Admis,1
7556,1741,348,2024-2025,16.91,Très Bien,Rattrapage,Admis,1
7557,1763,337,2022-2023,13.25,Assez Bien,Normale,Admis,1
7558,1342,305,2024-2025,10.48,Passable,Normale,Admis,1
7559,1506,332,2024-2025,9.9,Insuffisant,Rattrapage,Échec,0
7560,1405,359,2020-2021,10.0,Passable,Normale,Admis,1
7561,1428,349,2023-2024,12.86,Assez Bien,Normale,Admis,1
7562,1397,359,2023-2024,12.25,Assez Bien,Normale,Admis,1
7563,1690,337,2023-2024,9.31,Insuffisant,Normale,Échec,0
7564,1364,332,2023-2024,12.12,Assez Bien,Normale,Admis,1
7565,1945,328,2024-2025,8.27,Insuffisant,Rattrapage,Échec,0
7566,2009,331,2023-2024,10.43,Passable,Normale,Admis,1
7567,1750,337,2021-2022,10.91,Passable,Normale,Admis,1
7568,1740,351,2024-2025,7.7,Insuffisant,Normale,Échec,0
7569,1871,305,2021-2022,14.67,Bien,Rattrapage,Admis,1
7570,1633,306,2023-2024,12.6,Assez Bien,Normale,Admis,1
7571,1527,339,2020-2021,17.19,Très Bien,Normale,Admis,1
7572,2198,323,2021-2022,13.9,Assez Bien,Normale,Admis,1
7573,2138,302,2024-2025,11.5,Passable,Normale,Admis,1
7574,2115,352,2022-2023,14.04,Bien,Normale,Admis,1
7575,1367,328,2023-2024,12.56,Assez Bien,Normale,Admis,1
7576,1267,313,2021-2022,10.29,Passable,Normale,Admis,1
7577,1027,344,2023-2024,14.49,Bien,Normale,Admis,1
7578,1832,308,2022-2023,12.14,Assez Bien,Normale,Admis,1
7579,1057,303,2020-2021,10.55,Passable,Normale,Admis,1
7580,1154,306,2021-2022,13.5,Assez Bien,Normale,Admis,1
7581,1218,322,2022-2023,10.37,Passable,Normale,Admis,1
7582,2077,301,2022-2023,12.01,Assez Bien,Normale,Admis,1
7583,1580,312,2021-2022,10.55,Passable,Normale,Admis,1
7584,1846,317,2023-2024,8.33,Insuffisant,Normale,Échec,0
7585,1321,349,2020-2021,13.58,Assez Bien,Normale,Admis,1
7586,1536,338,2024-2025,13.2,Assez Bien,Rattrapage,Admis,1
7587,1027,306,2020-2021,11.97,Passable,Normale,Admis,1
7588,2075,326,2020-2021,8.66,Insuffisant,Rattrapage,Échec,0
7589,1788,350,2022-2023,12.2,Assez Bien,Normale,Admis,1
7590,1943,346,2024-2025,10.14,Passable,Normale,Admis,1
7591,1038,320,2024-2025,11.3,Passable,Normale,Admis,1
7592,2169,306,2022-2023,13.17,Assez Bien,Rattrapage,Admis,1
7593,1986,315,2024-2025,13.85,Assez Bien,Rattrapage,Admis,1
7594,1055,325,2023-2024,11.26,Passable,Normale,Admis,1
7595,2173,325,2023-2024,14.27,Bien,Normale,Admis,1
7596,1474,325,2023-2024,8.82,Insuffisant,Normale,Échec,0
7597,1372,303,2024-2025,20.0,Très Bien,Normale,Admis,1
7598,1808,308,2020-2021,8.73,Insuffisant,Normale,Échec,0
7599,1372,349,2021-2022,6.58,Insuffisant,Rattrapage,Échec,0
7600,1939,312,2023-2024,11.41,Passable,Rattrapage,Admis,1
7601,1626,315,2021-2022,11.74,Passable,Rattrapage,Admis,1
7602,1118,324,2024-2025,12.21,Assez Bien,Normale,Admis,1
7603,1793,337,2024-2025,13.33,Assez Bien,Normale,Admis,1
7604,1899,311,2022-2023,10.75,Passable,Normale,Admis,1
7605,1744,340,2023-2024,9.5,Insuffisant,Rattrapage,Échec,0
7606,1213,343,2022-2023,17.16,Très Bien,Normale,Admis,1
7607,1742,359,2023-2024,12.8,Assez Bien,Normale,Admis,1
7608,1401,311,2023-2024,10.82,Passable,Normale,Admis,1
7609,1957,301,2020-2021,13.33,Assez Bien,Normale,Admis,1
7610,1237,344,2022-2023,13.54,Assez Bien,Normale,Admis,1
7611,1632,344,2024-2025,14.45,Bien,Normale,Admis,1
7612,1197,354,2023-2024,14.16,Bien,Normale,Admis,1
7613,2023,314,2021-2022,14.76,Bien,Normale,Admis,1
7614,1848,301,2024-2025,17.02,Très Bien,Rattrapage,Admis,1
7615,1869,333,2022-2023,16.02,Très Bien,Normale,Admis,1
7616,1833,333,2024-2025,13.44,Assez Bien,Normale,Admis,1
7617,2098,356,2024-2025,14.92,Bien,Normale,Admis,1
7618,1861,349,2020-2021,7.33,Insuffisant,Rattrapage,Échec,0
7619,1072,360,2024-2025,15.02,Bien,Normale,Admis,1
7620,1703,344,2024-2025,12.99,Assez Bien,Rattrapage,Admis,1
7621,1972,313,2022-2023,7.35,Insuffisant,Normale,Échec,0
7622,2026,325,2023-2024,13.17,Assez Bien,Rattrapage,Admis,1
7623,1601,354,2021-2022,14.69,Bien,Normale,Admis,1
7624,1399,355,2023-2024,11.45,Passable,Rattrapage,Admis,1
7625,1561,318,2023-2024,9.35,Insuffisant,Normale,Échec,0
7626,1105,311,2023-2024,11.58,Passable,Rattrapage,Admis,1
7627,1412,310,2023-2024,14.73,Bien,Rattrapage,Admis,1
7628,1811,354,2023-2024,13.22,Assez Bien,Normale,Admis,1
7629,1869,357,2022-2023,11.55,Passable,Normale,Admis,1
7630,1807,352,2022-2023,13.62,Assez Bien,Normale,Admis,1
7631,1686,334,2023-2024,10.11,Passable,Normale,Admis,1
7632,1794,325,2024-2025,15.0,Bien,Normale,Admis,1
7633,1532,353,2024-2025,11.63,Passable,Normale,Admis,1
7634,1543,329,2020-2021,10.37,Passable,Rattrapage,Admis,1
7635,1715,323,2021-2022,14.26,Bien,Rattrapage,Admis,1
7636,1564,355,2023-2024,14.22,Bien,Normale,Admis,1
7637,1518,356,2022-2023,8.7,Insuffisant,Normale,Échec,0
7638,1074,346,2021-2022,14.66,Bien,Rattrapage,Admis,1
7639,1519,302,2022-2023,13.27,Assez Bien,Normale,Admis,1
7640,1495,329,2023-2024,10.13,Passable,Normale,Admis,1
7641,1348,339,2020-2021,12.94,Assez Bien,Rattrapage,Admis,1
7642,2146,347,2022-2023,6.91,Insuffisant,Normale,Échec,0
7643,2074,340,2023-2024,13.64,Assez Bien,Normale,Admis,1
7644,1645,357,2021-2022,15.36,Bien,Normale,Admis,1
7645,1530,322,2020-2021,16.59,Très Bien,Normale,Admis,1
7646,1486,329,2022-2023,14.53,Bien,Normale,Admis,1
7647,1573,336,2020-2021,16.88,Très Bien,Normale,Admis,1
7648,1988,334,2020-2021,10.14,Passable,Normale,Admis,1
7649,1768,315,2024-2025,18.72,Très Bien,Normale,Admis,1
7650,1443,313,2024-2025,5.71,Insuffisant,Normale,Échec,0
7651,1762,360,2023-2024,15.36,Bien,Normale,Admis,1
7652,2189,313,2021-2022,13.68,Assez Bien,Normale,Admis,1
7653,1248,316,2023-2024,12.93,Assez Bien,Normale,Admis,1
7654,1778,320,2024-2025,11.89,Passable,Normale,Admis,1
7655,1088,345,2022-2023,13.15,Assez Bien,Normale,Admis,1
7656,1060,331,2021-2022,14.72,Bien,Normale,Admis,1
7657,1940,314,2020-2021,14.4,Bien,Normale,Admis,1
7658,1563,306,2022-2023,8.04,Insuffisant,Normale,Échec,0
7659,1003,347,2023-2024,15.45,Bien,Normale,Admis,1
7660,1448,312,2022-2023,8.4,Insuffisant,Normale,Échec,0
7661,1061,321,2020-2021,11.09,Passable,Rattrapage,Admis,1
7662,1094,352,2021-2022,10.52,Passable,Rattrapage,Admis,1
7663,1835,324,2024-2025,12.1,Assez Bien,Normale,Admis,1
7664,1472,356,2024-2025,14.5,Bien,Normale,Admis,1
7665,1926,341,2024-2025,16.99,Très Bien,Normale,Admis,1
7666,1885,314,2021-2022,12.83,Assez Bien,Normale,Admis,1
7667,1597,360,2023-2024,15.39,Bien,Rattrapage,Admis,1
7668,1957,318,2023-2024,16.25,Très Bien,Normale,Admis,1
7669,1546,345,2023-2024,8.47,Insuffisant,Normale,Échec,0
7670,1885,348,2020-2021,11.55,Passable,Rattrapage,Admis,1
7671,1508,314,2021-2022,12.73,Assez Bien,Normale,Admis,1
7672,1995,313,2024-2025,8.29,Insuffisant,Normale,Échec,0
7673,1972,317,2020-2021,12.22,Assez Bien,Normale,Admis,1
7674,1688,339,2021-2022,11.6,Passable,Normale,Admis,1
7675,1110,346,2024-2025,8.27,Insuffisant,Normale,Échec,0
7676,1581,353,2020-2021,11.29,Passable,Rattrapage,Admis,1
7677,1110,357,2020-2021,6.85,Insuffisant,Normale,Échec,0
7678,1044,312,2023-2024,17.7,Très Bien,Normale,Admis,1
7679,1894,303,2023-2024,5.97,Insuffisant,Normale,Échec,0
7680,2093,308,2024-2025,12.29,Assez Bien,Rattrapage,Admis,1
7681,1672,308,2023-2024,11.91,Passable,Normale,Admis,1
7682,1613,334,2022-2023,8.86,Insuffisant,Normale,Échec,0
7683,1946,331,2024-2025,9.91,Insuffisant,Normale,Échec,0
7684,1962,313,2024-2025,18.01,Très Bien,Normale,Admis,1
7685,1403,316,2020-2021,8.42,Insuffisant,Normale,Échec,0
7686,1875,306,2022-2023,2.87,Insuffisant,Normale,Échec,0
7687,1516,314,2022-2023,13.96,Assez Bien,Normale,Admis,1
7688,1916,356,2022-2023,13.43,Assez Bien,Rattrapage,Admis,1
7689,1553,346,2023-2024,7.24,Insuffisant,Normale,Échec,0
7690,2082,338,2021-2022,12.64,Assez Bien,Normale,Admis,1
7691,1700,302,2022-2023,12.47,Assez Bien,Rattrapage,Admis,1
7692,1376,327,2020-2021,11.68,Passable,Rattrapage,Admis,1
7693,1381,349,2023-2024,18.62,Très Bien,Normale,Admis,1
7694,1060,347,2023-2024,11.31,Passable,Normale,Admis,1
7695,2082,331,2022-2023,15.63,Bien,Normale,Admis,1
7696,1887,349,2023-2024,17.03,Très Bien,Normale,Admis,1
7697,1124,331,2020-2021,14.89,Bien,Normale,Admis,1
7698,2110,344,2020-2021,12.11,Assez Bien,Rattrapage,Admis,1
7699,1328,339,2021-2022,16.14,Très Bien,Normale,Admis,1
7700,1490,357,2023-2024,8.02,Insuffisant,Normale,Échec,0
7701,1195,356,2021-2022,12.42,Assez Bien,Normale,Admis,1
7702,2168,308,2021-2022,10.07,Passable,Normale,Admis,1
7703,1385,332,2023-2024,5.96,Insuffisant,Rattrapage,Échec,0
7704,1520,324,2024-2025,10.6,Passable,Normale,Admis,1
7705,2067,320,2020-2021,10.92,Passable,Rattrapage,Admis,1
7706,1425,359,2021-2022,5.9,Insuffisant,Normale,Échec,0
7707,2021,327,2024-2025,6.01,Insuffisant,Normale,Échec,0
7708,1914,301,2022-2023,9.59,Insuffisant,Normale,Échec,0
7709,2035,350,2020-2021,9.83,Insuffisant,Normale,Échec,0
7710,2003,338,2020-2021,17.28,Très Bien,Normale,Admis,1
7711,1092,341,2023-2024,15.23,Bien,Normale,Admis,1
7712,1745,308,2020-2021,13.4,Assez Bien,Rattrapage,Admis,1
7713,1876,318,2020-2021,18.66,Très Bien,Normale,Admis,1
7714,2016,303,2023-2024,12.81,Assez Bien,Normale,Admis,1
7715,2081,314,2024-2025,9.35,Insuffisant,Normale,Échec,0
7716,1618,329,2024-2025,8.06,Insuffisant,Rattrapage,Échec,0
7717,1551,333,2021-2022,13.64,Assez Bien,Normale,Admis,1
7718,1022,315,2022-2023,12.17,Assez Bien,Rattrapage,Admis,1
7719,2060,354,2022-2023,14.03,Bien,Normale,Admis,1
7720,1948,314,2023-2024,9.89,Insuffisant,Normale,Échec,0
7721,1673,343,2022-2023,14.83,Bien,Rattrapage,Admis,1
7722,1015,356,2022-2023,16.62,Très Bien,Normale,Admis,1
7723,1538,340,2021-2022,13.55,Assez Bien,Rattrapage,Admis,1
7724,1982,312,2024-2025,13.27,Assez Bien,Normale,Admis,1
7725,1119,340,2020-2021,10.43,Passable,Normale,Admis,1
7726,1388,308,2023-2024,13.29,Assez Bien,Normale,Admis,1
7727,2135,356,2024-2025,11.83,Passable,Normale,Admis,1
7728,1502,351,2023-2024,14.3,Bien,Normale,Admis,1
7729,1525,316,2020-2021,9.81,Insuffisant,Normale,Échec,0
7730,1877,332,2024-2025,13.39,Assez Bien,Normale,Admis,1
7731,1667,348,2024-2025,9.97,Insuffisant,Normale,Échec,0
7732,2030,354,2022-2023,7.91,Insuffisant,Normale,Échec,0
7733,1535,318,2020-2021,13.93,Assez Bien,Rattrapage,Admis,1
7734,2129,336,2024-2025,7.23,Insuffisant,Normale,Échec,0
7735,1647,348,2024-2025,13.98,Assez Bien,Normale,Admis,1
7736,1442,302,2021-2022,12.79,Assez Bien,Normale,Admis,1
7737,1382,341,2020-2021,10.04,Passable,Rattrapage,Admis,1
7738,1945,341,2022-2023,13.69,Assez Bien,Normale,Admis,1
7739,1893,301,2022-2023,11.07,Passable,Normale,Admis,1
7740,1317,328,2024-2025,9.96,Insuffisant,Normale,Échec,0
7741,1111,308,2022-2023,15.48,Bien,Normale,Admis,1
7742,1326,314,2020-2021,15.38,Bien,Normale,Admis,1
7743,1267,339,2024-2025,13.75,Assez Bien,Rattrapage,Admis,1
7744,1824,325,2021-2022,15.74,Bien,Normale,Admis,1
7745,1449,302,2024-2025,8.77,Insuffisant,Normale,Échec,0
7746,1339,359,2021-2022,14.39,Bien,Normale,Admis,1
7747,1734,355,2023-2024,16.82,Très Bien,Normale,Admis,1
7748,1723,317,2020-2021,15.65,Bien,Normale,Admis,1
7749,1502,302,2023-2024,11.82,Passable,Normale,Admis,1
7750,1241,352,2022-2023,10.36,Passable,Normale,Admis,1
7751,1564,352,2020-2021,9.28,Insuffisant,Rattrapage,Échec,0
7752,1369,344,2023-2024,9.81,Insuffisant,Rattrapage,Échec,0
7753,1427,360,2021-2022,10.36,Passable,Normale,Admis,1
7754,1053,308,2021-2022,11.62,Passable,Normale,Admis,1
7755,1732,314,2020-2021,12.98,Assez Bien,Rattrapage,Admis,1
7756,2144,359,2022-2023,16.26,Très Bien,Normale,Admis,1
7757,1009,302,2022-2023,11.62,Passable,Normale,Admis,1
7758,1263,313,2020-2021,19.75,Très Bien,Normale,Admis,1
7759,2089,309,2020-2021,12.8,Assez Bien,Normale,Admis,1
7760,1788,360,2024-2025,12.72,Assez Bien,Normale,Admis,1
7761,1259,352,2020-2021,13.98,Assez Bien,Normale,Admis,1
7762,1617,334,2020-2021,16.65,Très Bien,Normale,Admis,1
7763,1067,337,2021-2022,17.78,Très Bien,Normale,Admis,1
7764,1115,359,2022-2023,19.57,Très Bien,Normale,Admis,1
7765,1609,334,2022-2023,8.6,Insuffisant,Rattrapage,Échec,0
7766,1919,314,2024-2025,11.42,Passable,Normale,Admis,1
7767,1736,329,2023-2024,5.12,Insuffisant,Rattrapage,Échec,0
7768,1916,357,2021-2022,14.55,Bien,Normale,Admis,1
7769,2077,348,2021-2022,11.99,Passable,Normale,Admis,1
7770,1555,354,2022-2023,14.83,Bien,Normale,Admis,1
7771,1671,316,2024-2025,10.87,Passable,Normale,Admis,1
7772,1215,324,2020-2021,17.91,Très Bien,Rattrapage,Admis,1
7773,2098,311,2023-2024,17.96,Très Bien,Normale,Admis,1
7774,1298,356,2021-2022,16.25,Très Bien,Normale,Admis,1
7775,2056,356,2021-2022,9.28,Insuffisant,Normale,Échec,0
7776,1895,360,2022-2023,11.77,Passable,Rattrapage,Admis,1
7777,1270,338,2022-2023,9.19,Insuffisant,Normale,Échec,0
7778,1202,333,2022-2023,17.93,Très Bien,Rattrapage,Admis,1
7779,1379,356,2022-2023,14.34,Bien,Normale,Admis,1
7780,1748,342,2023-2024,12.33,Assez Bien,Normale,Admis,1
7781,1858,350,2024-2025,8.18,Insuffisant,Normale,Échec,0
7782,2078,343,2020-2021,13.17,Assez Bien,Normale,Admis,1
7783,1690,358,2022-2023,9.18,Insuffisant,Rattrapage,Échec,0
7784,1085,316,2020-2021,16.27,Très Bien,Rattrapage,Admis,1
7785,2052,308,2024-2025,12.95,Assez Bien,Normale,Admis,1
7786,1867,347,2024-2025,13.98,Assez Bien,Normale,Admis,1
7787,1673,355,2022-2023,19.2,Très Bien,Normale,Admis,1
7788,1537,348,2024-2025,18.33,Très Bien,Normale,Admis,1
7789,1929,325,2020-2021,5.76,Insuffisant,Rattrapage,Échec,0
7790,1694,301,2022-2023,15.46,Bien,Normale,Admis,1
7791,2050,336,2022-2023,7.11,Insuffisant,Normale,Échec,0
7792,2199,348,2020-2021,11.86,Passable,Normale,Admis,1
7793,1667,348,2020-2021,7.76,Insuffisant,Normale,Échec,0
7794,2046,337,2021-2022,11.32,Passable,Normale,Admis,1
7795,1523,319,2023-2024,11.76,Passable,Normale,Admis,1
7796,1595,303,2021-2022,14.18,Bien,Rattrapage,Admis,1
7797,1681,302,2023-2024,14.52,Bien,Normale,Admis,1
7798,1846,339,2022-2023,10.61,Passable,Normale,Admis,1
7799,1710,351,2022-2023,9.13,Insuffisant,Rattrapage,Échec,0
7800,1431,324,2022-2023,3.76,Insuffisant,Normale,Échec,0
7801,2042,333,2020-2021,12.54,Assez Bien,Normale,Admis,1
7802,1127,333,2021-2022,9.12,Insuffisant,Normale,Échec,0
7803,1313,329,2023-2024,10.92,Passable,Normale,Admis,1
7804,1676,320,2023-2024,11.05,Passable,Normale,Admis,1
7805,1926,341,2023-2024,13.75,Assez Bien,Normale,Admis,1
7806,2010,318,2022-2023,10.52,Passable,Rattrapage,Admis,1
7807,2177,356,2021-2022,14.65,Bien,Normale,Admis,1
7808,1758,319,2020-2021,14.37,Bien,Normale,Admis,1
7809,1259,314,2024-2025,14.35,Bien,Normale,Admis,1
7810,1917,310,2022-2023,14.61,Bien,Normale,Admis,1
7811,1509,331,2024-2025,12.66,Assez Bien,Normale,Admis,1
7812,1963,340,2020-2021,9.84,Insuffisant,Rattrapage,Échec,0
7813,1035,332,2020-2021,12.58,Assez Bien,Normale,Admis,1
7814,1584,356,2022-2023,11.2,Passable,Normale,Admis,1
7815,1746,339,2022-2023,14.54,Bien,Rattrapage,Admis,1
7816,2122,354,2022-2023,7.65,Insuffisant,Normale,Échec,0
7817,2166,345,2023-2024,12.35,Assez Bien,Normale,Admis,1
7818,1946,358,2022-2023,7.57,Insuffisant,Normale,Échec,0
7819,1217,328,2023-2024,18.42,Très Bien,Normale,Admis,1
7820,1272,313,2024-2025,6.31,Insuffisant,Normale,Échec,0
7821,1699,351,2023-2024,8.92,Insuffisant,Normale,Échec,0
7822,2001,308,2021-2022,9.05,Insuffisant,Normale,Échec,0
7823,1676,324,2024-2025,14.0,Bien,Normale,Admis,1
7824,1453,322,2020-2021,14.54,Bien,Normale,Admis,1
7825,1346,350,2023-2024,16.15,Très Bien,Normale,Admis,1
7826,1883,329,2022-2023,13.67,Assez Bien,Normale,Admis,1
7827,1043,325,2022-2023,13.67,Assez Bien,Normale,Admis,1
7828,1254,351,2021-2022,17.0,Très Bien,Rattrapage,Admis,1
7829,1314,332,2021-2022,5.96,Insuffisant,Normale,Échec,0
7830,1989,326,2022-2023,17.84,Très Bien,Normale,Admis,1
7831,1405,352,2020-2021,4.28,Insuffisant,Normale,Échec,0
7832,1580,353,2022-2023,18.99,Très Bien,Normale,Admis,1
7833,1232,345,2021-2022,6.48,Insuffisant,Normale,Échec,0
7834,1566,307,2023-2024,13.21,Assez Bien,Normale,Admis,1
7835,1102,304,2022-2023,12.44,Assez Bien,Normale,Admis,1
7836,1580,324,2022-2023,13.66,Assez Bien,Normale,Admis,1
7837,2139,316,2022-2023,9.29,Insuffisant,Rattrapage,Échec,0
7838,1724,323,2024-2025,12.93,Assez Bien,Normale,Admis,1
7839,1689,357,2022-2023,13.26,Assez Bien,Rattrapage,Admis,1
7840,1892,352,2021-2022,4.62,Insuffisant,Normale,Échec,0
7841,1252,328,2024-2025,14.05,Bien,Normale,Admis,1
7842,1440,314,2022-2023,10.5,Passable,Normale,Admis,1
7843,1991,345,2023-2024,11.63,Passable,Normale,Admis,1
7844,1850,333,2020-2021,18.08,Très Bien,Normale,Admis,1
7845,2148,353,2024-2025,13.23,Assez Bien,Rattrapage,Admis,1
7846,1730,349,2020-2021,15.63,Bien,Normale,Admis,1
7847,1618,352,2024-2025,16.09,Très Bien,Normale,Admis,1
7848,1188,302,2024-2025,14.88,Bien,Normale,Admis,1
7849,1855,349,2020-2021,16.26,Très Bien,Normale,Admis,1
7850,1602,313,2020-2021,19.08,Très Bien,Normale,Admis,1
7851,1971,306,2022-2023,7.53,Insuffisant,Normale,Échec,0
7852,1676,344,2023-2024,13.59,Assez Bien,Rattrapage,Admis,1
7853,2146,321,2021-2022,12.16,Assez Bien,Normale,Admis,1
7854,1192,341,2024-2025,15.23,Bien,Normale,Admis,1
7855,1936,338,2021-2022,12.23,Assez Bien,Normale,Admis,1
7856,1457,326,2024-2025,6.18,Insuffisant,Rattrapage,Échec,0
7857,1786,357,2020-2021,12.13,Assez Bien,Normale,Admis,1
7858,1497,356,2020-2021,10.2,Passable,Normale,Admis,1
7859,1861,303,2024-2025,12.49,Assez Bien,Normale,Admis,1
7860,2180,357,2024-2025,5.83,Insuffisant,Normale,Échec,0
7861,2037,335,2022-2023,9.39,Insuffisant,Normale,Échec,0
7862,1051,306,2020-2021,11.46,Passable,Normale,Admis,1
7863,1755,324,2024-2025,18.29,Très Bien,Rattrapage,Admis,1
7864,1404,339,2020-2021,10.86,Passable,Normale,Admis,1
7865,1191,307,2022-2023,9.12,Insuffisant,Normale,Échec,0
7866,1420,312,2020-2021,10.19,Passable,Normale,Admis,1
7867,1332,326,2022-2023,15.57,Bien,Normale,Admis,1
7868,1100,303,2024-2025,8.62,Insuffisant,Normale,Échec,0
7869,1389,344,2021-2022,12.26,Assez Bien,Normale,Admis,1
7870,1445,337,2023-2024,13.7,Assez Bien,Rattrapage,Admis,1
7871,1498,332,2024-2025,13.04,Assez Bien,Normale,Admis,1
7872,1088,312,2020-2021,19.42,Très Bien,Rattrapage,Admis,1
7873,1484,335,2024-2025,10.22,Passable,Rattrapage,Admis,1
7874,1917,334,2021-2022,11.27,Passable,Normale,Admis,1
7875,1129,336,2024-2025,18.69,Très Bien,Normale,Admis,1
7876,1433,334,2022-2023,16.27,Très Bien,Normale,Admis,1
7877,1581,329,2024-2025,15.74,Bien,Normale,Admis,1
7878,1204,349,2023-2024,13.2,Assez Bien,Normale,Admis,1
7879,1928,328,2023-2024,10.02,Passable,Normale,Admis,1
7880,1509,348,2022-2023,9.18,Insuffisant,Normale,Échec,0
7881,1277,348,2020-2021,7.66,Insuffisant,Normale,Échec,0
7882,2114,315,2022-2023,13.4,Assez Bien,Normale,Admis,1
7883,2050,345,2020-2021,5.65,Insuffisant,Normale,Échec,0
7884,1381,319,2021-2022,13.46,Assez Bien,Normale,Admis,1
7885,1829,328,2022-2023,10.53,Passable,Normale,Admis,1
7886,1985,318,2021-2022,3.17,Insuffisant,Normale,Échec,0
7887,1846,320,2022-2023,14.47,Bien,Rattrapage,Admis,1
7888,1062,317,2023-2024,15.99,Bien,Normale,Admis,1
7889,2145,313,2021-2022,7.18,Insuffisant,Normale,Échec,0
7890,2014,339,2023-2024,9.81,Insuffisant,Normale,Échec,0
7891,1833,316,2023-2024,19.97,Très Bien,Rattrapage,Admis,1
7892,1671,334,2020-2021,10.56,Passable,Normale,Admis,1
7893,2126,331,2023-2024,11.33,Passable,Normale,Admis,1
7894,1620,318,2024-2025,5.01,Insuffisant,Normale,Échec,0
7895,2161,311,2022-2023,15.1,Bien,Rattrapage,Admis,1
7896,1795,334,2023-2024,11.95,Passable,Normale,Admis,1
7897,1181,320,2022-2023,14.97,Bien,Rattrapage,Admis,1
7898,1787,353,2024-2025,14.0,Bien,Normale,Admis,1
7899,1445,351,2024-2025,8.85,Insuffisant,Normale,Échec,0
7900,1686,316,2020-2021,11.32,Passable,Normale,Admis,1
7901,1670,322,2023-2024,9.91,Insuffisant,Normale,Échec,0
7902,1827,320,2021-2022,11.87,Passable,Normale,Admis,1
7903,1402,340,2022-2023,10.11,Passable,Normale,Admis,1
7904,1021,310,2023-2024,16.16,Très Bien,Normale,Admis,1
7905,2195,349,2020-2021,19.85,Très Bien,Normale,Admis,1
7906,2138,337,2023-2024,13.82,Assez Bien,Rattrapage,Admis,1
7907,1550,350,2024-2025,18.09,Très Bien,Normale,Admis,1
7908,1796,325,2023-2024,13.48,Assez Bien,Normale,Admis,1
7909,2064,305,2020-2021,13.94,Assez Bien,Normale,Admis,1
7910,2102,312,2021-2022,13.22,Assez Bien,Normale,Admis,1
7911,2181,351,2021-2022,16.0,Très Bien,Rattrapage,Admis,1
7912,1498,343,2021-2022,13.16,Assez Bien,Rattrapage,Admis,1
7913,1546,325,2024-2025,13.43,Assez Bien,Normale,Admis,1
7914,2005,309,2021-2022,11.08,Passable,Normale,Admis,1
7915,1108,315,2023-2024,9.26,Insuffisant,Normale,Échec,0
7916,1426,315,2023-2024,12.27,Assez Bien,Normale,Admis,1
7917,2143,350,2022-2023,10.97,Passable,Normale,Admis,1
7918,1110,325,2020-2021,11.32,Passable,Rattrapage,Admis,1
7919,1418,333,2023-2024,15.54,Bien,Normale,Admis,1
7920,2008,359,2022-2023,16.55,Très Bien,Rattrapage,Admis,1
7921,2067,321,2023-2024,20.0,Très Bien,Normale,Admis,1
7922,2027,316,2020-2021,5.99,Insuffisant,Normale,Échec,0
7923,1544,351,2022-2023,20.0,Très Bien,Normale,Admis,1
7924,1672,338,2023-2024,11.31,Passable,Normale,Admis,1
7925,1667,344,2023-2024,7.13,Insuffisant,Normale,Échec,0
7926,1818,342,2022-2023,12.68,Assez Bien,Normale,Admis,1
7927,1943,333,2023-2024,9.76,Insuffisant,Normale,Échec,0
7928,2151,344,2020-2021,14.1,Bien,Rattrapage,Admis,1
7929,1111,357,2022-2023,9.69,Insuffisant,Normale,Échec,0
7930,1691,305,2021-2022,9.47,Insuffisant,Normale,Échec,0
7931,1811,341,2023-2024,13.71,Assez Bien,Rattrapage,Admis,1
7932,1870,317,2022-2023,8.61,Insuffisant,Rattrapage,Échec,0
7933,1541,314,2023-2024,16.53,Très Bien,Normale,Admis,1
7934,1460,311,2023-2024,10.33,Passable,Normale,Admis,1
7935,1075,324,2023-2024,9.72,Insuffisant,Normale,Échec,0
7936,1220,317,2023-2024,13.82,Assez Bien,Normale,Admis,1
7937,1728,313,2022-2023,10.81,Passable,Normale,Admis,1
7938,1519,312,2020-2021,13.67,Assez Bien,Rattrapage,Admis,1
7939,1126,319,2021-2022,13.83,Assez Bien,Normale,Admis,1
7940,1180,344,2024-2025,17.28,Très Bien,Normale,Admis,1
7941,1884,329,2022-2023,16.6,Très Bien,Normale,Admis,1
7942,1934,346,2020-2021,14.74,Bien,Normale,Admis,1
7943,1756,309,2020-2021,14.96,Bien,Normale,Admis,1
7944,1512,321,2020-2021,14.19,Bien,Normale,Admis,1
7945,2177,306,2024-2025,13.57,Assez Bien,Normale,Admis,1
7946,2081,323,2020-2021,16.33,Très Bien,Normale,Admis,1
7947,1697,327,2022-2023,15.59,Bien,Normale,Admis,1
7948,1208,316,2021-2022,16.37,Très Bien,Normale,Admis,1
7949,1649,357,2024-2025,10.86,Passable,Rattrapage,Admis,1
7950,1655,304,2024-2025,13.02,Assez Bien,Rattrapage,Admis,1
7951,1180,341,2022-2023,16.67,Très Bien,Normale,Admis,1
7952,1385,359,2021-2022,12.87,Assez Bien,Normale,Admis,1
7953,1381,346,2024-2025,20.0,Très Bien,Normale,Admis,1
7954,2026,356,2023-2024,9.85,Insuffisant,Normale,Échec,0
7955,1867,327,2021-2022,18.83,Très Bien,Normale,Admis,1
7956,1382,355,2023-2024,13.14,Assez Bien,Rattrapage,Admis,1
7957,1098,350,2022-2023,9.97,Insuffisant,Normale,Échec,0
7958,1264,314,2021-2022,12.48,Assez Bien,Normale,Admis,1
7959,2123,307,2020-2021,18.89,Très Bien,Normale,Admis,1
7960,1824,303,2024-2025,13.32,Assez Bien,Normale,Admis,1
7961,1159,348,2023-2024,17.03,Très Bien,Rattrapage,Admis,1
7962,1089,303,2022-2023,9.88,Insuffisant,Normale,Échec,0
7963,1310,309,2024-2025,6.95,Insuffisant,Rattrapage,Échec,0
7964,1167,334,2022-2023,15.99,Bien,Rattrapage,Admis,1
7965,1716,330,2022-2023,14.38,Bien,Rattrapage,Admis,1
7966,2189,354,2023-2024,8.7,Insuffisant,Normale,Échec,0
7967,1742,340,2024-2025,14.86,Bien,Normale,Admis,1
7968,1043,322,2021-2022,11.54,Passable,Normale,Admis,1
7969,1969,302,2021-2022,13.58,Assez Bien,Normale,Admis,1
7970,1720,340,2024-2025,15.56,Bien,Normale,Admis,1
7971,1880,307,2020-2021,14.7,Bien,Normale,Admis,1
7972,1594,314,2022-2023,7.37,Insuffisant,Rattrapage,Échec,0
7973,2032,353,2021-2022,18.05,Très Bien,Normale,Admis,1
7974,1092,320,2020-2021,18.57,Très Bien,Normale,Admis,1
7975,1992,331,2022-2023,14.37,Bien,Normale,Admis,1
7976,1253,315,2020-2021,10.65,Passable,Normale,Admis,1
7977,1877,305,2020-2021,17.27,Très Bien,Normale,Admis,1
7978,1314,358,2021-2022,15.58,Bien,Normale,Admis,1
7979,1223,326,2024-2025,11.04,Passable,Rattrapage,Admis,1
7980,1934,319,2022-2023,11.65,Passable,Normale,Admis,1
7981,1412,353,2023-2024,11.17,Passable,Normale,Admis,1
7982,1226,319,2023-2024,9.87,Insuffisant,Rattrapage,Échec,0
7983,1490,354,2021-2022,9.25,Insuffisant,Rattrapage,Échec,0
7984,1090,319,2021-2022,7.88,Insuffisant,Normale,Échec,0
7985,1170,340,2021-2022,13.49,Assez Bien,Rattrapage,Admis,1
7986,1909,319,2021-2022,7.63,Insuffisant,Rattrapage,Échec,0
7987,1179,312,2023-2024,16.89,Très Bien,Normale,Admis,1
7988,1871,327,2022-2023,13.81,Assez Bien,Normale,Admis,1
7989,1816,355,2020-2021,8.91,Insuffisant,Normale,Échec,0
7990,1360,315,2021-2022,4.65,Insuffisant,Rattrapage,Échec,0
7991,1823,306,2023-2024,16.15,Très Bien,Normale,Admis,1
7992,1729,322,2024-2025,13.25,Assez Bien,Rattrapage,Admis,1
7993,1046,327,2021-2022,16.17,Très Bien,Normale,Admis,1
7994,1514,330,2022-2023,15.04,Bien,Rattrapage,Admis,1
7995,1680,322,2021-2022,15.52,Bien,Normale,Admis,1
7996,1863,330,2021-2022,14.92,Bien,Normale,Admis,1
7997,1111,344,2021-2022,10.82,Passable,Normale,Admis,1
7998,1830,341,2023-2024,6.35,Insuffisant,Rattrapage,Échec,0
7999,1118,310,2023-2024,8.41,Insuffisant,Rattrapage,Échec,0
8000,1644,308,2020-2021,12.23,Assez Bien,Rattrapage,Admis,1
