id_seance,id_module,id_professeur,id_salle,date_seance,heure_debut,heure_fin,effectuee,retard_minutes,nb_etudiants_presents,duree_minutes,annee_seance
7001,345,446,530,2023-05-12,17:00,12:30,Oui,5,45,270,2023
7002,332,418,538,2023-03-07,10:30,17:00,Oui,0,42,390,2023
7003,322,429,509,2024-12-08,10:30,10:30,Oui,0,67,0,2024
7004,350,441,503,2023-02-05,17:00,19:00,Non,0,78,120,2023
7005,355,414,521,2024-11-06,17:00,17:00,Oui,0,114,0,2024
7006,348,433,536,2022-09-18,10:30,12:30,Oui,0,120,120,2022
7007,347,468,502,2022-10-31,13:00,17:00,Oui,0,29,240,2022
7008,331,443,536,2023-05-20,17:00,10:30,Oui,0,46,390,2023
7009,315,436,525,2024-07-15,15:00,15:00,Oui,5,108,0,2024
7010,347,468,519,2023-05-04,15:00,10:30,Non,0,94,270,2023
7011,331,443,514,2024-11-11,13:00,12:30,Oui,0,22,30,2024
7012,334,479,505,2024-05-30,08:30,19:00,Oui,0,96,630,2024
7013,321,403,537,2024-04-10,13:00,12:30,Oui,0,44,30,2024
7014,344,427,526,2025-05-05,08:30,19:00,Oui,0,32,630,2025
7015,341,431,527,2023-10-04,10:30,12:30,Oui,0,92,120,2023
7016,314,453,539,2023-06-30,15:00,15:00,Oui,10,57,0,2023
7017,353,429,522,2025-01-04,13:00,10:30,Oui,0,104,150,2025
7018,305,470,519,2023-05-25,15:00,10:30,Oui,0,61,270,2023
7019,318,474,502,2024-07-23,15:00,17:00,Oui,0,70,120,2024
7020,325,431,503,2023-03-16,10:30,17:00,Oui,5,114,390,2023
7021,326,472,502,2022-11-26,08:30,19:00,Non,15,41,630,2022
7022,314,453,524,2024-11-08,17:00,10:30,Oui,0,119,390,2024
7023,348,433,502,2024-10-31,15:00,10:30,Oui,0,56,270,2024
7024,312,449,514,2023-03-24,10:30,15:00,Non,0,58,270,2023
7025,351,416,523,2022-12-16,17:00,19:00,Oui,0,38,120,2022
7026,348,433,528,2023-04-11,15:00,17:00,Oui,0,112,120,2023
7027,304,444,536,2023-06-20,17:00,15:00,Oui,0,52,120,2023
7028,352,451,503,2023-04-26,17:00,10:30,Oui,0,116,390,2023
7029,351,416,534,2025-03-05,13:00,15:00,Oui,0,45,120,2025
7030,302,430,531,2023-06-07,10:30,12:30,Oui,0,97,120,2023
7031,331,443,524,2023-05-13,13:00,17:00,Oui,0,103,240,2023
7032,352,451,502,2022-12-07,17:00,19:00,Oui,0,105,120,2022
7033,302,430,505,2024-04-15,10:30,10:30,Oui,0,106,0,2024
7034,310,411,529,2024-02-05,10:30,17:00,Oui,0,111,390,2024
7035,337,405,539,2025-01-09,17:00,17:00,Oui,0,114,0,2025
7036,355,414,519,2025-03-23,17:00,15:00,Oui,0,33,120,2025
7037,321,403,535,2024-09-19,17:00,12:30,Oui,0,33,270,2024
7038,316,438,522,2023-03-30,17:00,15:00,Oui,0,87,120,2023
7039,342,427,540,2023-10-04,10:30,10:30,Non,0,38,0,2023
7040,318,474,515,2024-04-25,15:00,17:00,Oui,0,87,120,2024
7041,353,429,536,2022-12-22,08:30,19:00,Oui,5,75,630,2022
7042,317,466,510,2024-11-24,15:00,17:00,Oui,0,18,120,2024
7043,354,419,529,2023-08-23,13:00,19:00,Oui,0,107,360,2023
7044,354,419,515,2023-11-26,17:00,15:00,Oui,0,98,120,2023
7045,315,436,516,2023-06-11,17:00,10:30,Oui,0,119,390,2023
7046,353,429,519,2022-09-07,15:00,10:30,Oui,0,33,270,2022
7047,337,405,537,2025-02-06,17:00,12:30,Oui,0,66,270,2025
7048,339,408,538,2024-09-04,10:30,17:00,Oui,0,99,390,2024
7049,322,429,518,2023-03-11,15:00,19:00,Oui,0,63,240,2023
7050,322,429,523,2024-12-12,10:30,10:30,Oui,10,86,0,2024
7051,345,446,531,2025-01-20,10:30,12:30,Oui,0,118,120,2025
7052,330,436,534,2024-06-04,08:30,15:00,Oui,0,39,390,2024
7053,341,431,518,2024-11-25,10:30,19:00,Oui,5,116,510,2024
7054,356,412,520,2024-03-10,08:30,10:30,Oui,0,36,120,2024
7055,308,425,531,2023-12-03,17:00,17:00,Oui,0,91,0,2023
7056,302,430,526,2024-11-06,08:30,10:30,Oui,0,112,120,2024
7057,308,425,525,2025-06-28,08:30,12:30,Oui,0,119,240,2025
7058,316,438,540,2024-07-17,08:30,10:30,Oui,0,23,120,2024
7059,336,444,525,2022-12-24,13:00,10:30,Oui,0,52,150,2022
7060,309,403,539,2023-01-28,13:00,10:30,Oui,0,73,150,2023
7061,325,431,527,2023-08-29,17:00,12:30,Oui,0,89,270,2023
7062,325,431,529,2024-12-21,08:30,15:00,Oui,0,43,390,2024
7063,322,429,518,2024-03-07,15:00,17:00,Oui,0,71,120,2024
7064,349,476,539,2024-03-30,08:30,17:00,Oui,0,32,510,2024
7065,341,431,526,2024-12-22,17:00,12:30,Oui,20,59,270,2024
7066,342,427,502,2023-03-08,15:00,17:00,Oui,0,64,120,2023
7067,306,424,504,2023-07-27,17:00,10:30,Oui,0,113,390,2023
7068,301,452,517,2022-10-17,17:00,19:00,Oui,0,48,120,2022
7069,301,452,505,2023-10-05,15:00,12:30,Oui,0,26,150,2023
7070,329,423,509,2024-06-05,10:30,12:30,Oui,0,59,120,2024
7071,323,414,526,2023-04-11,08:30,17:00,Oui,20,16,510,2023
7072,310,411,514,2023-08-03,08:30,19:00,Oui,0,35,630,2023
7073,344,427,501,2024-10-17,15:00,12:30,Oui,10,120,150,2024
7074,359,459,533,2024-06-12,15:00,19:00,Oui,0,88,240,2024
7075,340,438,523,2024-10-10,10:30,17:00,Oui,0,24,390,2024
7076,347,468,535,2024-04-30,17:00,10:30,Oui,0,107,390,2024
7077,305,470,511,2024-06-23,15:00,15:00,Oui,0,80,0,2024
7078,317,466,503,2023-03-13,13:00,10:30,Oui,0,45,150,2023
7079,317,466,529,2023-10-25,08:30,17:00,Oui,0,75,510,2023
7080,340,438,535,2023-04-10,15:00,17:00,Oui,0,100,120,2023
7081,334,479,533,2023-08-15,08:30,10:30,Oui,5,35,120,2023
7082,308,425,506,2025-06-03,17:00,19:00,Oui,0,120,120,2025
7083,330,436,512,2023-03-29,13:00,19:00,Oui,0,68,360,2023
7084,335,408,511,2024-07-28,15:00,19:00,Oui,0,71,240,2024
7085,335,408,515,2025-01-20,10:30,19:00,Oui,0,46,510,2025
7086,323,414,508,2023-08-29,13:00,17:00,Oui,0,18,240,2023
7087,302,430,522,2023-12-13,15:00,10:30,Oui,0,78,270,2023
7088,304,444,538,2025-01-25,08:30,17:00,Oui,0,76,510,2025
7089,310,411,504,2024-12-03,15:00,12:30,Oui,0,66,150,2024
7090,308,425,534,2023-06-28,08:30,15:00,Oui,0,112,390,2023
7091,301,452,501,2024-10-10,08:30,12:30,Oui,0,38,240,2024
7092,326,472,515,2024-08-16,10:30,10:30,Oui,0,65,0,2024
7093,316,438,524,2022-10-01,17:00,17:00,Oui,0,28,0,2022
7094,360,468,517,2024-12-08,08:30,19:00,Oui,0,98,630,2024
7095,301,452,512,2023-01-27,10:30,15:00,Non,0,87,270,2023
7096,339,408,526,2025-03-24,08:30,19:00,Oui,0,90,630,2025
7097,338,438,535,2024-03-03,17:00,19:00,Oui,0,84,120,2024
7098,343,428,519,2022-10-04,10:30,10:30,Non,0,57,0,2022
7099,302,430,503,2023-12-15,17:00,17:00,Oui,10,107,0,2023
7100,338,438,539,2024-01-27,13:00,12:30,Oui,5,53,30,2024
7101,333,460,539,2024-07-23,17:00,19:00,Oui,10,85,120,2024
7102,346,425,505,2023-02-20,15:00,19:00,Oui,10,79,240,2023
7103,332,418,530,2022-11-13,15:00,10:30,Oui,0,60,270,2022
7104,357,413,512,2023-12-26,15:00,17:00,Oui,0,64,120,2023
7105,340,438,531,2023-10-07,10:30,10:30,Oui,10,93,0,2023
7106,305,470,529,2024-03-16,08:30,19:00,Oui,0,23,630,2024
7107,354,419,530,2025-06-10,15:00,17:00,Oui,0,84,120,2025
7108,333,460,510,2025-02-10,10:30,12:30,Oui,10,55,120,2025
7109,318,474,534,2023-10-07,08:30,19:00,Oui,0,55,630,2023
7110,305,470,534,2022-09-02,10:30,12:30,Oui,0,62,120,2022
7111,309,403,504,2024-03-05,13:00,17:00,Oui,5,63,240,2024
7112,359,459,540,2024-07-11,17:00,10:30,Oui,0,18,390,2024
7113,351,416,508,2023-08-10,17:00,12:30,Oui,0,114,270,2023
7114,319,468,522,2024-10-07,10:30,19:00,Oui,0,65,510,2024
7115,350,441,530,2024-11-16,13:00,19:00,Oui,0,52,360,2024
7116,343,428,512,2024-01-19,10:30,19:00,Oui,0,109,510,2024
7117,315,436,537,2024-03-05,10:30,12:30,Oui,0,84,120,2024
7118,321,403,537,2023-03-31,10:30,15:00,Oui,0,25,270,2023
7119,320,465,521,2023-09-18,13:00,17:00,Oui,0,37,240,2023
7120,351,416,522,2024-11-05,17:00,12:30,Oui,0,66,270,2024
7121,341,431,538,2023-11-28,10:30,15:00,Oui,0,82,270,2023
7122,356,412,539,2024-09-27,17:00,10:30,Oui,10,86,390,2024
7123,342,427,526,2024-09-26,15:00,19:00,Oui,0,48,240,2024
7124,319,468,525,2024-06-26,13:00,17:00,Oui,0,113,240,2024
7125,301,452,519,2024-02-18,10:30,15:00,Oui,0,95,270,2024
7126,353,429,540,2023-05-04,17:00,19:00,Oui,0,24,120,2023
7127,340,438,508,2025-05-13,10:30,10:30,Oui,0,40,0,2025
7128,317,466,534,2024-07-15,13:00,10:30,Oui,20,26,150,2024
7129,343,428,524,2023-11-05,08:30,15:00,Oui,0,52,390,2023
7130,317,466,530,2023-04-09,13:00,12:30,Oui,0,28,30,2023
7131,343,428,514,2023-08-22,10:30,17:00,Oui,0,75,390,2023
7132,344,427,534,2023-03-19,15:00,17:00,Oui,0,55,120,2023
7133,315,436,503,2022-10-03,13:00,12:30,Non,0,104,30,2022
7134,311,461,507,2024-04-03,08:30,10:30,Non,5,114,120,2024
7135,301,452,523,2023-08-30,17:00,19:00,Oui,15,30,120,2023
7136,313,440,538,2025-04-26,17:00,12:30,Oui,0,111,270,2025
7137,310,411,531,2022-09-14,10:30,12:30,Oui,0,80,120,2022
7138,353,429,534,2024-08-14,10:30,15:00,Oui,0,86,270,2024
7139,313,440,528,2024-12-31,13:00,19:00,Oui,10,79,360,2024
7140,338,438,527,2025-03-10,13:00,15:00,Oui,0,36,120,2025
7141,360,468,509,2025-06-06,17:00,15:00,Oui,15,109,120,2025
7142,348,433,518,2024-07-27,15:00,15:00,Oui,10,116,0,2024
7143,341,431,521,2024-04-12,10:30,15:00,Oui,0,93,270,2024
7144,322,429,508,2023-02-17,15:00,15:00,Oui,0,18,0,2023
7145,350,441,509,2022-09-13,08:30,12:30,Oui,0,117,240,2022
7146,343,428,520,2024-10-02,17:00,12:30,Oui,0,24,270,2024
7147,348,433,516,2023-05-27,08:30,15:00,Oui,0,55,390,2023
7148,321,403,505,2023-11-01,13:00,17:00,Oui,5,19,240,2023
7149,319,468,534,2023-10-23,15:00,19:00,Oui,10,109,240,2023
7150,327,465,512,2023-03-25,13:00,19:00,Oui,10,82,360,2023
7151,331,443,540,2024-10-24,17:00,17:00,Oui,0,33,0,2024
7152,331,443,532,2023-11-29,15:00,15:00,Oui,0,97,0,2023
7153,338,438,527,2023-07-04,10:30,15:00,Oui,0,80,270,2023
7154,334,479,511,2024-09-25,08:30,19:00,Oui,0,42,630,2024
7155,337,405,512,2023-04-05,10:30,10:30,Oui,0,31,0,2023
7156,313,440,513,2023-06-21,08:30,15:00,Oui,0,94,390,2023
7157,301,452,506,2022-12-30,08:30,10:30,Oui,0,81,120,2022
7158,321,403,516,2024-12-29,10:30,12:30,Oui,20,106,120,2024
7159,324,448,536,2025-04-06,17:00,12:30,Oui,0,113,270,2025
7160,319,468,531,2024-12-06,08:30,17:00,Oui,0,37,510,2024
7161,329,423,512,2024-08-17,13:00,15:00,Oui,5,110,120,2024
7162,306,424,524,2024-02-27,15:00,12:30,Oui,10,88,150,2024
7163,321,403,503,2024-06-28,08:30,19:00,Oui,0,119,630,2024
7164,303,448,530,2024-10-23,17:00,12:30,Oui,15,108,270,2024
7165,356,412,507,2024-11-12,10:30,17:00,Oui,0,30,390,2024
7166,324,448,531,2023-08-26,10:30,12:30,Oui,0,71,120,2023
7167,312,449,514,2023-09-17,08:30,15:00,Non,0,38,390,2023
7168,337,405,512,2023-07-15,17:00,19:00,Oui,0,42,120,2023
7169,307,438,527,2023-08-17,15:00,15:00,Non,0,99,0,2023
7170,322,429,538,2023-02-02,10:30,19:00,Oui,0,85,510,2023
7171,302,430,510,2023-12-29,13:00,15:00,Oui,20,104,120,2023
7172,320,465,516,2023-10-22,13:00,15:00,Oui,0,68,120,2023
7173,311,461,508,2025-05-29,15:00,17:00,Oui,10,43,120,2025
7174,350,441,511,2024-11-14,08:30,19:00,Oui,0,57,630,2024
7175,351,416,517,2024-02-02,15:00,19:00,Oui,0,106,240,2024
7176,346,425,508,2023-09-05,17:00,19:00,Oui,0,71,120,2023
7177,353,429,501,2023-09-18,15:00,10:30,Oui,10,35,270,2023
7178,343,428,504,2024-07-10,17:00,17:00,Oui,0,112,0,2024
7179,319,468,534,2025-06-16,10:30,17:00,Oui,0,105,390,2025
7180,305,470,521,2023-06-11,17:00,19:00,Oui,0,46,120,2023
7181,310,411,509,2023-07-03,08:30,12:30,Oui,15,116,240,2023
7182,312,449,524,2024-11-22,08:30,19:00,Oui,0,39,630,2024
7183,304,444,512,2022-11-17,13:00,19:00,Oui,0,77,360,2022
7184,327,465,539,2025-04-11,17:00,19:00,Oui,0,71,120,2025
7185,359,459,523,2023-11-06,13:00,19:00,Oui,5,60,360,2023
7186,331,443,512,2023-12-29,15:00,10:30,Oui,0,117,270,2023
7187,326,472,503,2023-10-19,13:00,12:30,Oui,10,64,30,2023
7188,353,429,506,2024-06-18,08:30,15:00,Oui,0,35,390,2024
7189,343,428,514,2023-03-11,10:30,19:00,Oui,0,36,510,2023
7190,343,428,538,2024-08-14,08:30,15:00,Oui,0,40,390,2024
7191,320,465,531,2024-03-21,17:00,12:30,Oui,0,22,270,2024
7192,356,412,540,2023-10-08,17:00,17:00,Oui,0,75,0,2023
7193,319,468,506,2023-11-05,15:00,10:30,Oui,0,92,270,2023
7194,304,444,508,2023-06-25,10:30,12:30,Oui,0,29,120,2023
7195,310,411,514,2023-07-20,15:00,17:00,Oui,0,74,120,2023
7196,343,428,509,2022-12-19,08:30,10:30,Oui,15,29,120,2022
7197,331,443,525,2024-12-03,10:30,10:30,Oui,0,30,0,2024
7198,306,424,540,2022-11-05,13:00,19:00,Oui,0,112,360,2022
7199,305,470,529,2024-01-23,17:00,12:30,Oui,0,19,270,2024
7200,325,431,519,2023-09-30,13:00,12:30,Oui,0,83,30,2023
7201,360,468,501,2023-09-02,13:00,19:00,Oui,5,28,360,2023
7202,352,451,510,2024-03-31,08:30,15:00,Oui,0,17,390,2024
7203,338,438,536,2024-11-17,10:30,15:00,Oui,0,16,270,2024
7204,303,448,537,2024-06-30,10:30,19:00,Non,0,51,510,2024
7205,331,443,525,2023-05-22,17:00,12:30,Oui,0,104,270,2023
7206,301,452,524,2024-08-17,08:30,10:30,Oui,0,118,120,2024
7207,321,403,514,2024-08-08,17:00,17:00,Oui,0,120,0,2024
7208,326,472,502,2023-03-19,15:00,10:30,Oui,0,33,270,2023
7209,357,413,518,2023-09-26,13:00,19:00,Oui,0,56,360,2023
7210,356,412,535,2024-09-20,10:30,12:30,Oui,0,18,120,2024
7211,302,430,517,2023-02-01,10:30,10:30,Oui,0,33,0,2023
7212,352,451,531,2022-12-20,13:00,19:00,Oui,0,35,360,2022
7213,311,461,531,2023-12-17,13:00,10:30,Oui,0,36,150,2023
7214,339,408,539,2023-01-04,08:30,17:00,Oui,0,69,510,2023
7215,329,423,538,2022-10-16,10:30,12:30,Oui,0,51,120,2022
7216,328,467,534,2023-04-08,13:00,12:30,Oui,0,120,30,2023
7217,307,438,501,2023-11-29,13:00,10:30,Oui,0,46,150,2023
7218,325,431,504,2023-05-14,13:00,17:00,Oui,10,78,240,2023
7219,348,433,537,2025-03-13,13:00,19:00,Oui,0,23,360,2025
7220,329,423,524,2025-02-23,13:00,15:00,Oui,0,51,120,2025
7221,311,461,528,2023-08-20,13:00,17:00,Non,0,28,240,2023
7222,327,465,509,2024-01-28,08:30,10:30,Oui,0,20,120,2024
7223,329,423,536,2022-12-31,17:00,10:30,Oui,10,19,390,2022
7224,323,414,514,2022-10-25,15:00,19:00,Oui,0,44,240,2022
7225,316,438,507,2025-03-09,08:30,17:00,Oui,0,35,510,2025
7226,335,408,528,2022-11-27,17:00,10:30,Oui,10,118,390,2022
7227,320,465,524,2025-03-06,17:00,10:30,Oui,0,107,390,2025
7228,317,466,507,2024-08-02,15:00,10:30,Oui,0,40,270,2024
7229,304,444,533,2022-11-26,08:30,12:30,Oui,0,21,240,2022
7230,351,416,530,2023-12-14,08:30,15:00,Oui,0,61,390,2023
7231,306,424,534,2024-03-18,10:30,17:00,Oui,0,37,390,2024
7232,309,403,508,2023-10-08,17:00,17:00,Oui,0,38,0,2023
7233,359,459,523,2024-08-28,15:00,19:00,Oui,0,47,240,2024
7234,327,465,532,2022-10-31,17:00,10:30,Oui,0,57,390,2022
7235,313,440,513,2023-10-16,10:30,17:00,Oui,0,47,390,2023
7236,312,449,528,2024-11-15,10:30,10:30,Oui,0,60,0,2024
7237,330,436,538,2023-01-10,10:30,17:00,Oui,15,17,390,2023
7238,315,436,503,2022-12-27,15:00,17:00,Non,15,69,120,2022
7239,342,427,507,2024-05-29,17:00,10:30,Non,0,111,390,2024
7240,309,403,505,2023-04-27,17:00,17:00,Oui,0,100,0,2023
7241,355,414,530,2023-05-13,08:30,10:30,Oui,0,110,120,2023
7242,306,424,517,2023-12-28,17:00,10:30,Oui,0,120,390,2023
7243,325,431,537,2024-03-06,13:00,12:30,Oui,0,100,30,2024
7244,357,413,505,2024-06-10,08:30,15:00,Oui,0,93,390,2024
7245,329,423,539,2025-06-24,17:00,15:00,Oui,0,97,120,2025
7246,334,479,539,2025-06-14,15:00,19:00,Oui,20,82,240,2025
7247,348,433,532,2023-12-03,10:30,17:00,Oui,0,90,390,2023
7248,324,448,529,2023-05-05,15:00,19:00,Oui,0,86,240,2023
7249,323,414,519,2023-03-29,15:00,10:30,Oui,0,34,270,2023
7250,343,428,514,2025-05-21,08:30,17:00,Oui,0,76,510,2025
7251,305,470,537,2024-02-28,10:30,15:00,Oui,10,70,270,2024
7252,338,438,512,2023-11-06,17:00,19:00,Oui,0,91,120,2023
7253,351,416,519,2023-04-22,15:00,10:30,Non,5,23,270,2023
7254,334,479,517,2023-08-05,10:30,10:30,Oui,0,42,0,2023
7255,353,429,530,2022-12-14,17:00,12:30,Oui,0,28,270,2022
7256,327,465,506,2024-12-20,10:30,10:30,Oui,10,95,0,2024
7257,351,416,517,2023-03-14,17:00,10:30,Oui,0,45,390,2023
7258,311,461,524,2025-06-30,17:00,17:00,Oui,0,33,0,2025
7259,309,403,508,2023-02-19,08:30,19:00,Non,0,79,630,2023
7260,348,433,538,2024-04-16,17:00,10:30,Oui,15,119,390,2024
7261,360,468,505,2024-11-26,13:00,19:00,Oui,10,32,360,2024
7262,340,438,511,2023-05-05,13:00,19:00,Oui,0,80,360,2023
7263,306,424,515,2025-02-18,13:00,17:00,Non,0,16,240,2025
7264,302,430,535,2023-08-20,08:30,15:00,Oui,0,84,390,2023
7265,334,479,503,2025-01-05,15:00,10:30,Oui,10,38,270,2025
7266,311,461,513,2024-10-18,13:00,19:00,Oui,0,66,360,2024
7267,311,461,506,2023-02-20,17:00,17:00,Non,0,101,0,2023
7268,335,408,538,2024-03-07,17:00,17:00,Oui,0,86,0,2024
7269,302,430,533,2023-07-06,15:00,19:00,Oui,0,100,240,2023
7270,352,451,531,2022-12-12,17:00,15:00,Oui,0,44,120,2022
7271,326,472,508,2024-02-12,08:30,19:00,Oui,0,69,630,2024
7272,336,444,508,2024-08-27,15:00,19:00,Oui,0,97,240,2024
7273,359,459,516,2023-08-29,17:00,19:00,Oui,0,43,120,2023
7274,308,425,522,2024-10-12,15:00,19:00,Oui,0,117,240,2024
7275,343,428,526,2023-09-08,08:30,19:00,Oui,0,68,630,2023
7276,326,472,519,2024-10-10,10:30,15:00,Oui,0,93,270,2024
7277,306,424,528,2022-10-23,17:00,15:00,Oui,0,34,120,2022
7278,352,451,505,2025-02-26,17:00,15:00,Oui,0,28,120,2025
7279,353,429,525,2023-06-19,13:00,19:00,Oui,0,112,360,2023
7280,308,425,516,2024-12-11,17:00,12:30,Oui,0,15,270,2024
7281,316,438,533,2023-11-29,15:00,19:00,Oui,20,104,240,2023
7282,322,429,533,2023-12-11,15:00,12:30,Oui,0,48,150,2023
7283,330,436,526,2025-05-10,17:00,17:00,Oui,0,92,0,2025
7284,349,476,537,2023-01-18,17:00,10:30,Oui,15,26,390,2023
7285,337,405,520,2023-01-30,08:30,19:00,Oui,0,111,630,2023
7286,325,431,516,2024-09-02,17:00,12:30,Oui,0,120,270,2024
7287,301,452,514,2024-12-13,10:30,17:00,Oui,0,107,390,2024
7288,358,477,527,2022-09-01,10:30,10:30,Oui,0,47,0,2022
7289,353,429,521,2023-03-13,08:30,12:30,Oui,10,61,240,2023
7290,309,403,518,2024-05-11,13:00,10:30,Oui,0,93,150,2024
7291,309,403,507,2025-01-26,08:30,12:30,Oui,0,104,240,2025
7292,333,460,519,2024-03-14,17:00,17:00,Oui,0,66,0,2024
7293,348,433,505,2025-04-20,15:00,10:30,Oui,0,113,270,2025
7294,343,428,534,2023-05-18,17:00,19:00,Oui,20,88,120,2023
7295,356,412,535,2022-11-25,08:30,17:00,Oui,0,74,510,2022
7296,360,468,536,2023-06-25,08:30,17:00,Oui,20,49,510,2023
7297,318,474,527,2023-04-03,13:00,19:00,Oui,0,38,360,2023
7298,306,424,526,2024-10-11,17:00,17:00,Non,0,93,0,2024
7299,323,414,535,2024-01-23,17:00,17:00,Oui,0,104,0,2024
7300,319,468,540,2025-02-18,17:00,17:00,Oui,0,87,0,2025
7301,349,476,520,2023-03-04,17:00,15:00,Oui,0,55,120,2023
7302,348,433,504,2023-04-15,10:30,19:00,Oui,0,101,510,2023
7303,318,474,512,2022-12-29,15:00,15:00,Oui,0,46,0,2022
7304,351,416,525,2022-12-01,08:30,17:00,Oui,0,25,510,2022
7305,325,431,528,2023-01-05,17:00,19:00,Oui,0,111,120,2023
7306,302,430,536,2024-11-17,13:00,12:30,Oui,10,67,30,2024
7307,319,468,509,2023-03-24,13:00,15:00,Oui,0,62,120,2023
7308,314,453,539,2022-12-24,08:30,10:30,Oui,0,18,120,2022
7309,335,408,539,2024-05-09,13:00,19:00,Oui,0,89,360,2024
7310,349,476,517,2023-09-02,15:00,17:00,Oui,20,102,120,2023
7311,342,427,518,2025-02-07,15:00,10:30,Oui,0,56,270,2025
7312,348,433,528,2024-02-19,13:00,15:00,Oui,5,69,120,2024
7313,305,470,524,2025-05-31,13:00,19:00,Oui,0,18,360,2025
7314,359,459,537,2025-03-11,13:00,15:00,Oui,0,43,120,2025
7315,335,408,513,2022-10-30,10:30,15:00,Oui,0,48,270,2022
7316,340,438,526,2024-10-20,10:30,17:00,Oui,0,58,390,2024
7317,339,408,519,2022-12-20,13:00,19:00,Oui,0,92,360,2022
7318,341,431,523,2023-12-13,08:30,17:00,Oui,5,35,510,2023
7319,313,440,512,2023-05-01,13:00,12:30,Oui,20,112,30,2023
7320,355,414,529,2025-01-24,15:00,17:00,Non,0,54,120,2025
7321,328,467,526,2023-06-03,17:00,10:30,Oui,5,64,390,2023
7322,313,440,502,2023-04-01,13:00,10:30,Oui,0,26,150,2023
7323,350,441,524,2025-06-27,13:00,19:00,Oui,0,117,360,2025
7324,334,479,534,2024-11-04,08:30,19:00,Non,0,16,630,2024
7325,325,431,507,2025-04-29,15:00,17:00,Oui,0,106,120,2025
7326,340,438,532,2023-05-20,08:30,12:30,Oui,0,88,240,2023
7327,308,425,539,2024-09-03,08:30,15:00,Oui,0,72,390,2024
7328,307,438,509,2024-12-15,10:30,17:00,Oui,0,24,390,2024
7329,312,449,510,2023-04-16,08:30,12:30,Oui,0,82,240,2023
7330,321,403,517,2023-12-13,15:00,15:00,Oui,0,44,0,2023
7331,346,425,528,2024-08-09,15:00,19:00,Oui,0,21,240,2024
7332,324,448,530,2024-08-18,10:30,15:00,Non,10,48,270,2024
7333,326,472,533,2023-08-25,08:30,19:00,Oui,10,103,630,2023
7334,323,414,515,2025-06-28,13:00,15:00,Oui,10,117,120,2025
7335,318,474,518,2022-12-06,15:00,15:00,Oui,15,54,0,2022
7336,340,438,524,2024-04-07,13:00,12:30,Oui,0,40,30,2024
7337,343,428,505,2023-04-17,10:30,12:30,Oui,0,106,120,2023
7338,336,444,529,2024-04-07,17:00,17:00,Oui,0,102,0,2024
7339,312,449,540,2023-02-21,15:00,12:30,Oui,0,46,150,2023
7340,345,446,519,2023-08-07,08:30,12:30,Oui,0,86,240,2023
7341,345,446,535,2024-10-17,08:30,17:00,Oui,10,60,510,2024
7342,343,428,501,2023-01-03,08:30,19:00,Oui,0,115,630,2023
7343,319,468,525,2024-01-19,13:00,15:00,Oui,0,106,120,2024
7344,354,419,513,2022-11-07,10:30,15:00,Oui,0,107,270,2022
7345,331,443,535,2025-06-27,13:00,19:00,Oui,10,44,360,2025
7346,325,431,522,2023-12-15,08:30,10:30,Oui,0,104,120,2023
7347,355,414,507,2023-01-20,15:00,17:00,Oui,0,75,120,2023
7348,319,468,533,2024-04-09,08:30,17:00,Oui,0,59,510,2024
7349,307,438,512,2024-03-25,13:00,15:00,Oui,0,48,120,2024
7350,352,451,528,2022-12-19,10:30,19:00,Oui,0,61,510,2022
7351,335,408,505,2025-05-01,10:30,17:00,Oui,5,105,390,2025
7352,333,460,536,2023-04-08,13:00,12:30,Oui,0,97,30,2023
7353,323,414,539,2023-05-11,15:00,19:00,Oui,0,80,240,2023
7354,351,416,517,2024-10-30,17:00,19:00,Oui,0,69,120,2024
7355,360,468,538,2023-07-15,17:00,10:30,Oui,0,54,390,2023
7356,342,427,521,2025-05-13,10:30,17:00,Oui,0,28,390,2025
7357,332,418,518,2025-03-09,13:00,17:00,Oui,0,44,240,2025
7358,332,418,503,2023-03-03,17:00,19:00,Oui,0,110,120,2023
7359,314,453,525,2024-01-31,10:30,12:30,Oui,0,86,120,2024
7360,350,441,515,2025-03-09,10:30,12:30,Oui,0,87,120,2025
7361,344,427,507,2023-07-07,17:00,17:00,Non,0,18,0,2023
7362,346,425,526,2023-07-19,17:00,12:30,Non,20,37,270,2023
7363,341,431,534,2022-12-11,17:00,12:30,Oui,0,36,270,2022
7364,359,459,510,2023-05-07,08:30,10:30,Oui,5,38,120,2023
7365,322,429,515,2023-08-26,08:30,10:30,Oui,0,103,120,2023
7366,340,438,534,2024-10-30,15:00,10:30,Oui,5,20,270,2024
7367,347,468,502,2025-05-12,08:30,10:30,Oui,10,85,120,2025
7368,310,411,506,2024-04-28,15:00,10:30,Oui,0,51,270,2024
7369,339,408,504,2023-12-26,13:00,15:00,Oui,0,98,120,2023
7370,346,425,516,2023-02-22,08:30,17:00,Oui,15,50,510,2023
7371,309,403,527,2023-06-11,13:00,17:00,Oui,0,90,240,2023
7372,357,413,521,2023-03-20,10:30,10:30,Oui,0,73,0,2023
7373,359,459,526,2023-09-09,13:00,15:00,Oui,5,110,120,2023
7374,335,408,538,2024-10-16,08:30,15:00,Oui,0,17,390,2024
7375,342,427,503,2025-02-09,15:00,17:00,Oui,0,49,120,2025
7376,348,433,506,2023-01-30,15:00,15:00,Oui,0,53,0,2023
7377,353,429,506,2023-03-04,10:30,15:00,Oui,0,15,270,2023
7378,344,427,529,2024-06-25,17:00,19:00,Oui,0,49,120,2024
7379,342,427,540,2025-04-19,17:00,10:30,Oui,0,62,390,2025
7380,301,452,536,2023-10-04,17:00,12:30,Oui,0,52,270,2023
7381,329,423,536,2023-06-16,17:00,19:00,Oui,0,94,120,2023
7382,324,448,526,2023-07-24,15:00,10:30,Oui,0,82,270,2023
7383,352,451,515,2025-02-04,17:00,19:00,Oui,0,30,120,2025
7384,359,459,531,2025-05-21,08:30,15:00,Oui,10,18,390,2025
7385,320,465,524,2025-01-26,15:00,10:30,Oui,10,87,270,2025
7386,303,448,530,2024-10-12,17:00,12:30,Oui,0,31,270,2024
7387,355,414,502,2023-02-26,13:00,17:00,Oui,5,95,240,2023
7388,358,477,534,2023-09-18,13:00,10:30,Oui,0,85,150,2023
7389,340,438,501,2024-09-24,08:30,17:00,Non,15,61,510,2024
7390,342,427,522,2024-06-05,08:30,17:00,Non,0,77,510,2024
7391,360,468,530,2024-04-18,10:30,17:00,Oui,0,52,390,2024
7392,331,443,525,2023-09-14,08:30,19:00,Oui,0,101,630,2023
7393,321,403,536,2023-06-24,17:00,19:00,Oui,0,66,120,2023
7394,322,429,509,2025-02-09,10:30,12:30,Oui,0,92,120,2025
7395,315,436,531,2024-07-16,08:30,17:00,Oui,10,21,510,2024
7396,325,431,517,2024-09-20,10:30,10:30,Oui,5,120,0,2024
7397,346,425,536,2024-08-10,13:00,17:00,Oui,0,20,240,2024
7398,347,468,521,2025-02-08,10:30,10:30,Oui,15,88,0,2025
7399,313,440,510,2023-05-17,13:00,17:00,Oui,10,15,240,2023
7400,302,430,537,2022-10-07,08:30,10:30,Non,0,95,120,2022
7401,331,443,526,2023-11-24,13:00,17:00,Oui,0,50,240,2023
7402,353,429,504,2025-03-29,10:30,15:00,Oui,20,75,270,2025
7403,357,413,512,2025-06-27,17:00,19:00,Oui,0,56,120,2025
7404,360,468,518,2022-09-11,15:00,19:00,Oui,0,98,240,2022
7405,330,436,534,2023-09-10,13:00,17:00,Oui,0,45,240,2023
7406,314,453,506,2023-06-07,08:30,17:00,Non,0,84,510,2023
7407,329,423,524,2022-09-13,08:30,15:00,Oui,0,86,390,2022
7408,348,433,504,2023-03-07,13:00,10:30,Oui,0,93,150,2023
7409,312,449,512,2025-04-07,08:30,10:30,Oui,0,55,120,2025
7410,330,436,512,2025-01-23,08:30,15:00,Oui,0,44,390,2025
7411,339,408,529,2022-12-19,10:30,12:30,Oui,0,20,120,2022
7412,324,448,503,2025-04-04,15:00,19:00,Oui,10,55,240,2025
7413,301,452,501,2022-09-10,13:00,10:30,Non,0,79,150,2022
7414,359,459,537,2024-06-01,13:00,15:00,Oui,15,44,120,2024
7415,332,418,510,2025-04-17,17:00,19:00,Oui,0,42,120,2025
7416,350,441,527,2024-08-06,13:00,15:00,Oui,0,75,120,2024
7417,308,425,508,2024-12-25,08:30,19:00,Oui,0,116,630,2024
7418,301,452,533,2023-06-17,10:30,15:00,Non,0,118,270,2023
7419,356,412,535,2023-02-17,08:30,10:30,Oui,20,48,120,2023
7420,313,440,522,2022-12-02,17:00,19:00,Oui,0,66,120,2022
7421,328,467,515,2023-09-11,13:00,12:30,Oui,20,115,30,2023
7422,346,425,524,2025-02-13,10:30,15:00,Oui,0,34,270,2025
7423,301,452,527,2023-01-02,13:00,19:00,Oui,0,70,360,2023
7424,304,444,503,2025-01-27,17:00,19:00,Oui,0,43,120,2025
7425,321,403,517,2024-05-06,17:00,12:30,Non,0,85,270,2024
7426,327,465,520,2023-08-29,10:30,17:00,Oui,5,117,390,2023
7427,314,453,520,2024-12-10,17:00,10:30,Oui,0,57,390,2024
7428,348,433,522,2022-12-18,15:00,15:00,Oui,0,105,0,2022
7429,325,431,504,2024-11-14,17:00,15:00,Oui,0,60,120,2024
7430,334,479,506,2024-09-15,10:30,12:30,Non,0,87,120,2024
7431,314,453,512,2022-09-20,17:00,15:00,Oui,0,113,120,2022
7432,349,476,521,2023-04-08,13:00,10:30,Oui,10,100,150,2023
7433,316,438,539,2023-03-28,08:30,10:30,Oui,0,27,120,2023
7434,306,424,530,2024-11-03,08:30,12:30,Oui,0,57,240,2024
7435,318,474,519,2025-02-28,08:30,12:30,Oui,0,36,240,2025
7436,339,408,502,2024-12-10,13:00,12:30,Oui,0,55,30,2024
7437,306,424,518,2023-02-18,08:30,10:30,Oui,0,100,120,2023
7438,347,468,509,2023-09-09,13:00,19:00,Oui,10,60,360,2023
7439,347,468,504,2022-09-22,15:00,10:30,Oui,0,25,270,2022
7440,353,429,521,2023-04-16,10:30,15:00,Oui,0,117,270,2023
7441,353,429,538,2024-02-14,17:00,15:00,Oui,0,19,120,2024
7442,332,418,529,2024-04-01,15:00,10:30,Oui,10,112,270,2024
7443,355,414,529,2023-09-27,15:00,19:00,Oui,10,85,240,2023
7444,309,403,504,2024-08-25,17:00,15:00,Oui,0,97,120,2024
7445,307,438,502,2023-12-17,08:30,10:30,Oui,15,16,120,2023
7446,335,408,526,2024-04-12,17:00,12:30,Non,0,53,270,2024
7447,344,427,501,2023-10-22,17:00,10:30,Oui,0,15,390,2023
7448,303,448,518,2024-08-14,08:30,12:30,Oui,0,69,240,2024
7449,317,466,503,2024-04-05,17:00,15:00,Oui,0,95,120,2024
7450,338,438,540,2023-03-12,13:00,19:00,Non,20,93,360,2023
7451,348,433,512,2024-09-05,10:30,15:00,Oui,0,102,270,2024
7452,351,416,537,2024-07-29,13:00,17:00,Oui,0,24,240,2024
7453,349,476,503,2022-12-31,15:00,19:00,Oui,0,88,240,2022
7454,330,436,501,2022-10-10,15:00,19:00,Oui,0,22,240,2022
7455,332,418,505,2024-11-01,15:00,15:00,Oui,0,20,0,2024
7456,302,430,516,2025-05-08,10:30,12:30,Oui,0,99,120,2025
7457,356,412,513,2024-04-14,13:00,12:30,Oui,0,17,30,2024
7458,329,423,501,2024-11-13,15:00,12:30,Oui,0,57,150,2024
7459,346,425,521,2022-09-17,13:00,10:30,Oui,0,24,150,2022
7460,325,431,532,2023-11-10,13:00,15:00,Non,0,31,120,2023
7461,356,412,526,2023-09-12,15:00,19:00,Oui,0,47,240,2023
7462,347,468,512,2023-01-04,17:00,12:30,Oui,0,43,270,2023
7463,324,448,515,2024-05-23,08:30,10:30,Oui,0,16,120,2024
7464,352,451,503,2022-11-21,15:00,10:30,Oui,0,60,270,2022
7465,347,468,516,2022-09-12,17:00,19:00,Oui,0,67,120,2022
7466,358,477,533,2024-02-01,10:30,10:30,Oui,0,26,0,2024
7467,333,460,525,2024-11-13,10:30,19:00,Oui,0,15,510,2024
7468,331,443,519,2024-07-17,15:00,15:00,Non,0,111,0,2024
7469,360,468,537,2025-03-12,17:00,12:30,Oui,0,26,270,2025
7470,330,436,511,2025-01-15,15:00,10:30,Oui,0,44,270,2025
7471,331,443,516,2025-01-06,10:30,10:30,Oui,0,103,0,2025
7472,321,403,510,2025-03-26,17:00,12:30,Oui,0,24,270,2025
7473,328,467,517,2025-04-04,08:30,19:00,Non,0,31,630,2025
7474,308,425,501,2025-02-28,13:00,12:30,Oui,0,43,30,2025
7475,321,403,536,2022-09-13,15:00,12:30,Oui,0,27,150,2022
7476,302,430,539,2023-08-17,17:00,10:30,Oui,0,81,390,2023
7477,338,438,537,2025-05-29,13:00,19:00,Oui,0,27,360,2025
7478,321,403,528,2023-04-06,17:00,17:00,Oui,0,42,0,2023
7479,347,468,535,2024-09-30,17:00,10:30,Oui,0,108,390,2024
7480,306,424,538,2024-06-02,15:00,17:00,Oui,0,36,120,2024
7481,301,452,507,2024-10-21,08:30,10:30,Oui,5,111,120,2024
7482,352,451,522,2023-12-29,17:00,12:30,Oui,0,23,270,2023
7483,344,427,536,2024-10-08,10:30,19:00,Oui,0,89,510,2024
7484,350,441,531,2023-08-20,13:00,15:00,Oui,0,54,120,2023
7485,315,436,504,2023-03-16,10:30,12:30,Non,0,107,120,2023
7486,333,460,531,2023-07-30,10:30,19:00,Oui,0,42,510,2023
7487,336,444,540,2024-04-26,10:30,12:30,Oui,0,99,120,2024
7488,313,440,510,2022-12-31,13:00,15:00,Oui,0,77,120,2022
7489,337,405,518,2023-11-07,17:00,10:30,Oui,0,23,390,2023
7490,336,444,527,2024-09-07,10:30,10:30,Oui,0,101,0,2024
7491,335,408,509,2022-09-27,10:30,10:30,Oui,0,50,0,2022
7492,323,414,510,2023-11-23,10:30,17:00,Oui,5,78,390,2023
7493,331,443,523,2023-05-19,08:30,12:30,Oui,0,62,240,2023
7494,306,424,513,2022-11-24,10:30,19:00,Oui,0,26,510,2022
7495,303,448,527,2024-07-19,15:00,15:00,Oui,0,65,0,2024
7496,351,416,513,2022-09-06,08:30,15:00,Oui,0,106,390,2022
7497,321,403,539,2023-12-17,15:00,17:00,Non,0,73,120,2023
7498,335,408,523,2024-11-23,08:30,19:00,Oui,0,83,630,2024
7499,347,468,515,2023-05-29,08:30,12:30,Oui,0,91,240,2023
7500,359,459,506,2024-12-30,08:30,17:00,Oui,0,53,510,2024
7501,359,459,525,2022-11-23,10:30,19:00,Oui,10,110,510,2022
7502,309,403,534,2023-11-21,08:30,15:00,Oui,0,46,390,2023
7503,317,466,535,2024-03-19,15:00,17:00,Oui,0,35,120,2024
7504,354,419,510,2023-02-14,10:30,10:30,Oui,0,68,0,2023
7505,304,444,532,2022-09-29,13:00,17:00,Oui,0,86,240,2022
7506,351,416,524,2025-01-03,15:00,17:00,Oui,5,111,120,2025
7507,321,403,503,2024-10-24,15:00,12:30,Oui,15,25,150,2024
7508,343,428,537,2024-11-15,08:30,15:00,Oui,0,89,390,2024
7509,340,438,519,2024-02-04,08:30,17:00,Oui,0,70,510,2024
7510,342,427,526,2023-10-08,17:00,12:30,Oui,0,106,270,2023
7511,341,431,515,2025-01-01,13:00,19:00,Oui,0,63,360,2025
7512,309,403,511,2025-03-18,10:30,17:00,Oui,0,32,390,2025
7513,303,448,528,2023-04-29,10:30,15:00,Oui,0,42,270,2023
7514,358,477,527,2023-06-09,13:00,19:00,Oui,0,104,360,2023
7515,352,451,521,2024-02-28,08:30,19:00,Oui,0,80,630,2024
7516,321,403,503,2025-06-06,17:00,19:00,Non,0,27,120,2025
7517,317,466,540,2024-12-13,10:30,15:00,Oui,0,120,270,2024
7518,355,414,506,2024-10-18,10:30,19:00,Oui,0,58,510,2024
7519,344,427,516,2023-06-02,13:00,17:00,Oui,0,38,240,2023
7520,315,436,524,2022-12-27,10:30,12:30,Oui,0,46,120,2022
7521,336,444,517,2023-10-20,08:30,12:30,Non,0,24,240,2023
7522,356,412,506,2024-09-19,17:00,17:00,Oui,5,66,0,2024
7523,345,446,502,2024-10-05,13:00,15:00,Non,0,74,120,2024
7524,358,477,525,2024-03-04,15:00,17:00,Oui,0,90,120,2024
7525,302,430,518,2024-07-19,13:00,12:30,Non,0,70,30,2024
7526,310,411,524,2025-04-25,13:00,17:00,Non,10,64,240,2025
7527,344,427,539,2025-06-26,08:30,17:00,Oui,0,41,510,2025
7528,322,429,518,2023-05-18,13:00,15:00,Oui,0,62,120,2023
7529,345,446,502,2022-09-17,17:00,15:00,Oui,0,80,120,2022
7530,349,476,506,2024-07-31,15:00,19:00,Oui,0,33,240,2024
7531,331,443,521,2024-09-30,15:00,15:00,Oui,0,72,0,2024
7532,318,474,512,2023-04-20,10:30,10:30,Oui,0,73,0,2023
7533,317,466,518,2023-06-07,17:00,10:30,Oui,5,49,390,2023
7534,323,414,512,2024-10-28,13:00,10:30,Oui,0,100,150,2024
7535,306,424,517,2023-10-06,10:30,17:00,Oui,0,119,390,2023
7536,331,443,508,2024-05-09,13:00,12:30,Oui,0,106,30,2024
7537,319,468,504,2025-03-16,10:30,17:00,Oui,0,43,390,2025
7538,351,416,507,2022-10-08,08:30,17:00,Oui,5,82,510,2022
7539,323,414,523,2023-08-09,08:30,10:30,Oui,0,62,120,2023
7540,350,441,536,2025-03-03,17:00,15:00,Oui,0,55,120,2025
7541,327,465,511,2023-11-03,13:00,12:30,Oui,10,70,30,2023
7542,302,430,533,2025-04-01,15:00,10:30,Oui,0,29,270,2025
7543,343,428,532,2023-10-03,10:30,10:30,Oui,0,103,0,2023
7544,330,436,534,2024-12-20,10:30,12:30,Oui,0,71,120,2024
7545,357,413,530,2025-03-16,15:00,17:00,Oui,0,102,120,2025
7546,304,444,521,2024-12-11,15:00,10:30,Oui,0,29,270,2024
7547,339,408,518,2023-01-05,08:30,15:00,Oui,0,119,390,2023
7548,303,448,510,2025-02-16,08:30,10:30,Non,0,62,120,2025
7549,316,438,521,2022-12-03,10:30,17:00,Oui,0,102,390,2022
7550,315,436,512,2023-05-21,10:30,15:00,Oui,5,74,270,2023
7551,302,430,513,2023-05-04,17:00,15:00,Oui,0,44,120,2023
7552,336,444,537,2023-05-11,10:30,17:00,Oui,0,82,390,2023
7553,328,467,506,2025-06-09,08:30,12:30,Non,0,30,240,2025
7554,321,403,513,2024-10-14,13:00,12:30,Oui,0,81,30,2024
7555,347,468,526,2023-08-27,08:30,19:00,Oui,0,97,630,2023
7556,340,438,512,2025-05-20,13:00,12:30,Oui,0,107,30,2025
7557,355,414,524,2024-08-22,10:30,12:30,Oui,0,33,120,2024
7558,355,414,511,2023-07-06,15:00,12:30,Oui,0,104,150,2023
7559,342,427,540,2023-09-25,17:00,19:00,Oui,0,37,120,2023
7560,343,428,501,2024-04-11,15:00,12:30,Oui,0,115,150,2024
7561,338,438,523,2023-12-06,15:00,17:00,Oui,0,26,120,2023
7562,329,423,533,2024-08-17,15:00,17:00,Non,0,26,120,2024
7563,344,427,504,2025-03-29,10:30,17:00,Oui,0,92,390,2025
7564,330,436,532,2023-05-06,10:30,12:30,Oui,0,63,120,2023
7565,345,446,503,2023-03-22,08:30,12:30,Oui,0,65,240,2023
7566,350,441,507,2024-08-26,17:00,12:30,Oui,0,86,270,2024
7567,322,429,536,2023-09-10,15:00,17:00,Oui,0,105,120,2023
7568,306,424,517,2024-02-11,15:00,12:30,Oui,0,56,150,2024
7569,356,412,529,2024-02-20,10:30,12:30,Oui,20,103,120,2024
7570,336,444,510,2023-06-18,17:00,10:30,Non,20,96,390,2023
7571,331,443,507,2024-04-21,10:30,15:00,Oui,0,86,270,2024
7572,310,411,537,2023-07-13,10:30,12:30,Oui,0,108,120,2023
7573,336,444,523,2024-12-08,10:30,19:00,Oui,0,58,510,2024
7574,360,468,514,2024-10-01,15:00,12:30,Oui,10,96,150,2024
7575,312,449,531,2024-01-15,08:30,19:00,Oui,0,22,630,2024
7576,307,438,518,2024-11-21,15:00,15:00,Oui,0,28,0,2024
7577,318,474,516,2022-09-13,13:00,12:30,Oui,0,86,30,2022
7578,302,430,520,2023-05-08,13:00,12:30,Oui,0,16,30,2023
7579,331,443,505,2023-11-25,10:30,17:00,Oui,0,99,390,2023
7580,333,460,504,2024-04-10,10:30,19:00,Oui,0,107,510,2024
7581,349,476,531,2024-09-18,13:00,15:00,Oui,0,116,120,2024
7582,344,427,531,2022-12-02,13:00,19:00,Oui,0,24,360,2022
7583,349,476,512,2023-01-16,15:00,15:00,Oui,0,24,0,2023
7584,301,452,505,2024-08-01,13:00,10:30,Oui,15,87,150,2024
7585,353,429,506,2024-10-09,10:30,19:00,Oui,0,56,510,2024
7586,336,444,529,2025-06-14,10:30,10:30,Oui,0,76,0,2025
7587,305,470,501,2023-06-08,10:30,17:00,Oui,0,35,390,2023
7588,329,423,501,2023-01-24,15:00,10:30,Oui,0,32,270,2023
7589,303,448,506,2023-07-04,10:30,19:00,Oui,0,46,510,2023
7590,335,408,528,2024-12-05,17:00,17:00,Oui,0,66,0,2024
7591,346,425,503,2025-04-29,10:30,17:00,Oui,0,77,390,2025
7592,317,466,531,2023-12-18,17:00,12:30,Oui,0,31,270,2023
7593,332,418,529,2024-11-06,08:30,17:00,Oui,0,58,510,2024
7594,301,452,537,2025-05-01,15:00,15:00,Oui,0,45,0,2025
7595,309,403,514,2024-05-25,17:00,10:30,Oui,0,95,390,2024
7596,345,446,525,2024-07-05,08:30,19:00,Oui,0,101,630,2024
7597,303,448,538,2024-07-17,08:30,12:30,Oui,0,20,240,2024
7598,326,472,511,2023-05-06,13:00,10:30,Oui,10,114,150,2023
7599,328,467,523,2025-05-23,13:00,15:00,Oui,0,87,120,2025
7600,309,403,530,2024-04-04,08:30,10:30,Oui,0,32,120,2024
7601,311,461,527,2025-04-08,13:00,19:00,Oui,5,100,360,2025
7602,301,452,528,2025-06-13,17:00,17:00,Oui,0,90,0,2025
7603,318,474,529,2024-05-26,08:30,17:00,Oui,0,119,510,2024
7604,319,468,513,2024-10-29,15:00,10:30,Oui,20,47,270,2024
7605,342,427,522,2022-11-07,10:30,15:00,Oui,5,55,270,2022
7606,313,440,515,2025-04-21,17:00,17:00,Oui,0,49,0,2025
7607,354,419,537,2025-01-21,15:00,17:00,Oui,5,25,120,2025
7608,350,441,508,2024-09-03,15:00,12:30,Oui,0,56,150,2024
7609,359,459,514,2022-12-11,17:00,17:00,Oui,0,107,0,2022
7610,321,403,501,2023-09-03,08:30,12:30,Oui,0,82,240,2023
7611,330,436,511,2025-04-05,10:30,17:00,Oui,0,53,390,2025
7612,356,412,516,2023-02-08,17:00,15:00,Oui,0,82,120,2023
7613,350,441,540,2024-07-18,13:00,15:00,Oui,5,67,120,2024
7614,327,465,528,2024-01-21,13:00,15:00,Oui,0,52,120,2024
7615,304,444,515,2024-05-22,08:30,15:00,Oui,0,93,390,2024
7616,315,436,508,2024-11-19,17:00,19:00,Oui,0,46,120,2024
7617,311,461,539,2024-01-10,13:00,15:00,Oui,0,89,120,2024
7618,343,428,529,2024-04-06,13:00,17:00,Oui,0,48,240,2024
7619,315,436,502,2023-08-17,08:30,19:00,Oui,0,57,630,2023
7620,317,466,533,2025-01-08,15:00,12:30,Oui,5,88,150,2025
7621,356,412,535,2024-03-06,10:30,10:30,Oui,0,16,0,2024
7622,332,418,537,2025-03-01,10:30,10:30,Oui,15,76,0,2025
7623,340,438,503,2025-05-08,17:00,15:00,Oui,0,39,120,2025
7624,348,433,519,2024-12-24,15:00,19:00,Oui,10,31,240,2024
7625,348,433,509,2022-11-16,08:30,15:00,Oui,0,50,390,2022
7626,324,448,537,2025-02-03,15:00,10:30,Oui,0,33,270,2025
7627,360,468,540,2023-12-02,08:30,12:30,Oui,0,109,240,2023
7628,322,429,523,2023-04-07,08:30,12:30,Oui,0,108,240,2023
7629,325,431,530,2024-07-14,13:00,19:00,Oui,0,105,360,2024
7630,319,468,539,2024-11-11,17:00,15:00,Oui,0,95,120,2024
7631,360,468,531,2022-09-05,15:00,10:30,Oui,0,88,270,2022
7632,316,438,540,2023-11-22,13:00,15:00,Non,0,85,120,2023
7633,330,436,520,2023-09-23,13:00,17:00,Oui,10,64,240,2023
7634,349,476,515,2023-02-21,17:00,19:00,Oui,0,62,120,2023
7635,332,418,504,2023-10-25,10:30,12:30,Oui,0,67,120,2023
7636,323,414,511,2023-06-05,10:30,12:30,Oui,5,54,120,2023
7637,357,413,530,2024-04-22,15:00,12:30,Oui,0,98,150,2024
7638,339,408,507,2022-10-09,15:00,19:00,Oui,20,68,240,2022
7639,335,408,533,2024-11-20,17:00,10:30,Oui,20,19,390,2024
7640,303,448,536,2024-06-04,10:30,19:00,Oui,0,50,510,2024
7641,318,474,525,2022-12-12,08:30,17:00,Oui,0,71,510,2022
7642,329,423,519,2023-01-10,10:30,10:30,Oui,0,53,0,2023
7643,302,430,514,2024-06-14,10:30,19:00,Oui,5,116,510,2024
7644,316,438,524,2022-12-06,17:00,19:00,Oui,0,50,120,2022
7645,345,446,528,2024-11-09,15:00,15:00,Oui,0,108,0,2024
7646,320,465,511,2023-10-13,17:00,12:30,Oui,0,94,270,2023
7647,338,438,515,2022-09-20,10:30,15:00,Oui,5,66,270,2022
7648,346,425,537,2023-04-09,08:30,12:30,Oui,0,17,240,2023
7649,328,467,515,2023-10-10,15:00,17:00,Oui,0,23,120,2023
7650,355,414,508,2025-01-24,13:00,10:30,Oui,0,71,150,2025
7651,351,416,528,2023-06-18,17:00,19:00,Oui,0,59,120,2023
7652,315,436,521,2024-01-24,08:30,12:30,Oui,0,50,240,2024
7653,301,452,524,2023-11-06,10:30,12:30,Oui,20,109,120,2023
7654,337,405,538,2024-02-12,10:30,12:30,Oui,0,18,120,2024
7655,322,429,514,2024-03-08,10:30,10:30,Oui,5,31,0,2024
7656,315,436,535,2024-04-29,17:00,10:30,Oui,0,26,390,2024
7657,358,477,530,2023-07-31,10:30,15:00,Non,10,21,270,2023
7658,333,460,524,2022-12-29,15:00,15:00,Oui,0,99,0,2022
7659,316,438,535,2025-04-05,08:30,17:00,Oui,0,97,510,2025
7660,309,403,532,2024-06-19,15:00,10:30,Oui,0,94,270,2024
7661,306,424,539,2023-09-10,08:30,17:00,Oui,0,61,510,2023
7662,341,431,535,2023-12-10,15:00,12:30,Oui,0,115,150,2023
7663,317,466,531,2023-07-01,08:30,12:30,Oui,0,34,240,2023
7664,319,468,521,2022-11-22,17:00,15:00,Oui,0,64,120,2022
7665,348,433,526,2024-03-31,17:00,12:30,Oui,0,46,270,2024
7666,302,430,532,2024-01-24,15:00,19:00,Oui,0,113,240,2024
7667,336,444,505,2023-09-17,08:30,10:30,Oui,0,21,120,2023
7668,358,477,508,2025-03-26,08:30,12:30,Non,0,104,240,2025
7669,331,443,523,2024-12-30,17:00,10:30,Oui,10,100,390,2024
7670,305,470,505,2025-03-19,15:00,15:00,Oui,5,103,0,2025
7671,355,414,503,2023-12-06,13:00,10:30,Oui,0,90,150,2023
7672,333,460,540,2024-01-29,10:30,19:00,Oui,0,55,510,2024
7673,314,453,508,2025-06-08,10:30,12:30,Oui,20,78,120,2025
7674,351,416,525,2024-02-04,17:00,17:00,Oui,0,38,0,2024
7675,360,468,511,2022-10-14,13:00,12:30,Oui,0,33,30,2022
7676,325,431,508,2024-10-09,13:00,15:00,Oui,0,90,120,2024
7677,329,423,525,2023-09-29,08:30,19:00,Oui,0,119,630,2023
7678,343,428,513,2023-10-20,13:00,15:00,Non,0,71,120,2023
7679,301,452,502,2024-05-17,17:00,17:00,Oui,0,80,0,2024
7680,312,449,539,2024-07-09,15:00,10:30,Oui,0,117,270,2024
7681,349,476,511,2022-09-22,17:00,17:00,Oui,0,113,0,2022
7682,344,427,533,2024-08-16,13:00,12:30,Oui,0,115,30,2024
7683,326,472,529,2025-06-14,10:30,17:00,Oui,0,69,390,2025
7684,301,452,514,2023-07-25,17:00,15:00,Non,0,68,120,2023
7685,327,465,515,2024-03-02,15:00,17:00,Oui,0,55,120,2024
7686,301,452,511,2023-07-25,17:00,12:30,Oui,0,17,270,2023
7687,319,468,527,2023-02-12,13:00,19:00,Oui,0,25,360,2023
7688,340,438,510,2023-06-02,13:00,19:00,Oui,0,107,360,2023
7689,313,440,511,2023-07-07,08:30,10:30,Oui,10,56,120,2023
7690,303,448,527,2023-11-22,17:00,15:00,Oui,0,55,120,2023
7691,315,436,538,2024-12-02,10:30,17:00,Oui,0,100,390,2024
7692,327,465,510,2024-12-15,17:00,15:00,Oui,5,100,120,2024
7693,312,449,512,2022-11-27,08:30,15:00,Oui,0,99,390,2022
7694,314,453,517,2022-10-26,17:00,15:00,Oui,15,27,120,2022
7695,334,479,513,2023-10-25,10:30,19:00,Oui,0,112,510,2023
7696,322,429,503,2022-11-29,17:00,12:30,Oui,0,105,270,2022
7697,330,436,511,2023-01-10,08:30,12:30,Oui,5,34,240,2023
7698,333,460,507,2023-08-21,13:00,15:00,Oui,0,80,120,2023
7699,315,436,508,2024-10-02,15:00,19:00,Oui,5,68,240,2024
7700,301,452,535,2025-06-19,13:00,10:30,Non,0,28,150,2025
7701,324,448,538,2023-04-13,13:00,19:00,Oui,0,83,360,2023
7702,344,427,504,2024-11-06,13:00,12:30,Oui,20,101,30,2024
7703,336,444,501,2022-11-27,10:30,19:00,Oui,0,79,510,2022
7704,355,414,532,2025-02-22,15:00,12:30,Oui,0,55,150,2025
7705,335,408,534,2024-07-02,15:00,17:00,Oui,0,51,120,2024
7706,348,433,526,2024-05-29,08:30,19:00,Oui,0,70,630,2024
7707,311,461,509,2023-11-20,10:30,10:30,Oui,0,93,0,2023
7708,316,438,510,2025-02-10,10:30,10:30,Oui,0,39,0,2025
7709,317,466,512,2022-10-06,08:30,10:30,Oui,20,51,120,2022
7710,305,470,511,2024-02-01,08:30,15:00,Oui,0,108,390,2024
7711,332,418,532,2023-04-18,17:00,17:00,Oui,0,34,0,2023
7712,357,413,527,2024-03-22,17:00,10:30,Oui,0,98,390,2024
7713,309,403,511,2023-10-13,17:00,10:30,Oui,0,22,390,2023
7714,335,408,515,2025-02-01,08:30,12:30,Oui,10,105,240,2025
7715,354,419,501,2023-01-06,10:30,12:30,Oui,15,84,120,2023
7716,339,408,522,2023-10-02,10:30,10:30,Oui,5,15,0,2023
7717,345,446,521,2022-12-05,10:30,15:00,Oui,0,46,270,2022
7718,353,429,534,2023-12-26,08:30,15:00,Oui,0,85,390,2023
7719,326,472,511,2025-01-03,17:00,12:30,Oui,0,99,270,2025
7720,315,436,537,2023-01-06,15:00,19:00,Oui,10,104,240,2023
7721,308,425,528,2023-08-02,15:00,12:30,Oui,0,44,150,2023
7722,352,451,512,2023-10-29,17:00,19:00,Oui,0,64,120,2023
7723,357,413,514,2023-11-14,15:00,10:30,Oui,0,79,270,2023
7724,345,446,522,2023-04-22,17:00,17:00,Oui,0,37,0,2023
7725,333,460,526,2025-03-20,15:00,19:00,Oui,0,54,240,2025
7726,333,460,507,2022-09-02,10:30,12:30,Non,20,99,120,2022
7727,346,425,533,2023-07-19,10:30,19:00,Oui,0,34,510,2023
7728,321,403,507,2023-12-03,10:30,17:00,Oui,0,109,390,2023
7729,301,452,539,2023-01-08,13:00,10:30,Oui,10,66,150,2023
7730,338,438,531,2025-06-06,08:30,17:00,Oui,0,111,510,2025
7731,348,433,524,2023-08-09,17:00,19:00,Oui,0,27,120,2023
7732,357,413,518,2024-01-20,17:00,12:30,Oui,0,74,270,2024
7733,326,472,539,2025-02-27,08:30,17:00,Non,0,79,510,2025
7734,319,468,508,2024-08-22,15:00,19:00,Non,15,83,240,2024
7735,328,467,516,2024-05-05,15:00,12:30,Oui,0,109,150,2024
7736,323,414,502,2023-07-06,15:00,15:00,Oui,0,104,0,2023
7737,356,412,526,2024-10-27,17:00,15:00,Oui,5,88,120,2024
7738,305,470,507,2023-06-11,10:30,15:00,Oui,0,93,270,2023
7739,342,427,533,2023-07-30,10:30,19:00,Oui,15,49,510,2023
7740,304,444,528,2022-09-19,13:00,12:30,Oui,5,89,30,2022
7741,314,453,539,2022-10-17,15:00,12:30,Oui,0,112,150,2022
7742,313,440,540,2024-12-22,13:00,10:30,Oui,0,112,150,2024
7743,338,438,529,2024-11-20,17:00,10:30,Oui,0,85,390,2024
7744,339,408,539,2025-03-25,15:00,15:00,Oui,10,86,0,2025
7745,351,416,523,2024-04-05,08:30,19:00,Oui,0,39,630,2024
7746,302,430,539,2025-06-29,08:30,17:00,Oui,0,74,510,2025
7747,333,460,516,2024-04-14,17:00,15:00,Oui,0,41,120,2024
7748,314,453,526,2023-04-07,13:00,19:00,Non,0,83,360,2023
7749,317,466,502,2024-02-26,08:30,19:00,Oui,0,36,630,2024
7750,305,470,533,2024-11-16,13:00,12:30,Oui,0,30,30,2024
7751,303,448,503,2023-08-02,15:00,10:30,Oui,0,65,270,2023
7752,354,419,526,2024-04-16,08:30,10:30,Oui,10,84,120,2024
7753,341,431,512,2024-03-08,13:00,15:00,Oui,0,81,120,2024
7754,331,443,507,2023-11-28,17:00,19:00,Oui,0,86,120,2023
7755,358,477,513,2022-11-24,13:00,19:00,Oui,0,85,360,2022
7756,346,425,516,2025-04-28,08:30,19:00,Oui,15,59,630,2025
7757,306,424,527,2023-12-29,15:00,15:00,Oui,5,16,0,2023
7758,328,467,504,2022-09-02,13:00,17:00,Oui,0,112,240,2022
7759,321,403,526,2023-03-28,17:00,15:00,Oui,0,97,120,2023
7760,342,427,514,2022-10-06,13:00,17:00,Oui,0,52,240,2022
7761,340,438,507,2024-02-17,10:30,17:00,Oui,0,84,390,2024
7762,325,431,519,2025-02-01,08:30,19:00,Oui,0,112,630,2025
7763,319,468,531,2022-10-10,17:00,17:00,Oui,15,35,0,2022
7764,358,477,527,2022-11-11,10:30,17:00,Oui,0,62,390,2022
7765,339,408,508,2022-12-07,13:00,15:00,Oui,0,47,120,2022
7766,330,436,509,2022-11-28,13:00,15:00,Oui,0,69,120,2022
7767,324,448,536,2024-11-29,13:00,12:30,Oui,0,53,30,2024
7768,360,468,503,2024-10-13,10:30,10:30,Oui,0,56,0,2024
7769,312,449,523,2025-02-10,10:30,15:00,Oui,0,69,270,2025
7770,351,416,512,2023-09-13,10:30,10:30,Non,0,92,0,2023
7771,327,465,501,2024-07-11,13:00,17:00,Oui,0,116,240,2024
7772,301,452,502,2024-02-12,15:00,17:00,Oui,0,53,120,2024
7773,327,465,535,2024-04-13,13:00,15:00,Oui,0,91,120,2024
7774,320,465,515,2025-02-12,08:30,12:30,Oui,0,83,240,2025
7775,356,412,515,2024-06-02,08:30,12:30,Oui,0,51,240,2024
7776,328,467,522,2024-08-13,10:30,19:00,Oui,0,22,510,2024
7777,328,467,501,2024-01-24,10:30,10:30,Oui,0,23,0,2024
7778,319,468,531,2023-12-30,10:30,17:00,Oui,0,78,390,2023
7779,354,419,511,2025-01-19,17:00,19:00,Oui,0,108,120,2025
7780,357,413,516,2024-08-10,13:00,19:00,Oui,0,56,360,2024
7781,334,479,511,2023-09-06,13:00,12:30,Oui,0,102,30,2023
7782,350,441,523,2023-06-14,13:00,10:30,Oui,0,66,150,2023
7783,355,414,508,2025-06-25,13:00,19:00,Oui,0,25,360,2025
7784,307,438,529,2023-01-15,08:30,19:00,Oui,0,96,630,2023
7785,307,438,504,2024-09-13,08:30,15:00,Oui,0,72,390,2024
7786,360,468,530,2024-05-22,10:30,15:00,Oui,0,96,270,2024
7787,359,459,514,2024-08-31,13:00,17:00,Oui,0,82,240,2024
7788,302,430,519,2023-04-18,15:00,10:30,Oui,10,60,270,2023
7789,352,451,538,2024-05-07,17:00,17:00,Oui,0,40,0,2024
7790,346,425,517,2024-04-15,17:00,12:30,Oui,0,19,270,2024
7791,351,416,522,2023-12-18,17:00,10:30,Oui,0,43,390,2023
7792,317,466,513,2023-05-14,15:00,10:30,Oui,0,115,270,2023
7793,342,427,505,2023-10-17,17:00,19:00,Oui,0,38,120,2023
7794,311,461,528,2022-11-16,17:00,19:00,Oui,0,37,120,2022
7795,331,443,536,2023-01-18,10:30,17:00,Oui,0,84,390,2023
7796,311,461,531,2023-10-08,17:00,17:00,Oui,5,38,0,2023
7797,324,448,521,2023-01-07,08:30,17:00,Oui,0,103,510,2023
7798,321,403,520,2024-12-15,10:30,15:00,Oui,0,108,270,2024
7799,313,440,515,2025-05-16,17:00,10:30,Oui,0,27,390,2025
7800,356,412,533,2023-04-08,15:00,12:30,Oui,0,52,150,2023
7801,313,440,518,2024-10-21,15:00,17:00,Oui,5,110,120,2024
7802,360,468,525,2023-07-30,15:00,19:00,Oui,0,23,240,2023
7803,357,413,520,2023-12-04,15:00,12:30,Oui,0,90,150,2023
7804,318,474,539,2024-02-09,15:00,15:00,Oui,0,58,0,2024
7805,331,443,504,2022-10-30,08:30,10:30,Oui,0,83,120,2022
7806,308,425,539,2024-07-28,17:00,10:30,Oui,0,83,390,2024
7807,304,444,515,2024-07-29,08:30,19:00,Oui,0,91,630,2024
7808,356,412,527,2024-04-17,10:30,15:00,Oui,0,64,270,2024
7809,336,444,518,2024-05-02,17:00,17:00,Oui,0,89,0,2024
7810,354,419,524,2025-02-14,13:00,17:00,Oui,0,57,240,2025
7811,335,408,537,2024-08-14,10:30,19:00,Oui,0,109,510,2024
7812,341,431,508,2022-12-15,08:30,17:00,Oui,0,110,510,2022
7813,346,425,538,2025-04-05,17:00,10:30,Oui,0,119,390,2025
7814,326,472,509,2024-05-05,10:30,19:00,Oui,0,72,510,2024
7815,349,476,506,2025-04-04,13:00,19:00,Oui,0,82,360,2025
7816,311,461,520,2024-02-20,08:30,15:00,Oui,0,116,390,2024
7817,324,448,514,2025-01-19,10:30,19:00,Oui,0,65,510,2025
7818,352,451,534,2023-04-03,10:30,10:30,Oui,0,41,0,2023
7819,324,448,534,2025-06-26,15:00,19:00,Oui,0,29,240,2025
7820,343,428,506,2024-01-17,15:00,19:00,Oui,0,25,240,2024
7821,319,468,518,2024-07-21,08:30,19:00,Oui,0,99,630,2024
7822,330,436,537,2023-08-08,15:00,17:00,Oui,0,88,120,2023
7823,326,472,504,2024-09-28,17:00,17:00,Oui,0,69,0,2024
7824,350,441,538,2023-10-31,13:00,10:30,Oui,10,95,150,2023
7825,355,414,521,2025-06-30,08:30,17:00,Oui,0,110,510,2025
7826,324,448,501,2024-06-14,15:00,10:30,Oui,0,110,270,2024
7827,324,448,508,2023-05-08,17:00,10:30,Oui,20,16,390,2023
7828,353,429,516,2023-05-16,15:00,15:00,Oui,0,32,0,2023
7829,344,427,521,2024-08-16,15:00,10:30,Oui,0,88,270,2024
7830,309,403,504,2024-07-03,08:30,19:00,Oui,0,106,630,2024
7831,306,424,508,2022-11-27,08:30,12:30,Oui,0,53,240,2022
7832,317,466,514,2025-04-02,08:30,15:00,Oui,0,104,390,2025
7833,323,414,534,2025-06-13,15:00,12:30,Oui,0,71,150,2025
7834,347,468,506,2023-11-19,17:00,19:00,Oui,0,66,120,2023
7835,304,444,537,2024-01-16,10:30,19:00,Oui,0,22,510,2024
7836,340,438,501,2024-07-15,15:00,10:30,Oui,0,61,270,2024
7837,347,468,519,2025-03-11,08:30,15:00,Oui,0,64,390,2025
7838,307,438,525,2024-01-04,17:00,12:30,Oui,0,60,270,2024
7839,336,444,523,2023-04-25,13:00,12:30,Oui,0,65,30,2023
7840,310,411,540,2022-11-27,17:00,12:30,Oui,10,75,270,2022
7841,336,444,532,2023-09-08,10:30,19:00,Oui,0,91,510,2023
7842,307,438,527,2024-10-14,13:00,12:30,Oui,0,52,30,2024
7843,323,414,512,2023-02-16,13:00,15:00,Oui,0,23,120,2023
7844,324,448,527,2023-02-04,08:30,19:00,Oui,0,104,630,2023
7845,360,468,530,2024-06-24,10:30,15:00,Oui,0,83,270,2024
7846,314,453,520,2024-12-17,08:30,15:00,Oui,5,30,390,2024
7847,359,459,503,2023-09-22,17:00,10:30,Oui,0,32,390,2023
7848,343,428,532,2023-11-13,10:30,17:00,Oui,0,68,390,2023
7849,341,431,514,2025-01-12,17:00,10:30,Oui,0,48,390,2025
7850,326,472,517,2024-03-08,17:00,19:00,Oui,0,44,120,2024
7851,314,453,538,2024-06-11,08:30,19:00,Oui,0,67,630,2024
7852,349,476,537,2022-12-01,15:00,15:00,Oui,0,103,0,2022
7853,316,438,539,2022-09-08,10:30,19:00,Oui,0,83,510,2022
7854,355,414,518,2025-03-19,13:00,15:00,Oui,0,29,120,2025
7855,308,425,516,2024-07-05,15:00,12:30,Oui,0,77,150,2024
7856,308,425,508,2025-03-17,10:30,10:30,Oui,0,97,0,2025
7857,331,443,528,2023-05-04,15:00,15:00,Oui,0,114,0,2023
7858,334,479,503,2023-10-21,10:30,19:00,Oui,0,79,510,2023
7859,301,452,534,2023-01-12,10:30,19:00,Oui,20,75,510,2023
7860,353,429,529,2024-09-05,10:30,12:30,Non,20,42,120,2024
7861,346,425,526,2024-04-04,15:00,10:30,Oui,0,47,270,2024
7862,327,465,507,2023-12-21,17:00,10:30,Oui,0,94,390,2023
7863,313,440,508,2024-08-15,15:00,10:30,Oui,0,38,270,2024
7864,315,436,535,2023-05-20,13:00,15:00,Oui,0,115,120,2023
7865,357,413,511,2022-11-20,08:30,12:30,Oui,0,44,240,2022
7866,348,433,506,2022-11-11,13:00,17:00,Oui,0,74,240,2022
7867,337,405,509,2022-09-15,13:00,10:30,Oui,0,17,150,2022
7868,329,423,504,2025-06-10,13:00,10:30,Oui,0,87,150,2025
7869,355,414,514,2023-07-24,10:30,19:00,Oui,5,97,510,2023
7870,326,472,505,2022-12-31,17:00,15:00,Oui,10,27,120,2022
7871,311,461,510,2023-06-23,17:00,17:00,Oui,0,18,0,2023
7872,331,443,538,2025-04-30,15:00,15:00,Oui,10,88,0,2025
7873,307,438,527,2023-10-25,13:00,10:30,Oui,0,78,150,2023
7874,342,427,520,2023-06-23,08:30,15:00,Oui,10,103,390,2023
7875,358,477,514,2023-08-20,08:30,19:00,Oui,0,94,630,2023
7876,336,444,504,2022-11-12,15:00,19:00,Oui,0,70,240,2022
7877,345,446,507,2024-10-21,15:00,10:30,Oui,0,34,270,2024
7878,313,440,535,2024-11-26,10:30,10:30,Oui,0,34,0,2024
7879,354,419,503,2022-11-05,10:30,17:00,Oui,0,117,390,2022
7880,345,446,527,2023-06-05,13:00,12:30,Oui,0,67,30,2023
7881,312,449,535,2022-11-03,15:00,17:00,Oui,10,92,120,2022
7882,356,412,521,2022-11-01,15:00,12:30,Oui,0,32,150,2022
7883,320,465,522,2022-09-26,15:00,12:30,Oui,0,93,150,2022
7884,349,476,530,2023-03-03,08:30,17:00,Oui,0,36,510,2023
7885,337,405,511,2023-03-11,17:00,17:00,Oui,0,87,0,2023
7886,322,429,503,2025-04-25,15:00,17:00,Oui,0,33,120,2025
7887,342,427,512,2023-05-04,13:00,15:00,Oui,0,105,120,2023
7888,320,465,518,2024-12-13,15:00,10:30,Oui,10,87,270,2024
7889,322,429,511,2023-01-19,08:30,17:00,Oui,0,47,510,2023
7890,314,453,520,2024-01-15,10:30,12:30,Oui,0,112,120,2024
7891,346,425,520,2024-04-23,10:30,12:30,Oui,0,61,120,2024
7892,360,468,510,2023-03-10,08:30,12:30,Oui,0,58,240,2023
7893,330,436,512,2023-11-14,13:00,10:30,Oui,5,33,150,2023
7894,308,425,502,2024-03-10,15:00,17:00,Oui,0,38,120,2024
7895,334,479,525,2022-10-17,10:30,17:00,Oui,0,97,390,2022
7896,317,466,523,2024-06-08,10:30,17:00,Oui,0,67,390,2024
7897,341,431,506,2025-04-11,13:00,19:00,Oui,0,18,360,2025
7898,328,467,509,2024-03-07,13:00,19:00,Non,20,84,360,2024
7899,350,441,523,2023-04-18,10:30,10:30,Oui,0,28,0,2023
7900,332,418,537,2023-04-15,17:00,19:00,Oui,15,26,120,2023
7901,327,465,511,2025-01-28,15:00,15:00,Oui,0,108,0,2025
7902,326,472,539,2024-12-26,17:00,17:00,Oui,0,116,0,2024
7903,358,477,533,2025-01-10,15:00,17:00,Oui,0,22,120,2025
7904,359,459,501,2025-06-21,13:00,17:00,Oui,0,48,240,2025
7905,306,424,502,2023-12-17,17:00,10:30,Oui,0,87,390,2023
7906,346,425,508,2022-11-06,17:00,19:00,Oui,5,31,120,2022
7907,352,451,506,2025-02-12,08:30,17:00,Oui,0,88,510,2025
7908,343,428,534,2023-10-18,10:30,12:30,Oui,10,115,120,2023
7909,354,419,521,2023-12-16,13:00,19:00,Oui,5,70,360,2023
7910,350,441,518,2025-03-08,08:30,19:00,Non,5,35,630,2025
7911,326,472,508,2023-12-03,17:00,17:00,Oui,0,55,0,2023
7912,356,412,518,2025-02-01,08:30,12:30,Oui,5,23,240,2025
7913,332,418,511,2023-10-14,15:00,12:30,Oui,0,16,150,2023
7914,306,424,523,2024-07-05,10:30,12:30,Oui,0,15,120,2024
7915,314,453,504,2022-10-13,17:00,17:00,Oui,0,46,0,2022
7916,360,468,519,2024-12-04,17:00,10:30,Oui,0,93,390,2024
7917,330,436,501,2022-09-07,17:00,19:00,Oui,0,26,120,2022
7918,309,403,508,2024-01-30,08:30,10:30,Oui,0,89,120,2024
7919,341,431,506,2024-10-27,10:30,12:30,Oui,0,32,120,2024
7920,314,453,532,2023-10-18,17:00,19:00,Non,0,113,120,2023
7921,323,414,537,2025-03-30,17:00,10:30,Oui,0,64,390,2025
7922,333,460,501,2024-07-21,08:30,19:00,Oui,0,69,630,2024
7923,333,460,531,2024-02-11,08:30,10:30,Oui,0,17,120,2024
7924,317,466,539,2024-03-21,10:30,17:00,Oui,0,30,390,2024
7925,350,441,507,2024-01-14,08:30,10:30,Non,0,81,120,2024
7926,344,427,506,2024-06-13,17:00,19:00,Oui,0,97,120,2024
7927,304,444,524,2024-02-13,10:30,19:00,Oui,0,118,510,2024
7928,303,448,520,2023-07-05,10:30,15:00,Non,0,118,270,2023
7929,316,438,501,2023-01-19,13:00,12:30,Oui,0,50,30,2023
7930,301,452,527,2024-12-20,13:00,17:00,Oui,0,88,240,2024
7931,339,408,539,2024-01-26,13:00,17:00,Oui,0,70,240,2024
7932,318,474,529,2023-07-01,08:30,10:30,Oui,0,85,120,2023
7933,338,438,509,2024-02-29,08:30,12:30,Oui,0,105,240,2024
7934,328,467,535,2023-03-07,10:30,12:30,Oui,0,98,120,2023
7935,323,414,515,2025-03-03,13:00,10:30,Oui,0,34,150,2025
7936,349,476,526,2023-06-16,13:00,19:00,Oui,0,23,360,2023
7937,336,444,532,2024-02-19,10:30,17:00,Oui,0,44,390,2024
7938,333,460,523,2023-09-30,10:30,12:30,Oui,0,59,120,2023
7939,328,467,530,2022-10-06,08:30,12:30,Oui,5,94,240,2022
7940,315,436,507,2023-06-13,13:00,10:30,Oui,0,85,150,2023
7941,302,430,508,2025-01-05,10:30,15:00,Non,5,59,270,2025
7942,337,405,537,2022-10-07,15:00,10:30,Oui,0,19,270,2022
7943,327,465,504,2025-04-09,10:30,10:30,Oui,10,48,0,2025
7944,318,474,528,2024-12-15,08:30,12:30,Oui,0,86,240,2024
7945,359,459,516,2023-06-21,08:30,10:30,Oui,0,107,120,2023
7946,311,461,512,2023-10-16,10:30,19:00,Non,0,109,510,2023
7947,305,470,528,2023-01-19,10:30,10:30,Oui,0,98,0,2023
7948,321,403,517,2024-10-06,15:00,17:00,Oui,0,111,120,2024
7949,301,452,521,2023-12-04,13:00,15:00,Non,0,63,120,2023
7950,321,403,503,2024-05-18,10:30,17:00,Oui,0,68,390,2024
7951,344,427,515,2024-05-07,08:30,10:30,Oui,5,94,120,2024
7952,322,429,506,2024-07-13,13:00,17:00,Oui,0,107,240,2024
7953,324,448,514,2024-05-26,10:30,15:00,Oui,0,45,270,2024
7954,339,408,523,2025-01-11,15:00,19:00,Oui,0,36,240,2025
7955,306,424,511,2024-06-12,10:30,17:00,Oui,0,100,390,2024
7956,355,414,512,2024-11-16,08:30,19:00,Oui,0,65,630,2024
7957,356,412,527,2024-11-02,15:00,12:30,Non,0,31,150,2024
7958,302,430,518,2023-02-04,17:00,17:00,Non,0,67,0,2023
7959,334,479,535,2025-02-22,13:00,19:00,Oui,0,52,360,2025
7960,314,453,531,2025-04-14,10:30,19:00,Oui,10,22,510,2025
7961,349,476,514,2024-09-10,15:00,10:30,Oui,0,118,270,2024
7962,337,405,533,2024-05-14,15:00,15:00,Oui,0,33,0,2024
7963,359,459,509,2023-12-26,13:00,12:30,Oui,0,54,30,2023
7964,356,412,504,2024-05-22,15:00,19:00,Oui,0,34,240,2024
7965,346,425,508,2023-07-06,15:00,15:00,Oui,0,92,0,2023
7966,318,474,523,2023-08-02,17:00,12:30,Oui,0,17,270,2023
7967,306,424,526,2024-03-20,08:30,10:30,Oui,0,27,120,2024
7968,344,427,540,2025-06-06,17:00,19:00,Oui,0,25,120,2025
7969,356,412,534,2023-06-28,08:30,17:00,Oui,0,44,510,2023
7970,334,479,520,2023-12-06,17:00,15:00,Oui,0,79,120,2023
7971,357,413,533,2023-09-02,17:00,19:00,Oui,0,50,120,2023
7972,302,430,538,2025-01-07,15:00,17:00,Oui,0,48,120,2025
7973,333,460,502,2024-08-12,08:30,10:30,Oui,0,38,120,2024
7974,324,448,506,2023-07-27,13:00,15:00,Oui,5,40,120,2023
7975,360,468,518,2023-02-16,10:30,12:30,Oui,0,18,120,2023
7976,312,449,508,2024-12-01,17:00,19:00,Oui,0,69,120,2024
7977,352,451,501,2024-01-04,08:30,19:00,Oui,0,64,630,2024
7978,310,411,504,2022-12-29,08:30,12:30,Oui,0,28,240,2022
7979,315,436,539,2025-03-03,17:00,19:00,Oui,0,92,120,2025
7980,343,428,504,2023-02-12,13:00,10:30,Oui,0,16,150,2023
7981,302,430,514,2024-05-02,15:00,10:30,Oui,0,45,270,2024
7982,305,470,507,2025-06-13,17:00,17:00,Oui,10,112,0,2025
7983,341,431,536,2024-12-28,08:30,17:00,Oui,0,34,510,2024
7984,359,459,523,2022-12-14,13:00,10:30,Oui,20,89,150,2022
7985,320,465,519,2025-04-13,13:00,15:00,Oui,0,16,120,2025
7986,334,479,508,2023-02-05,15:00,15:00,Oui,0,43,0,2023
7987,353,429,522,2023-08-06,08:30,17:00,Oui,0,36,510,2023
7988,357,413,536,2025-02-25,08:30,17:00,Oui,0,32,510,2025
7989,350,441,530,2022-12-25,15:00,10:30,Oui,0,68,270,2022
7990,360,468,507,2025-01-21,17:00,10:30,Oui,0,114,390,2025
7991,353,429,540,2025-04-20,10:30,12:30,Non,0,40,120,2025
7992,344,427,539,2024-10-26,15:00,10:30,Oui,0,83,270,2024
7993,307,438,513,2025-05-21,10:30,10:30,Oui,0,72,0,2025
7994,342,427,527,2023-04-06,08:30,12:30,Oui,0,117,240,2023
7995,326,472,519,2022-10-01,17:00,15:00,Oui,0,115,120,2022
7996,338,438,523,2025-04-11,17:00,10:30,Oui,0,16,390,2025
7997,324,448,511,2024-02-09,13:00,12:30,Oui,0,117,30,2024
7998,302,430,509,2023-11-11,10:30,12:30,Oui,5,120,120,2023
7999,328,467,508,2024-11-09,15:00,19:00,Oui,0,100,240,2024
8000,305,470,525,2024-08-22,13:00,17:00,Oui,0,100,240,2024
8001,353,429,531,2022-10-11,15:00,15:00,Oui,0,23,0,2022
8002,324,448,528,2023-05-01,13:00,12:30,Oui,0,26,30,2023
8003,341,431,521,2022-12-22,15:00,15:00,Oui,0,120,0,2022
8004,315,436,510,2024-11-04,15:00,10:30,Oui,0,42,270,2024
8005,308,425,513,2024-09-15,17:00,15:00,Oui,0,115,120,2024
8006,312,449,511,2024-03-31,08:30,19:00,Oui,0,83,630,2024
8007,337,405,515,2023-06-08,13:00,19:00,Oui,0,23,360,2023
8008,301,452,515,2022-10-19,08:30,17:00,Oui,0,91,510,2022
8009,352,451,505,2022-10-02,10:30,10:30,Oui,10,33,0,2022
8010,338,438,507,2024-09-24,15:00,17:00,Oui,0,107,120,2024
8011,334,479,524,2024-11-03,15:00,12:30,Oui,0,44,150,2024
8012,315,436,540,2024-07-07,17:00,10:30,Oui,10,26,390,2024
8013,329,423,501,2024-06-29,08:30,15:00,Oui,0,78,390,2024
8014,326,472,527,2024-02-14,10:30,17:00,Oui,0,79,390,2024
8015,357,413,538,2025-01-17,08:30,15:00,Oui,0,75,390,2025
8016,345,446,516,2024-07-22,08:30,12:30,Oui,0,84,240,2024
8017,335,408,505,2025-03-08,13:00,10:30,Oui,0,32,150,2025
8018,349,476,515,2024-10-02,15:00,19:00,Oui,10,27,240,2024
8019,303,448,522,2024-09-11,15:00,10:30,Oui,0,112,270,2024
8020,319,468,539,2025-04-03,15:00,10:30,Oui,0,34,270,2025
8021,342,427,519,2024-04-22,13:00,15:00,Oui,10,69,120,2024
8022,339,408,530,2025-04-17,13:00,10:30,Oui,0,71,150,2025
8023,315,436,507,2022-10-26,08:30,19:00,Oui,10,74,630,2022
8024,319,468,508,2024-09-10,13:00,17:00,Oui,0,83,240,2024
8025,307,438,515,2025-05-13,08:30,12:30,Oui,0,27,240,2025
8026,317,466,532,2024-06-13,10:30,19:00,Oui,0,17,510,2024
8027,347,468,512,2025-02-22,08:30,15:00,Oui,0,79,390,2025
8028,304,444,521,2025-03-29,15:00,10:30,Oui,0,35,270,2025
8029,349,476,537,2023-08-20,15:00,19:00,Oui,0,66,240,2023
8030,336,444,510,2025-03-12,17:00,15:00,Oui,0,20,120,2025
8031,304,444,529,2025-01-01,10:30,10:30,Oui,0,72,0,2025
8032,328,467,525,2023-10-29,08:30,12:30,Oui,0,58,240,2023
8033,319,468,514,2024-11-30,10:30,15:00,Oui,0,92,270,2024
8034,340,438,509,2023-11-21,15:00,19:00,Oui,0,75,240,2023
8035,338,438,539,2022-12-16,08:30,15:00,Oui,0,81,390,2022
8036,313,440,534,2024-11-14,10:30,12:30,Oui,0,22,120,2024
8037,313,440,522,2024-09-28,13:00,10:30,Oui,5,59,150,2024
8038,313,440,502,2023-06-24,17:00,17:00,Oui,0,110,0,2023
8039,357,413,506,2024-07-02,15:00,17:00,Oui,0,47,120,2024
8040,341,431,501,2024-06-05,13:00,17:00,Oui,0,72,240,2024
8041,303,448,504,2025-04-28,15:00,17:00,Oui,0,105,120,2025
8042,344,427,522,2024-08-06,15:00,10:30,Oui,5,90,270,2024
8043,356,412,502,2024-01-08,17:00,15:00,Oui,10,33,120,2024
8044,353,429,512,2025-05-04,15:00,12:30,Oui,0,73,150,2025
8045,345,446,514,2023-09-05,10:30,12:30,Oui,0,97,120,2023
8046,302,430,510,2025-05-15,08:30,17:00,Oui,5,62,510,2025
8047,343,428,532,2025-01-20,15:00,10:30,Oui,0,69,270,2025
8048,323,414,511,2022-12-27,10:30,19:00,Oui,0,84,510,2022
8049,345,446,524,2023-04-22,17:00,17:00,Oui,0,88,0,2023
8050,319,468,536,2023-12-21,10:30,10:30,Oui,5,69,0,2023
8051,351,416,538,2022-09-17,10:30,12:30,Oui,20,18,120,2022
8052,328,467,512,2024-12-25,17:00,19:00,Non,5,16,120,2024
8053,336,444,507,2024-02-28,15:00,15:00,Oui,0,78,0,2024
8054,330,436,505,2023-01-03,08:30,10:30,Oui,0,72,120,2023
8055,329,423,530,2022-10-10,08:30,17:00,Oui,0,39,510,2022
8056,324,448,529,2022-11-20,08:30,10:30,Oui,0,52,120,2022
8057,329,423,538,2023-10-12,15:00,17:00,Oui,0,38,120,2023
8058,332,418,517,2024-03-26,10:30,10:30,Oui,15,118,0,2024
8059,313,440,529,2023-07-25,15:00,17:00,Oui,0,45,120,2023
8060,309,403,536,2022-09-11,17:00,10:30,Oui,0,109,390,2022
8061,303,448,526,2024-06-27,10:30,15:00,Oui,0,93,270,2024
8062,321,403,540,2024-06-27,17:00,12:30,Oui,0,109,270,2024
8063,322,429,539,2023-12-05,10:30,17:00,Oui,0,38,390,2023
8064,323,414,535,2023-02-26,17:00,10:30,Oui,0,120,390,2023
8065,318,474,525,2023-11-30,08:30,15:00,Oui,0,113,390,2023
8066,308,425,537,2025-01-27,15:00,17:00,Oui,0,72,120,2025
8067,353,429,526,2024-07-10,15:00,12:30,Oui,10,85,150,2024
8068,327,465,520,2024-08-29,17:00,17:00,Non,0,48,0,2024
8069,354,419,540,2024-10-05,08:30,19:00,Oui,0,84,630,2024
8070,336,444,528,2024-05-10,15:00,17:00,Oui,0,61,120,2024
8071,325,431,527,2022-10-15,17:00,10:30,Oui,0,100,390,2022
8072,323,414,507,2023-08-18,10:30,12:30,Oui,0,113,120,2023
8073,309,403,505,2024-09-30,13:00,12:30,Oui,0,94,30,2024
8074,340,438,503,2024-03-26,17:00,10:30,Oui,0,89,390,2024
8075,306,424,515,2023-08-22,13:00,12:30,Oui,0,46,30,2023
8076,313,440,514,2023-08-21,10:30,12:30,Oui,0,60,120,2023
8077,352,451,505,2022-11-23,13:00,15:00,Oui,15,59,120,2022
8078,309,403,504,2023-04-21,10:30,15:00,Oui,0,51,270,2023
8079,319,468,522,2022-11-08,15:00,19:00,Oui,0,79,240,2022
8080,308,425,536,2024-04-06,10:30,19:00,Oui,0,39,510,2024
8081,345,446,516,2023-09-30,13:00,12:30,Oui,0,65,30,2023
8082,313,440,511,2025-01-21,17:00,10:30,Oui,20,59,390,2025
8083,336,444,537,2023-12-17,13:00,15:00,Oui,0,26,120,2023
8084,356,412,511,2022-12-27,13:00,19:00,Oui,0,65,360,2022
8085,339,408,521,2023-06-02,08:30,12:30,Non,0,46,240,2023
8086,311,461,532,2024-12-01,15:00,17:00,Oui,0,54,120,2024
8087,343,428,538,2024-10-01,08:30,10:30,Oui,0,64,120,2024
8088,306,424,512,2024-03-03,17:00,12:30,Oui,0,72,270,2024
8089,340,438,522,2023-03-20,10:30,17:00,Oui,0,72,390,2023
8090,341,431,505,2023-12-14,13:00,12:30,Oui,0,107,30,2023
8091,335,408,526,2023-05-21,13:00,17:00,Non,5,55,240,2023
8092,307,438,510,2024-11-25,08:30,12:30,Oui,0,104,240,2024
8093,314,453,502,2025-01-19,10:30,10:30,Oui,10,15,0,2025
8094,310,411,537,2023-07-22,17:00,15:00,Oui,0,55,120,2023
8095,349,476,509,2024-03-07,10:30,10:30,Oui,0,23,0,2024
8096,329,423,523,2023-12-16,13:00,10:30,Oui,0,55,150,2023
8097,305,470,507,2024-03-08,10:30,10:30,Oui,0,89,0,2024
8098,303,448,507,2024-05-06,08:30,19:00,Oui,0,71,630,2024
8099,332,418,532,2025-04-02,13:00,17:00,Oui,0,92,240,2025
8100,342,427,509,2024-10-06,13:00,12:30,Oui,0,34,30,2024
8101,310,411,506,2025-06-24,13:00,15:00,Oui,0,104,120,2025
8102,320,465,535,2023-04-13,08:30,15:00,Oui,0,113,390,2023
8103,357,413,535,2025-05-17,15:00,17:00,Oui,0,96,120,2025
8104,360,468,525,2023-10-12,10:30,12:30,Non,5,90,120,2023
8105,316,438,538,2025-01-28,13:00,19:00,Oui,0,22,360,2025
8106,355,414,511,2024-07-28,17:00,15:00,Oui,0,70,120,2024
8107,310,411,518,2022-12-27,13:00,19:00,Oui,5,115,360,2022
8108,325,431,523,2023-09-29,17:00,12:30,Oui,0,114,270,2023
8109,352,451,521,2025-02-12,15:00,12:30,Oui,0,66,150,2025
8110,328,467,512,2022-10-07,13:00,17:00,Oui,0,76,240,2022
8111,329,423,509,2023-08-11,10:30,15:00,Oui,10,109,270,2023
8112,321,403,524,2023-02-12,15:00,12:30,Oui,10,86,150,2023
8113,325,431,511,2023-08-20,13:00,10:30,Oui,0,111,150,2023
8114,315,436,507,2023-09-11,15:00,12:30,Oui,0,111,150,2023
8115,343,428,520,2025-03-04,15:00,12:30,Oui,0,90,150,2025
8116,308,425,517,2023-09-05,08:30,12:30,Oui,0,116,240,2023
8117,333,460,511,2024-01-17,08:30,15:00,Oui,0,87,390,2024
8118,315,436,537,2023-08-25,08:30,19:00,Oui,0,104,630,2023
8119,324,448,527,2024-11-16,15:00,10:30,Oui,10,32,270,2024
8120,320,465,527,2024-11-25,13:00,10:30,Oui,0,89,150,2024
8121,354,419,524,2025-01-29,08:30,17:00,Oui,0,51,510,2025
8122,316,438,503,2022-10-09,17:00,10:30,Oui,0,21,390,2022
8123,358,477,506,2023-11-24,10:30,19:00,Oui,0,94,510,2023
8124,358,477,512,2023-06-03,15:00,10:30,Oui,10,26,270,2023
8125,354,419,538,2023-11-30,08:30,10:30,Oui,0,68,120,2023
8126,307,438,502,2023-06-22,08:30,15:00,Oui,0,66,390,2023
8127,346,425,518,2024-11-28,15:00,10:30,Oui,0,75,270,2024
8128,328,467,528,2023-05-24,10:30,19:00,Oui,0,106,510,2023
8129,332,418,523,2022-09-22,13:00,12:30,Oui,0,74,30,2022
8130,325,431,512,2023-10-15,08:30,17:00,Oui,0,120,510,2023
8131,354,419,528,2023-06-28,08:30,12:30,Oui,5,40,240,2023
8132,312,449,527,2023-04-23,17:00,15:00,Oui,0,51,120,2023
8133,322,429,506,2025-02-08,10:30,10:30,Oui,0,64,0,2025
8134,321,403,523,2024-03-19,13:00,10:30,Oui,0,110,150,2024
8135,353,429,513,2025-03-30,15:00,17:00,Oui,0,81,120,2025
8136,318,474,524,2025-05-04,08:30,17:00,Non,0,103,510,2025
8137,358,477,514,2024-01-28,10:30,19:00,Oui,20,20,510,2024
8138,317,466,518,2025-01-25,15:00,15:00,Oui,0,58,0,2025
8139,333,460,507,2025-02-20,08:30,17:00,Oui,0,94,510,2025
8140,301,452,540,2023-09-22,10:30,10:30,Oui,0,36,0,2023
8141,331,443,519,2023-11-23,13:00,15:00,Oui,0,24,120,2023
8142,340,438,532,2023-08-11,13:00,17:00,Oui,0,114,240,2023
8143,353,429,522,2023-10-08,15:00,19:00,Oui,0,47,240,2023
8144,338,438,529,2022-09-23,13:00,19:00,Oui,0,62,360,2022
8145,321,403,515,2024-10-15,10:30,17:00,Oui,0,86,390,2024
8146,311,461,537,2022-11-24,15:00,12:30,Oui,0,40,150,2022
8147,321,403,534,2025-02-05,13:00,10:30,Oui,0,98,150,2025
8148,316,438,501,2022-09-07,10:30,19:00,Oui,0,58,510,2022
8149,310,411,521,2025-05-14,13:00,12:30,Oui,0,26,30,2025
8150,322,429,526,2024-03-24,17:00,19:00,Oui,0,17,120,2024
8151,305,470,503,2023-11-26,08:30,15:00,Oui,15,101,390,2023
8152,309,403,528,2022-12-12,15:00,10:30,Oui,0,52,270,2022
8153,359,459,515,2025-03-22,17:00,15:00,Oui,0,50,120,2025
8154,320,465,514,2025-03-25,15:00,10:30,Oui,0,84,270,2025
8155,344,427,529,2024-08-20,13:00,17:00,Oui,0,74,240,2024
8156,335,408,509,2024-11-03,15:00,19:00,Oui,0,118,240,2024
8157,337,405,505,2024-09-23,08:30,19:00,Oui,0,62,630,2024
8158,327,465,534,2022-11-08,10:30,17:00,Non,5,75,390,2022
8159,345,446,511,2023-04-14,17:00,15:00,Oui,10,57,120,2023
8160,302,430,503,2025-03-19,17:00,17:00,Oui,0,17,0,2025
8161,318,474,519,2023-12-28,15:00,10:30,Oui,0,58,270,2023
8162,333,460,503,2023-12-11,15:00,15:00,Oui,0,69,0,2023
8163,352,451,538,2024-01-17,15:00,17:00,Oui,0,97,120,2024
8164,336,444,529,2023-11-07,15:00,17:00,Oui,0,104,120,2023
8165,312,449,508,2023-06-05,10:30,17:00,Oui,0,67,390,2023
8166,350,441,531,2024-03-29,17:00,10:30,Oui,15,113,390,2024
8167,304,444,533,2025-03-14,17:00,17:00,Oui,0,57,0,2025
8168,305,470,514,2025-06-25,17:00,10:30,Oui,0,64,390,2025
8169,336,444,531,2023-10-26,10:30,15:00,Oui,0,102,270,2023
8170,317,466,511,2025-06-28,15:00,10:30,Oui,0,109,270,2025
8171,358,477,521,2024-06-22,13:00,19:00,Oui,0,32,360,2024
8172,344,427,509,2023-04-30,08:30,15:00,Oui,0,97,390,2023
8173,350,441,536,2025-01-13,08:30,19:00,Oui,0,66,630,2025
8174,301,452,529,2022-10-31,10:30,12:30,Oui,0,22,120,2022
8175,313,440,505,2024-12-02,17:00,10:30,Oui,15,75,390,2024
8176,345,446,513,2023-08-30,17:00,19:00,Oui,0,25,120,2023
8177,342,427,537,2023-07-25,17:00,12:30,Oui,0,68,270,2023
8178,314,453,521,2023-10-23,10:30,17:00,Oui,10,26,390,2023
8179,360,468,530,2022-09-13,13:00,19:00,Oui,0,48,360,2022
8180,359,459,511,2024-12-08,10:30,10:30,Oui,0,41,0,2024
8181,310,411,538,2023-12-25,08:30,12:30,Non,0,56,240,2023
8182,307,438,520,2022-10-10,13:00,19:00,Oui,0,93,360,2022
8183,310,411,527,2025-03-09,15:00,19:00,Oui,0,37,240,2025
8184,343,428,505,2024-07-28,15:00,12:30,Oui,0,15,150,2024
8185,305,470,524,2024-02-12,17:00,12:30,Non,0,49,270,2024
8186,335,408,515,2024-03-23,10:30,10:30,Oui,0,104,0,2024
8187,339,408,510,2023-02-02,17:00,10:30,Oui,20,68,390,2023
8188,348,433,531,2025-06-25,08:30,17:00,Oui,0,96,510,2025
8189,334,479,525,2024-03-09,08:30,15:00,Oui,10,97,390,2024
8190,351,416,534,2022-12-16,13:00,19:00,Oui,0,107,360,2022
8191,340,438,510,2023-03-10,10:30,17:00,Oui,0,114,390,2023
8192,335,408,503,2023-04-23,17:00,12:30,Oui,0,67,270,2023
8193,304,444,520,2022-11-27,08:30,12:30,Oui,0,18,240,2022
8194,322,429,533,2022-11-04,08:30,17:00,Oui,0,35,510,2022
8195,311,461,526,2023-07-05,17:00,17:00,Oui,0,85,0,2023
8196,335,408,512,2024-04-29,17:00,15:00,Oui,5,111,120,2024
8197,324,448,502,2022-10-10,17:00,19:00,Oui,0,99,120,2022
8198,331,443,538,2024-07-26,10:30,17:00,Non,0,95,390,2024
8199,316,438,518,2023-03-01,17:00,10:30,Oui,0,69,390,2023
8200,305,470,538,2023-04-19,15:00,10:30,Oui,0,36,270,2023
8201,309,403,531,2024-12-10,08:30,19:00,Oui,0,19,630,2024
8202,346,425,534,2023-06-01,10:30,19:00,Oui,20,30,510,2023
8203,351,416,530,2022-12-26,10:30,17:00,Oui,0,39,390,2022
8204,350,441,517,2024-03-28,13:00,19:00,Oui,0,63,360,2024
8205,332,418,512,2024-02-01,17:00,17:00,Oui,0,15,0,2024
8206,351,416,506,2023-09-01,13:00,12:30,Oui,0,53,30,2023
8207,307,438,511,2024-10-05,17:00,10:30,Oui,10,89,390,2024
8208,331,443,506,2023-07-17,15:00,15:00,Non,0,46,0,2023
8209,328,467,501,2023-09-10,13:00,19:00,Oui,0,72,360,2023
8210,307,438,526,2022-12-30,15:00,17:00,Oui,10,15,120,2022
8211,304,444,509,2024-04-24,13:00,12:30,Oui,0,112,30,2024
8212,306,424,520,2022-11-26,10:30,17:00,Oui,0,47,390,2022
8213,309,403,533,2023-02-10,15:00,15:00,Oui,0,114,0,2023
8214,340,438,518,2022-10-04,15:00,15:00,Non,0,80,0,2022
8215,343,428,535,2023-06-28,17:00,17:00,Oui,0,78,0,2023
8216,307,438,516,2024-09-26,15:00,17:00,Oui,0,34,120,2024
8217,315,436,513,2023-05-19,08:30,17:00,Oui,15,66,510,2023
8218,343,428,530,2024-12-14,08:30,12:30,Oui,0,62,240,2024
8219,345,446,538,2024-05-28,15:00,12:30,Oui,0,32,150,2024
8220,346,425,504,2024-02-08,17:00,17:00,Oui,0,38,0,2024
8221,355,414,511,2024-12-20,10:30,10:30,Oui,10,64,0,2024
8222,316,438,527,2024-11-24,15:00,19:00,Oui,0,89,240,2024
8223,328,467,527,2023-08-29,13:00,17:00,Oui,0,93,240,2023
8224,327,465,538,2023-07-14,17:00,19:00,Oui,0,46,120,2023
8225,317,466,514,2024-06-18,15:00,17:00,Oui,0,86,120,2024
8226,316,438,533,2025-04-08,15:00,19:00,Oui,0,38,240,2025
8227,340,438,524,2025-02-05,08:30,12:30,Oui,20,47,240,2025
8228,309,403,534,2023-08-20,13:00,19:00,Oui,0,119,360,2023
8229,351,416,516,2023-03-15,17:00,19:00,Oui,0,110,120,2023
8230,321,403,513,2023-02-21,10:30,17:00,Oui,0,16,390,2023
8231,337,405,502,2022-09-10,13:00,15:00,Oui,0,21,120,2022
8232,333,460,530,2024-11-25,17:00,10:30,Oui,20,116,390,2024
8233,317,466,520,2023-12-09,13:00,19:00,Oui,0,24,360,2023
8234,304,444,514,2024-05-08,10:30,19:00,Oui,0,118,510,2024
8235,359,459,537,2025-06-12,17:00,17:00,Oui,0,31,0,2025
8236,357,413,503,2025-02-07,15:00,15:00,Oui,15,35,0,2025
8237,308,425,509,2024-04-30,13:00,19:00,Oui,0,105,360,2024
8238,303,448,510,2022-12-23,10:30,15:00,Oui,0,44,270,2022
8239,340,438,502,2025-05-20,15:00,19:00,Non,0,117,240,2025
8240,328,467,507,2024-02-17,17:00,17:00,Oui,10,31,0,2024
8241,360,468,537,2022-11-09,13:00,17:00,Oui,0,83,240,2022
8242,306,424,509,2022-09-09,13:00,12:30,Oui,0,95,30,2022
8243,353,429,501,2025-03-07,15:00,10:30,Oui,0,82,270,2025
8244,335,408,528,2024-07-14,10:30,15:00,Non,0,15,270,2024
8245,345,446,520,2024-01-21,13:00,17:00,Oui,0,47,240,2024
8246,311,461,508,2023-08-01,08:30,12:30,Oui,0,76,240,2023
8247,353,429,540,2024-06-08,08:30,10:30,Oui,0,21,120,2024
8248,324,448,532,2025-05-31,10:30,10:30,Oui,0,78,0,2025
8249,303,448,523,2023-01-06,08:30,19:00,Oui,0,112,630,2023
8250,349,476,512,2022-12-02,13:00,19:00,Oui,0,110,360,2022
8251,320,465,538,2023-01-24,17:00,17:00,Oui,20,39,0,2023
8252,341,431,514,2025-03-30,13:00,12:30,Oui,0,118,30,2025
8253,328,467,519,2024-05-28,15:00,15:00,Oui,10,85,0,2024
8254,318,474,539,2022-09-01,15:00,17:00,Oui,0,18,120,2022
8255,331,443,529,2024-12-30,10:30,15:00,Oui,20,23,270,2024
8256,310,411,501,2025-04-21,08:30,19:00,Oui,0,24,630,2025
8257,328,467,531,2022-11-09,17:00,15:00,Non,0,26,120,2022
8258,336,444,531,2024-01-03,10:30,19:00,Non,0,90,510,2024
8259,314,453,523,2023-02-08,15:00,12:30,Oui,5,47,150,2023
8260,321,403,503,2023-01-29,13:00,19:00,Oui,0,15,360,2023
8261,310,411,523,2024-08-10,08:30,10:30,Oui,0,56,120,2024
8262,314,453,529,2024-02-16,17:00,17:00,Oui,0,100,0,2024
8263,360,468,524,2024-01-23,08:30,17:00,Oui,0,21,510,2024
8264,327,465,532,2025-04-26,13:00,10:30,Oui,0,90,150,2025
8265,340,438,516,2022-09-26,13:00,15:00,Oui,0,30,120,2022
8266,337,405,535,2024-03-19,10:30,19:00,Non,0,115,510,2024
8267,355,414,535,2023-07-04,17:00,10:30,Oui,0,102,390,2023
8268,313,440,514,2024-10-23,10:30,10:30,Oui,0,45,0,2024
8269,303,448,533,2024-10-01,17:00,19:00,Oui,0,66,120,2024
8270,345,446,518,2022-10-14,17:00,19:00,Oui,0,16,120,2022
8271,310,411,510,2024-11-11,17:00,15:00,Oui,0,26,120,2024
8272,334,479,525,2024-04-01,17:00,12:30,Oui,10,41,270,2024
8273,327,465,516,2024-08-02,10:30,12:30,Oui,0,22,120,2024
8274,311,461,513,2025-04-17,08:30,19:00,Oui,0,79,630,2025
8275,306,424,504,2025-02-01,17:00,19:00,Oui,0,86,120,2025
8276,336,444,531,2022-11-27,08:30,10:30,Oui,0,91,120,2022
8277,337,405,540,2023-03-09,13:00,12:30,Oui,0,25,30,2023
8278,355,414,506,2023-10-14,10:30,17:00,Oui,0,63,390,2023
8279,344,427,507,2023-03-17,13:00,19:00,Oui,0,58,360,2023
8280,313,440,536,2022-12-06,15:00,12:30,Oui,5,38,150,2022
8281,333,460,508,2023-04-17,15:00,10:30,Oui,0,52,270,2023
8282,359,459,530,2023-07-23,13:00,12:30,Oui,5,91,30,2023
8283,346,425,531,2022-09-15,13:00,15:00,Oui,0,106,120,2022
8284,333,460,518,2024-04-29,08:30,19:00,Oui,15,101,630,2024
8285,349,476,509,2023-10-08,08:30,15:00,Oui,0,64,390,2023
8286,321,403,505,2024-07-26,17:00,15:00,Oui,0,68,120,2024
8287,312,449,532,2024-11-02,10:30,17:00,Non,5,38,390,2024
8288,302,430,516,2024-07-01,17:00,17:00,Oui,0,15,0,2024
8289,332,418,524,2023-12-20,10:30,17:00,Non,0,24,390,2023
8290,350,441,535,2024-05-09,13:00,17:00,Oui,0,119,240,2024
8291,324,448,536,2025-03-07,15:00,19:00,Oui,0,66,240,2025
8292,334,479,504,2024-07-09,08:30,17:00,Oui,0,45,510,2024
8293,307,438,503,2024-11-20,15:00,10:30,Oui,0,62,270,2024
8294,316,438,503,2023-05-23,08:30,17:00,Oui,0,49,510,2023
8295,314,453,501,2023-05-06,10:30,19:00,Oui,0,20,510,2023
8296,313,440,538,2023-05-01,08:30,12:30,Non,0,96,240,2023
8297,324,448,502,2023-06-21,08:30,19:00,Oui,5,48,630,2023
8298,310,411,522,2023-07-21,15:00,15:00,Oui,0,87,0,2023
8299,328,467,530,2024-09-20,08:30,19:00,Oui,10,98,630,2024
8300,358,477,512,2024-11-12,17:00,19:00,Oui,0,70,120,2024
8301,336,444,503,2023-05-31,15:00,15:00,Oui,0,119,0,2023
8302,301,452,532,2024-04-27,13:00,15:00,Oui,0,95,120,2024
8303,358,477,538,2023-06-08,13:00,19:00,Oui,0,92,360,2023
8304,349,476,519,2024-04-07,10:30,19:00,Oui,0,26,510,2024
8305,341,431,508,2022-10-04,08:30,19:00,Oui,0,91,630,2022
8306,312,449,525,2024-08-13,17:00,12:30,Oui,0,51,270,2024
8307,336,444,519,2024-07-08,15:00,12:30,Oui,0,36,150,2024
8308,319,468,539,2024-09-29,15:00,19:00,Oui,0,78,240,2024
8309,360,468,504,2024-06-06,15:00,10:30,Oui,0,45,270,2024
8310,321,403,527,2023-03-30,10:30,15:00,Oui,10,84,270,2023
8311,316,438,528,2022-11-02,13:00,17:00,Oui,0,96,240,2022
8312,344,427,510,2025-01-11,15:00,10:30,Oui,0,31,270,2025
8313,338,438,513,2024-08-24,08:30,15:00,Oui,0,79,390,2024
8314,320,465,524,2022-10-26,10:30,10:30,Oui,20,23,0,2022
8315,322,429,529,2023-12-16,08:30,17:00,Oui,0,78,510,2023
8316,326,472,507,2024-06-09,13:00,19:00,Oui,0,71,360,2024
8317,357,413,537,2023-01-05,10:30,15:00,Oui,10,53,270,2023
8318,304,444,505,2023-11-03,13:00,15:00,Oui,0,71,120,2023
8319,347,468,537,2024-02-26,15:00,15:00,Oui,0,108,0,2024
8320,320,465,524,2023-11-12,13:00,17:00,Oui,0,89,240,2023
8321,323,414,504,2024-06-15,08:30,19:00,Oui,0,109,630,2024
8322,331,443,506,2024-11-23,13:00,17:00,Oui,10,89,240,2024
8323,351,416,514,2025-01-27,08:30,19:00,Oui,0,45,630,2025
8324,336,444,513,2024-06-22,15:00,15:00,Oui,20,95,0,2024
8325,353,429,536,2025-03-31,08:30,15:00,Oui,0,102,390,2025
8326,360,468,530,2022-12-10,10:30,17:00,Oui,0,75,390,2022
8327,357,413,506,2024-02-26,08:30,10:30,Oui,0,87,120,2024
8328,317,466,512,2023-08-02,13:00,17:00,Oui,0,77,240,2023
8329,315,436,516,2023-11-19,10:30,19:00,Oui,0,104,510,2023
8330,324,448,531,2023-11-10,10:30,12:30,Oui,0,87,120,2023
8331,352,451,526,2024-04-15,10:30,19:00,Oui,0,32,510,2024
8332,352,451,521,2024-01-05,15:00,17:00,Oui,5,63,120,2024
8333,321,403,540,2023-09-18,15:00,17:00,Oui,0,45,120,2023
8334,313,440,540,2023-07-24,17:00,15:00,Oui,0,98,120,2023
8335,318,474,510,2022-12-05,10:30,10:30,Oui,0,88,0,2022
8336,326,472,507,2024-01-28,08:30,10:30,Oui,0,69,120,2024
8337,309,403,540,2023-09-22,10:30,19:00,Oui,0,50,510,2023
8338,351,416,519,2023-06-11,13:00,17:00,Oui,0,99,240,2023
8339,360,468,505,2023-07-03,08:30,17:00,Oui,0,57,510,2023
8340,306,424,521,2023-02-20,13:00,15:00,Oui,0,31,120,2023
8341,354,419,525,2022-12-27,15:00,15:00,Oui,0,70,0,2022
8342,320,465,537,2023-01-21,10:30,10:30,Oui,5,18,0,2023
8343,340,438,501,2024-11-14,10:30,12:30,Oui,5,101,120,2024
8344,310,411,510,2023-09-13,15:00,12:30,Oui,5,31,150,2023
8345,325,431,532,2025-03-09,10:30,12:30,Oui,5,24,120,2025
8346,352,451,527,2022-11-09,15:00,15:00,Non,5,108,0,2022
8347,355,414,531,2022-10-28,15:00,10:30,Oui,0,41,270,2022
8348,344,427,536,2024-09-10,15:00,10:30,Oui,0,57,270,2024
8349,325,431,540,2024-06-03,17:00,15:00,Oui,0,32,120,2024
8350,352,451,519,2023-02-21,08:30,17:00,Oui,0,116,510,2023
8351,332,418,520,2022-12-19,15:00,15:00,Oui,0,17,0,2022
8352,301,452,528,2025-04-27,13:00,19:00,Oui,0,36,360,2025
8353,345,446,528,2025-03-17,13:00,19:00,Oui,10,15,360,2025
8354,332,418,528,2023-07-25,08:30,12:30,Oui,0,105,240,2023
8355,310,411,526,2023-09-26,13:00,17:00,Oui,0,116,240,2023
8356,305,470,517,2024-12-22,13:00,19:00,Oui,0,72,360,2024
8357,341,431,518,2024-06-07,17:00,12:30,Oui,15,28,270,2024
8358,325,431,534,2023-11-20,17:00,17:00,Non,15,110,0,2023
8359,320,465,537,2024-03-22,17:00,10:30,Oui,0,47,390,2024
8360,327,465,539,2025-01-23,17:00,15:00,Oui,0,119,120,2025
8361,311,461,521,2022-09-30,17:00,12:30,Oui,10,33,270,2022
8362,306,424,527,2025-02-10,10:30,12:30,Oui,0,110,120,2025
8363,340,438,515,2024-02-09,08:30,12:30,Oui,0,27,240,2024
8364,330,436,511,2023-01-31,08:30,15:00,Oui,0,93,390,2023
8365,346,425,519,2024-07-27,08:30,10:30,Oui,10,104,120,2024
8366,330,436,505,2023-09-09,15:00,12:30,Oui,0,32,150,2023
8367,331,443,513,2024-05-15,13:00,12:30,Non,0,120,30,2024
8368,319,468,511,2024-07-30,15:00,19:00,Oui,0,104,240,2024
8369,339,408,532,2023-01-10,17:00,19:00,Oui,10,33,120,2023
8370,324,448,509,2023-10-25,17:00,17:00,Oui,0,22,0,2023
8371,346,425,522,2024-04-17,17:00,10:30,Oui,0,64,390,2024
8372,318,474,505,2023-10-15,13:00,19:00,Oui,0,97,360,2023
8373,348,433,524,2024-11-29,17:00,19:00,Oui,0,83,120,2024
8374,353,429,518,2024-11-10,13:00,19:00,Oui,0,69,360,2024
8375,353,429,529,2024-03-05,15:00,12:30,Oui,0,101,150,2024
8376,320,465,535,2024-01-08,17:00,17:00,Non,0,34,0,2024
8377,353,429,513,2024-11-17,08:30,19:00,Oui,0,22,630,2024
8378,322,429,537,2023-06-16,15:00,17:00,Oui,0,31,120,2023
8379,345,446,501,2023-03-22,13:00,15:00,Oui,0,108,120,2023
8380,351,416,529,2024-12-11,13:00,17:00,Non,0,100,240,2024
8381,307,438,534,2024-11-25,13:00,17:00,Oui,0,60,240,2024
8382,307,438,507,2023-08-19,15:00,15:00,Oui,0,15,0,2023
8383,306,424,501,2022-12-17,15:00,15:00,Oui,10,81,0,2022
8384,308,425,527,2023-05-30,08:30,15:00,Oui,0,24,390,2023
8385,333,460,527,2024-10-23,13:00,10:30,Oui,0,34,150,2024
8386,341,431,512,2024-02-08,13:00,10:30,Oui,5,113,150,2024
8387,312,449,533,2025-04-25,08:30,12:30,Non,0,117,240,2025
8388,344,427,513,2023-10-18,17:00,17:00,Oui,0,17,0,2023
8389,307,438,533,2023-12-22,15:00,10:30,Oui,0,108,270,2023
8390,347,468,505,2025-03-15,10:30,17:00,Oui,5,39,390,2025
8391,348,433,503,2024-05-03,13:00,12:30,Oui,0,42,30,2024
8392,327,465,533,2024-12-21,08:30,15:00,Oui,0,108,390,2024
8393,310,411,504,2023-12-02,17:00,15:00,Oui,0,110,120,2023
8394,350,441,505,2023-11-10,17:00,10:30,Oui,0,89,390,2023
8395,346,425,528,2023-01-14,15:00,19:00,Oui,0,77,240,2023
8396,304,444,537,2025-05-25,13:00,15:00,Oui,0,34,120,2025
8397,326,472,536,2024-03-04,13:00,17:00,Oui,0,93,240,2024
8398,318,474,518,2022-09-27,08:30,17:00,Oui,0,41,510,2022
8399,354,419,523,2024-10-13,15:00,15:00,Oui,5,80,0,2024
8400,311,461,501,2024-06-21,10:30,19:00,Oui,0,47,510,2024
8401,318,474,502,2024-07-21,17:00,10:30,Oui,0,32,390,2024
8402,338,438,528,2022-09-03,17:00,15:00,Oui,0,49,120,2022
8403,354,419,510,2022-11-30,08:30,15:00,Oui,15,82,390,2022
8404,353,429,539,2023-06-14,13:00,19:00,Oui,5,17,360,2023
8405,302,430,530,2023-09-27,10:30,10:30,Oui,10,44,0,2023
8406,351,416,507,2025-02-18,15:00,15:00,Oui,0,83,0,2025
8407,331,443,528,2025-03-31,13:00,10:30,Oui,0,99,150,2025
8408,340,438,520,2023-01-15,15:00,15:00,Oui,20,102,0,2023
8409,320,465,534,2023-07-23,17:00,19:00,Oui,0,111,120,2023
8410,351,416,509,2024-06-17,17:00,17:00,Oui,15,104,0,2024
8411,321,403,533,2024-03-20,15:00,12:30,Oui,0,46,150,2024
8412,311,461,515,2023-08-11,15:00,10:30,Non,0,109,270,2023
8413,311,461,524,2024-10-11,13:00,12:30,Oui,0,73,30,2024
8414,308,425,527,2025-05-12,17:00,12:30,Oui,5,27,270,2025
8415,324,448,529,2023-09-30,15:00,17:00,Oui,0,38,120,2023
8416,348,433,538,2023-11-12,08:30,15:00,Oui,5,26,390,2023
8417,336,444,534,2023-03-04,17:00,12:30,Oui,0,52,270,2023
8418,321,403,510,2024-10-21,13:00,19:00,Oui,10,54,360,2024
8419,351,416,527,2022-10-18,10:30,12:30,Non,0,32,120,2022
8420,316,438,530,2023-06-23,15:00,10:30,Oui,0,72,270,2023
8421,318,474,540,2025-06-26,08:30,12:30,Non,0,36,240,2025
8422,334,479,515,2025-04-23,17:00,10:30,Oui,0,19,390,2025
8423,360,468,528,2024-06-09,17:00,17:00,Oui,0,22,0,2024
8424,353,429,536,2024-03-28,15:00,19:00,Oui,20,56,240,2024
8425,351,416,517,2023-01-23,15:00,17:00,Oui,0,78,120,2023
8426,345,446,521,2024-06-04,17:00,10:30,Oui,0,119,390,2024
8427,316,438,535,2022-11-21,10:30,17:00,Oui,0,80,390,2022
8428,310,411,505,2024-08-23,13:00,17:00,Oui,0,92,240,2024
8429,330,436,504,2024-05-12,17:00,17:00,Oui,0,36,0,2024
8430,332,418,526,2023-11-05,17:00,19:00,Oui,0,71,120,2023
8431,325,431,527,2023-10-26,10:30,10:30,Oui,5,102,0,2023
8432,342,427,531,2024-11-25,10:30,19:00,Oui,10,66,510,2024
8433,312,449,507,2023-09-05,17:00,10:30,Oui,0,95,390,2023
8434,318,474,522,2023-02-28,17:00,10:30,Oui,20,34,390,2023
8435,335,408,537,2024-11-01,08:30,19:00,Oui,0,113,630,2024
8436,354,419,509,2022-10-25,15:00,10:30,Oui,0,66,270,2022
8437,355,414,525,2022-11-15,08:30,17:00,Oui,0,90,510,2022
8438,314,453,509,2023-11-24,10:30,19:00,Oui,0,86,510,2023
8439,302,430,510,2024-11-02,10:30,12:30,Oui,5,50,120,2024
8440,349,476,533,2025-02-11,17:00,17:00,Oui,0,20,0,2025
8441,334,479,516,2024-06-09,15:00,15:00,Oui,0,73,0,2024
8442,351,416,533,2024-12-26,10:30,12:30,Oui,0,58,120,2024
8443,356,412,523,2025-03-02,15:00,17:00,Oui,0,45,120,2025
8444,354,419,507,2023-08-16,10:30,10:30,Oui,0,56,0,2023
8445,337,405,522,2024-07-28,13:00,17:00,Oui,0,101,240,2024
8446,338,438,503,2024-09-02,08:30,19:00,Oui,0,76,630,2024
8447,304,444,540,2023-11-30,13:00,15:00,Oui,0,20,120,2023
8448,324,448,520,2024-09-22,17:00,12:30,Non,0,28,270,2024
8449,343,428,505,2024-05-30,15:00,10:30,Oui,20,98,270,2024
8450,324,448,507,2023-07-10,13:00,10:30,Non,20,40,150,2023
8451,320,465,526,2025-02-26,15:00,19:00,Oui,15,92,240,2025
8452,316,438,505,2022-11-16,15:00,17:00,Oui,0,94,120,2022
8453,318,474,529,2022-12-19,10:30,12:30,Oui,0,96,120,2022
8454,320,465,520,2024-02-29,17:00,15:00,Oui,0,48,120,2024
8455,326,472,527,2025-04-26,13:00,10:30,Oui,0,112,150,2025
8456,329,423,515,2025-01-14,15:00,15:00,Oui,5,119,0,2025
8457,348,433,502,2023-01-14,10:30,19:00,Oui,0,55,510,2023
8458,304,444,531,2023-11-22,17:00,12:30,Oui,0,30,270,2023
8459,311,461,523,2025-06-17,10:30,19:00,Oui,0,105,510,2025
8460,353,429,510,2025-02-16,17:00,17:00,Oui,0,86,0,2025
8461,305,470,514,2022-11-17,08:30,15:00,Oui,0,86,390,2022
8462,351,416,524,2024-05-16,10:30,12:30,Oui,10,37,120,2024
8463,339,408,520,2023-03-05,13:00,10:30,Oui,0,85,150,2023
8464,310,411,523,2024-02-03,17:00,17:00,Oui,0,117,0,2024
8465,344,427,525,2022-10-20,10:30,15:00,Non,20,52,270,2022
8466,319,468,525,2025-04-22,15:00,12:30,Oui,0,108,150,2025
8467,325,431,508,2024-08-08,17:00,15:00,Oui,0,84,120,2024
8468,304,444,519,2023-02-16,15:00,15:00,Oui,0,109,0,2023
8469,337,405,540,2023-04-24,15:00,10:30,Oui,0,58,270,2023
8470,336,444,501,2023-07-28,08:30,19:00,Oui,10,100,630,2023
8471,331,443,507,2024-12-07,08:30,15:00,Oui,0,27,390,2024
8472,345,446,515,2024-05-07,15:00,17:00,Oui,0,104,120,2024
8473,353,429,504,2024-02-05,10:30,17:00,Oui,10,118,390,2024
8474,303,448,529,2024-04-12,10:30,19:00,Oui,0,118,510,2024
8475,349,476,509,2024-12-08,10:30,12:30,Oui,0,113,120,2024
8476,308,425,502,2023-07-08,13:00,10:30,Oui,0,88,150,2023
8477,352,451,538,2024-10-27,10:30,10:30,Oui,5,86,0,2024
8478,314,453,513,2024-12-30,15:00,10:30,Oui,0,91,270,2024
8479,320,465,525,2024-12-29,08:30,10:30,Oui,5,32,120,2024
8480,324,448,521,2024-11-16,13:00,12:30,Oui,0,118,30,2024
8481,317,466,503,2023-06-03,10:30,12:30,Oui,0,102,120,2023
8482,342,427,515,2024-03-04,17:00,10:30,Oui,0,24,390,2024
8483,330,436,514,2025-02-13,17:00,12:30,Non,0,68,270,2025
8484,342,427,532,2024-09-03,08:30,10:30,Oui,0,75,120,2024
8485,307,438,529,2023-01-26,13:00,15:00,Oui,0,119,120,2023
8486,305,470,526,2023-05-05,08:30,19:00,Oui,5,36,630,2023
8487,350,441,514,2024-01-16,13:00,10:30,Oui,15,73,150,2024
8488,303,448,520,2024-11-18,15:00,15:00,Oui,0,32,0,2024
8489,334,479,525,2022-12-17,15:00,12:30,Oui,0,77,150,2022
8490,329,423,509,2024-10-17,17:00,19:00,Oui,0,115,120,2024
8491,317,466,523,2024-10-21,13:00,15:00,Oui,0,89,120,2024
8492,307,438,511,2023-09-10,15:00,17:00,Oui,0,48,120,2023
8493,310,411,506,2024-05-04,08:30,12:30,Oui,0,116,240,2024
8494,334,479,536,2024-06-24,10:30,15:00,Oui,20,58,270,2024
8495,348,433,505,2023-11-01,13:00,15:00,Oui,0,102,120,2023
8496,313,440,517,2024-11-26,10:30,19:00,Oui,0,83,510,2024
8497,309,403,515,2022-09-02,10:30,12:30,Oui,0,23,120,2022
8498,303,448,517,2024-09-09,08:30,15:00,Oui,0,102,390,2024
8499,309,403,531,2024-04-21,10:30,12:30,Oui,0,60,120,2024
8500,322,429,506,2023-04-23,17:00,17:00,Oui,0,82,0,2023
8501,355,414,534,2025-04-13,13:00,12:30,Oui,0,23,30,2025
8502,313,440,509,2022-09-17,17:00,15:00,Oui,0,51,120,2022
8503,337,405,516,2025-02-19,15:00,17:00,Oui,0,27,120,2025
8504,339,408,533,2023-10-03,17:00,15:00,Oui,15,79,120,2023
8505,315,436,504,2023-01-01,17:00,17:00,Oui,0,46,0,2023
8506,331,443,506,2024-06-01,08:30,15:00,Oui,0,26,390,2024
8507,338,438,505,2024-01-26,15:00,19:00,Oui,0,67,240,2024
8508,307,438,511,2023-04-01,08:30,17:00,Non,0,117,510,2023
8509,328,467,536,2023-02-06,08:30,10:30,Oui,0,93,120,2023
8510,324,448,526,2024-06-17,10:30,15:00,Oui,0,112,270,2024
8511,326,472,530,2022-12-18,17:00,10:30,Oui,20,33,390,2022
8512,305,470,528,2023-10-11,08:30,15:00,Oui,0,48,390,2023
8513,336,444,512,2023-10-07,08:30,10:30,Oui,10,38,120,2023
8514,336,444,513,2022-12-21,17:00,17:00,Oui,10,57,0,2022
8515,355,414,522,2022-10-09,10:30,12:30,Oui,15,51,120,2022
8516,330,436,507,2023-03-16,10:30,10:30,Oui,0,66,0,2023
8517,345,446,527,2025-05-11,13:00,10:30,Oui,5,47,150,2025
8518,307,438,521,2023-06-18,15:00,17:00,Oui,0,46,120,2023
8519,330,436,514,2023-06-16,10:30,15:00,Oui,0,19,270,2023
8520,344,427,503,2024-06-16,17:00,12:30,Oui,0,38,270,2024
8521,321,403,512,2022-12-06,10:30,10:30,Oui,0,27,0,2022
8522,334,479,540,2022-12-04,08:30,12:30,Oui,0,47,240,2022
8523,348,433,535,2024-05-21,17:00,10:30,Oui,0,39,390,2024
8524,331,443,515,2023-08-23,17:00,17:00,Oui,5,29,0,2023
8525,310,411,514,2023-07-22,17:00,15:00,Oui,0,57,120,2023
8526,325,431,527,2024-04-03,10:30,15:00,Oui,10,38,270,2024
8527,352,451,533,2024-11-27,13:00,19:00,Oui,0,71,360,2024
8528,330,436,528,2022-09-11,17:00,19:00,Oui,0,70,120,2022
8529,344,427,528,2023-10-01,08:30,19:00,Oui,0,60,630,2023
8530,341,431,516,2025-02-12,15:00,12:30,Oui,0,50,150,2025
8531,334,479,537,2024-09-08,15:00,12:30,Oui,0,60,150,2024
8532,317,466,526,2023-03-08,10:30,17:00,Oui,0,66,390,2023
8533,325,431,524,2024-07-12,08:30,15:00,Oui,0,77,390,2024
8534,323,414,525,2023-07-20,10:30,19:00,Oui,0,22,510,2023
8535,337,405,540,2025-01-01,08:30,15:00,Oui,0,75,390,2025
8536,315,436,524,2023-11-23,17:00,15:00,Oui,10,35,120,2023
8537,344,427,519,2025-02-21,13:00,17:00,Oui,0,70,240,2025
8538,319,468,521,2023-12-22,17:00,19:00,Oui,0,104,120,2023
8539,353,429,527,2023-05-19,17:00,19:00,Oui,0,58,120,2023
8540,340,438,516,2023-07-13,15:00,17:00,Oui,0,90,120,2023
8541,340,438,510,2024-05-02,15:00,10:30,Oui,0,35,270,2024
8542,351,416,530,2025-01-04,17:00,12:30,Non,5,56,270,2025
8543,333,460,518,2023-11-10,13:00,17:00,Non,0,85,240,2023
8544,305,470,522,2025-06-21,10:30,19:00,Oui,0,18,510,2025
8545,350,441,527,2023-03-27,17:00,12:30,Oui,0,52,270,2023
8546,303,448,537,2025-04-21,10:30,19:00,Oui,0,92,510,2025
8547,320,465,535,2023-02-06,13:00,12:30,Oui,10,101,30,2023
8548,311,461,533,2023-02-18,17:00,12:30,Oui,0,103,270,2023
8549,318,474,530,2023-03-01,08:30,17:00,Oui,0,118,510,2023
8550,348,433,514,2025-04-28,08:30,17:00,Oui,0,103,510,2025
8551,320,465,511,2022-09-09,13:00,19:00,Non,0,93,360,2022
8552,334,479,528,2025-05-15,08:30,19:00,Non,0,32,630,2025
8553,307,438,525,2024-03-17,08:30,12:30,Oui,0,30,240,2024
8554,331,443,519,2024-11-24,17:00,15:00,Oui,0,115,120,2024
8555,357,413,529,2024-11-21,13:00,12:30,Oui,0,110,30,2024
8556,310,411,538,2023-08-03,13:00,15:00,Oui,5,111,120,2023
8557,314,453,526,2023-10-26,10:30,19:00,Oui,0,28,510,2023
8558,340,438,530,2023-06-12,17:00,19:00,Oui,0,95,120,2023
8559,343,428,520,2022-09-24,17:00,15:00,Oui,0,79,120,2022
8560,331,443,506,2023-04-13,15:00,17:00,Oui,0,106,120,2023
8561,324,448,519,2025-03-31,15:00,17:00,Oui,0,101,120,2025
8562,338,438,502,2024-12-22,17:00,12:30,Oui,0,42,270,2024
8563,328,467,522,2023-11-26,08:30,10:30,Oui,0,64,120,2023
8564,331,443,507,2023-08-14,17:00,10:30,Oui,0,29,390,2023
8565,325,431,526,2024-01-19,13:00,19:00,Oui,0,19,360,2024
8566,325,431,506,2023-10-04,13:00,15:00,Oui,0,42,120,2023
8567,342,427,531,2025-01-06,10:30,15:00,Oui,0,83,270,2025
8568,353,429,507,2024-03-30,17:00,19:00,Oui,0,117,120,2024
8569,328,467,517,2023-03-01,08:30,17:00,Oui,0,78,510,2023
8570,326,472,539,2023-11-18,13:00,19:00,Oui,0,26,360,2023
8571,344,427,507,2024-11-29,13:00,19:00,Oui,0,98,360,2024
8572,340,438,538,2023-02-18,08:30,15:00,Oui,10,98,390,2023
8573,345,446,511,2022-11-19,17:00,17:00,Oui,0,68,0,2022
8574,358,477,508,2024-12-06,08:30,10:30,Oui,0,94,120,2024
8575,329,423,539,2022-11-21,10:30,10:30,Oui,20,113,0,2022
8576,353,429,513,2024-02-11,13:00,15:00,Oui,0,85,120,2024
8577,302,430,517,2023-07-17,10:30,15:00,Non,5,40,270,2023
8578,319,468,505,2025-01-19,15:00,19:00,Oui,0,100,240,2025
8579,321,403,507,2025-05-22,17:00,10:30,Oui,10,41,390,2025
8580,311,461,535,2024-10-22,13:00,17:00,Oui,0,27,240,2024
8581,316,438,506,2025-06-11,10:30,10:30,Oui,10,89,0,2025
8582,330,436,520,2022-10-04,13:00,17:00,Non,0,100,240,2022
8583,311,461,501,2023-07-28,17:00,19:00,Non,0,117,120,2023
8584,316,438,506,2024-04-15,10:30,19:00,Oui,0,73,510,2024
8585,340,438,520,2024-06-11,15:00,10:30,Oui,10,113,270,2024
8586,342,427,539,2023-11-11,15:00,19:00,Non,0,62,240,2023
8587,319,468,532,2024-10-19,15:00,12:30,Oui,10,92,150,2024
8588,360,468,505,2024-01-03,08:30,10:30,Oui,0,96,120,2024
8589,342,427,532,2024-05-10,08:30,17:00,Oui,0,30,510,2024
8590,341,431,537,2024-04-09,10:30,10:30,Oui,0,59,0,2024
8591,320,465,519,2022-12-08,10:30,10:30,Oui,0,57,0,2022
8592,323,414,514,2024-07-10,17:00,17:00,Oui,0,99,0,2024
8593,307,438,512,2024-11-04,17:00,15:00,Oui,0,119,120,2024
8594,355,414,523,2024-07-22,13:00,12:30,Oui,0,111,30,2024
8595,360,468,532,2024-05-31,08:30,12:30,Oui,15,96,240,2024
8596,307,438,524,2024-04-02,08:30,17:00,Oui,10,89,510,2024
8597,346,425,535,2024-03-19,13:00,17:00,Oui,0,64,240,2024
8598,354,419,539,2024-04-01,17:00,12:30,Oui,0,22,270,2024
8599,329,423,502,2024-09-26,13:00,17:00,Oui,0,72,240,2024
8600,305,470,523,2024-12-02,13:00,19:00,Oui,0,52,360,2024
8601,335,408,510,2023-09-13,08:30,17:00,Oui,0,34,510,2023
8602,306,424,525,2024-12-06,13:00,17:00,Oui,0,61,240,2024
8603,340,438,502,2024-02-13,08:30,17:00,Oui,0,17,510,2024
8604,339,408,503,2023-02-17,13:00,10:30,Oui,0,43,150,2023
8605,329,423,501,2024-10-14,15:00,12:30,Oui,0,48,150,2024
8606,306,424,503,2025-02-28,08:30,10:30,Oui,10,15,120,2025
8607,346,425,527,2024-12-16,08:30,15:00,Oui,0,117,390,2024
8608,304,444,507,2025-05-23,10:30,10:30,Oui,0,75,0,2025
8609,356,412,527,2023-08-12,08:30,10:30,Oui,15,59,120,2023
8610,357,413,511,2023-06-14,17:00,12:30,Oui,0,38,270,2023
8611,342,427,512,2023-07-15,17:00,15:00,Oui,0,75,120,2023
8612,341,431,521,2023-07-16,13:00,19:00,Oui,0,90,360,2023
8613,308,425,539,2024-05-01,13:00,10:30,Oui,0,19,150,2024
8614,317,466,536,2024-03-02,08:30,12:30,Oui,0,62,240,2024
8615,315,436,507,2023-04-25,13:00,10:30,Non,0,120,150,2023
8616,355,414,521,2023-10-03,15:00,12:30,Oui,0,36,150,2023
8617,345,446,534,2023-05-27,08:30,17:00,Oui,0,52,510,2023
8618,351,416,508,2024-09-06,17:00,10:30,Non,0,91,390,2024
8619,337,405,530,2024-01-06,17:00,10:30,Oui,0,24,390,2024
8620,310,411,502,2024-05-07,13:00,15:00,Oui,0,46,120,2024
8621,325,431,520,2023-02-06,10:30,19:00,Oui,0,112,510,2023
8622,302,430,507,2024-02-20,17:00,17:00,Oui,0,117,0,2024
8623,320,465,530,2024-04-12,10:30,19:00,Oui,0,19,510,2024
8624,346,425,512,2023-02-22,17:00,19:00,Oui,0,43,120,2023
8625,334,479,502,2024-10-29,13:00,17:00,Oui,5,86,240,2024
8626,345,446,502,2023-12-10,17:00,10:30,Oui,0,100,390,2023
8627,322,429,510,2023-03-19,17:00,17:00,Oui,0,47,0,2023
8628,333,460,516,2024-12-03,08:30,15:00,Oui,10,119,390,2024
8629,336,444,522,2024-06-23,15:00,15:00,Non,0,90,0,2024
8630,342,427,537,2024-05-19,08:30,19:00,Oui,10,112,630,2024
8631,320,465,518,2023-09-18,08:30,17:00,Oui,0,92,510,2023
8632,328,467,528,2022-12-10,13:00,12:30,Oui,0,81,30,2022
8633,359,459,539,2025-01-26,08:30,10:30,Oui,0,64,120,2025
8634,353,429,522,2025-01-08,10:30,17:00,Oui,0,111,390,2025
8635,306,424,518,2024-09-30,08:30,10:30,Oui,0,66,120,2024
8636,323,414,521,2023-06-22,08:30,12:30,Oui,20,68,240,2023
8637,303,448,536,2023-01-20,17:00,10:30,Oui,0,32,390,2023
8638,346,425,523,2023-11-25,17:00,15:00,Oui,0,39,120,2023
8639,351,416,531,2024-11-25,10:30,19:00,Oui,15,65,510,2024
8640,302,430,519,2024-03-05,15:00,12:30,Oui,5,56,150,2024
8641,309,403,501,2024-03-31,10:30,12:30,Oui,0,47,120,2024
8642,345,446,512,2023-11-10,08:30,10:30,Oui,0,50,120,2023
8643,317,466,506,2025-03-19,13:00,10:30,Oui,0,107,150,2025
8644,336,444,522,2024-08-01,15:00,19:00,Oui,0,28,240,2024
8645,359,459,521,2024-07-24,13:00,19:00,Oui,10,18,360,2024
8646,341,431,525,2023-08-23,17:00,17:00,Oui,0,16,0,2023
8647,356,412,511,2024-03-22,15:00,10:30,Oui,0,45,270,2024
8648,330,436,514,2023-11-28,17:00,15:00,Oui,0,101,120,2023
8649,351,416,539,2024-04-19,10:30,10:30,Oui,0,56,0,2024
8650,348,433,535,2023-06-13,10:30,10:30,Oui,10,50,0,2023
8651,303,448,502,2023-06-14,15:00,12:30,Oui,0,103,150,2023
8652,356,412,540,2023-03-05,08:30,17:00,Oui,0,52,510,2023
8653,351,416,511,2023-06-12,08:30,15:00,Oui,0,26,390,2023
8654,350,441,527,2025-04-08,10:30,10:30,Oui,0,60,0,2025
8655,310,411,516,2023-08-27,15:00,19:00,Oui,0,41,240,2023
8656,319,468,531,2022-09-11,10:30,15:00,Oui,0,111,270,2022
8657,358,477,503,2023-11-16,10:30,19:00,Oui,0,35,510,2023
8658,327,465,533,2022-12-02,13:00,10:30,Oui,0,38,150,2022
8659,339,408,510,2022-12-02,17:00,10:30,Oui,5,28,390,2022
8660,331,443,537,2024-01-04,10:30,15:00,Oui,0,94,270,2024
8661,324,448,515,2025-05-30,08:30,19:00,Oui,0,22,630,2025
8662,338,438,501,2022-12-29,10:30,19:00,Oui,0,97,510,2022
8663,313,440,522,2025-01-29,10:30,12:30,Oui,0,58,120,2025
8664,336,444,525,2024-03-29,08:30,19:00,Oui,20,109,630,2024
8665,358,477,524,2024-08-25,13:00,10:30,Non,0,108,150,2024
8666,308,425,529,2023-06-20,13:00,15:00,Oui,0,108,120,2023
8667,328,467,514,2023-06-07,08:30,17:00,Oui,0,98,510,2023
8668,323,414,530,2025-04-11,17:00,10:30,Oui,0,51,390,2025
8669,360,468,522,2024-10-11,13:00,12:30,Oui,0,71,30,2024
8670,323,414,501,2023-05-01,13:00,12:30,Oui,5,101,30,2023
8671,339,408,540,2023-04-02,15:00,17:00,Oui,0,69,120,2023
8672,337,405,527,2025-01-24,13:00,12:30,Oui,0,99,30,2025
8673,331,443,531,2025-01-04,08:30,19:00,Oui,15,35,630,2025
8674,325,431,536,2023-02-25,13:00,17:00,Oui,0,85,240,2023
8675,323,414,504,2024-12-12,17:00,10:30,Oui,0,34,390,2024
8676,316,438,509,2024-01-17,08:30,17:00,Oui,10,76,510,2024
8677,352,451,536,2025-02-21,15:00,17:00,Oui,5,41,120,2025
8678,347,468,522,2024-01-17,10:30,17:00,Oui,0,30,390,2024
8679,327,465,535,2024-08-29,08:30,12:30,Oui,0,63,240,2024
8680,352,451,534,2024-04-05,13:00,17:00,Oui,0,43,240,2024
8681,311,461,532,2023-02-19,10:30,19:00,Oui,0,54,510,2023
8682,350,441,513,2022-10-15,10:30,17:00,Oui,0,58,390,2022
8683,305,470,516,2023-07-02,08:30,12:30,Oui,0,33,240,2023
8684,353,429,517,2025-02-12,17:00,17:00,Oui,0,63,0,2025
8685,324,448,540,2023-11-02,15:00,19:00,Oui,0,106,240,2023
8686,346,425,517,2023-03-31,17:00,12:30,Oui,0,117,270,2023
8687,306,424,532,2024-12-24,08:30,15:00,Oui,0,41,390,2024
8688,340,438,534,2023-06-13,08:30,15:00,Oui,0,100,390,2023
8689,311,461,502,2024-11-03,10:30,17:00,Oui,0,65,390,2024
8690,341,431,519,2023-09-12,10:30,15:00,Oui,0,23,270,2023
8691,321,403,510,2025-05-27,13:00,15:00,Oui,5,59,120,2025
8692,357,413,515,2024-01-23,13:00,17:00,Oui,0,55,240,2024
8693,315,436,525,2025-04-19,13:00,19:00,Non,0,71,360,2025
8694,310,411,533,2024-04-24,10:30,12:30,Oui,0,50,120,2024
8695,309,403,537,2024-04-12,08:30,10:30,Oui,0,54,120,2024
8696,343,428,527,2023-06-10,15:00,19:00,Oui,0,31,240,2023
8697,328,467,537,2025-01-05,17:00,15:00,Oui,0,29,120,2025
8698,359,459,510,2022-12-21,10:30,17:00,Oui,0,68,390,2022
8699,352,451,532,2023-09-03,10:30,15:00,Oui,0,104,270,2023
8700,356,412,502,2025-02-19,10:30,15:00,Oui,0,102,270,2025
8701,320,465,518,2023-06-11,17:00,10:30,Oui,0,53,390,2023
8702,312,449,528,2024-09-30,10:30,12:30,Oui,0,115,120,2024
8703,334,479,513,2024-04-22,15:00,19:00,Oui,0,103,240,2024
8704,312,449,501,2024-04-10,15:00,19:00,Oui,0,74,240,2024
8705,321,403,509,2024-10-05,17:00,15:00,Oui,0,104,120,2024
8706,352,451,504,2025-03-28,10:30,19:00,Oui,0,82,510,2025
8707,327,465,509,2023-03-11,17:00,12:30,Oui,0,114,270,2023
8708,304,444,516,2023-10-01,10:30,10:30,Oui,0,87,0,2023
8709,322,429,518,2024-06-10,15:00,17:00,Oui,0,66,120,2024
8710,321,403,529,2022-09-25,15:00,12:30,Oui,20,100,150,2022
8711,314,453,509,2025-01-21,08:30,10:30,Oui,0,32,120,2025
8712,330,436,510,2022-10-26,08:30,19:00,Oui,0,52,630,2022
8713,328,467,533,2024-03-03,13:00,19:00,Oui,0,41,360,2024
8714,354,419,514,2023-11-10,15:00,19:00,Oui,10,63,240,2023
8715,341,431,502,2023-08-07,17:00,19:00,Non,0,66,120,2023
8716,321,403,532,2023-02-23,15:00,10:30,Oui,0,57,270,2023
8717,355,414,517,2024-04-08,17:00,12:30,Oui,15,18,270,2024
8718,347,468,536,2024-09-28,13:00,19:00,Oui,0,106,360,2024
8719,338,438,504,2023-04-21,10:30,15:00,Oui,15,94,270,2023
8720,332,418,524,2023-03-11,10:30,15:00,Oui,0,21,270,2023
8721,301,452,501,2023-02-06,13:00,15:00,Oui,0,65,120,2023
8722,337,405,508,2025-05-01,17:00,10:30,Oui,0,84,390,2025
8723,345,446,504,2023-11-18,17:00,19:00,Non,0,96,120,2023
8724,359,459,503,2024-04-08,08:30,10:30,Oui,0,51,120,2024
8725,332,418,504,2024-03-10,13:00,17:00,Oui,0,64,240,2024
8726,326,472,533,2024-07-28,10:30,15:00,Oui,0,39,270,2024
8727,337,405,534,2023-03-31,10:30,17:00,Oui,15,54,390,2023
8728,359,459,530,2024-06-16,08:30,12:30,Oui,5,20,240,2024
8729,303,448,540,2022-09-25,15:00,19:00,Oui,0,55,240,2022
8730,331,443,525,2024-03-31,15:00,17:00,Oui,0,85,120,2024
8731,314,453,517,2022-11-13,17:00,10:30,Oui,0,34,390,2022
8732,333,460,530,2023-03-30,17:00,19:00,Oui,0,103,120,2023
8733,359,459,536,2023-10-24,08:30,17:00,Oui,0,26,510,2023
8734,303,448,507,2024-09-19,15:00,17:00,Oui,0,117,120,2024
8735,325,431,534,2025-01-13,17:00,19:00,Oui,0,75,120,2025
8736,325,431,525,2025-02-15,17:00,12:30,Oui,0,99,270,2025
8737,344,427,513,2023-07-25,15:00,10:30,Oui,0,107,270,2023
8738,326,472,521,2022-10-28,17:00,12:30,Oui,0,62,270,2022
8739,342,427,513,2024-02-06,17:00,10:30,Oui,0,90,390,2024
8740,353,429,523,2025-01-12,10:30,19:00,Oui,0,62,510,2025
8741,334,479,516,2024-09-16,10:30,19:00,Non,0,98,510,2024
8742,349,476,538,2023-08-01,15:00,17:00,Oui,0,99,120,2023
8743,348,433,510,2023-03-13,15:00,15:00,Oui,0,86,0,2023
8744,322,429,503,2023-01-15,17:00,15:00,Oui,0,69,120,2023
8745,308,425,528,2025-05-21,10:30,10:30,Oui,10,119,0,2025
8746,323,414,513,2022-09-14,17:00,15:00,Oui,0,41,120,2022
8747,324,448,511,2025-04-04,15:00,17:00,Oui,0,90,120,2025
8748,333,460,536,2023-11-29,08:30,15:00,Oui,0,118,390,2023
8749,360,468,504,2023-08-04,17:00,15:00,Oui,0,53,120,2023
8750,356,412,528,2023-04-07,08:30,19:00,Non,0,74,630,2023
8751,334,479,513,2022-09-16,17:00,17:00,Oui,20,31,0,2022
8752,332,418,501,2025-03-24,10:30,19:00,Oui,0,106,510,2025
8753,322,429,511,2025-05-18,15:00,17:00,Oui,15,110,120,2025
8754,348,433,508,2023-05-06,17:00,15:00,Oui,0,32,120,2023
8755,320,465,521,2023-05-21,15:00,19:00,Oui,5,64,240,2023
8756,303,448,513,2022-09-03,08:30,10:30,Oui,0,71,120,2022
8757,315,436,506,2023-06-27,10:30,15:00,Oui,0,33,270,2023
8758,348,433,513,2024-04-27,15:00,12:30,Oui,0,101,150,2024
8759,311,461,504,2024-08-15,15:00,17:00,Oui,0,75,120,2024
8760,335,408,507,2025-01-22,17:00,19:00,Non,0,95,120,2025
8761,311,461,531,2023-04-10,17:00,17:00,Oui,10,59,0,2023
8762,310,411,526,2024-12-03,15:00,15:00,Oui,0,20,0,2024
8763,352,451,539,2024-10-13,10:30,12:30,Oui,0,51,120,2024
8764,311,461,518,2022-10-03,13:00,12:30,Oui,0,35,30,2022
8765,322,429,519,2023-06-11,15:00,15:00,Non,0,40,0,2023
8766,353,429,530,2023-10-16,10:30,12:30,Non,0,26,120,2023
8767,337,405,538,2023-02-03,10:30,19:00,Oui,5,105,510,2023
8768,319,468,501,2025-03-28,13:00,17:00,Oui,0,100,240,2025
8769,319,468,516,2025-01-10,08:30,15:00,Oui,0,78,390,2025
8770,358,477,538,2023-04-23,13:00,10:30,Oui,0,110,150,2023
8771,301,452,507,2022-11-29,10:30,17:00,Oui,0,16,390,2022
8772,358,477,502,2025-06-29,15:00,15:00,Oui,0,86,0,2025
8773,330,436,537,2023-11-02,15:00,15:00,Oui,0,91,0,2023
8774,314,453,530,2023-10-22,13:00,19:00,Oui,0,79,360,2023
8775,345,446,514,2024-09-03,08:30,19:00,Oui,0,38,630,2024
8776,351,416,507,2024-04-03,15:00,19:00,Oui,5,26,240,2024
8777,341,431,517,2024-10-27,17:00,17:00,Oui,0,96,0,2024
8778,354,419,525,2024-04-03,10:30,12:30,Oui,0,17,120,2024
8779,303,448,514,2023-03-07,15:00,12:30,Non,0,119,150,2023
8780,311,461,527,2025-01-14,17:00,12:30,Oui,0,54,270,2025
8781,321,403,526,2024-07-14,17:00,12:30,Oui,0,107,270,2024
8782,345,446,532,2023-05-22,08:30,10:30,Oui,0,103,120,2023
8783,325,431,510,2022-10-13,08:30,10:30,Oui,0,53,120,2022
8784,340,438,525,2022-10-06,17:00,10:30,Oui,0,86,390,2022
8785,336,444,522,2024-03-27,10:30,17:00,Oui,10,29,390,2024
8786,301,452,526,2023-10-21,10:30,12:30,Oui,0,55,120,2023
8787,309,403,527,2023-11-19,10:30,10:30,Oui,0,26,0,2023
8788,314,453,504,2022-12-26,17:00,10:30,Oui,5,82,390,2022
8789,337,405,539,2023-12-25,15:00,19:00,Oui,0,29,240,2023
8790,337,405,501,2024-05-27,17:00,10:30,Oui,0,37,390,2024
8791,328,467,534,2023-12-17,13:00,10:30,Oui,0,57,150,2023
8792,303,448,535,2023-09-04,08:30,19:00,Oui,10,109,630,2023
8793,317,466,515,2022-12-11,10:30,17:00,Oui,0,68,390,2022
8794,339,408,528,2023-03-01,15:00,17:00,Oui,5,36,120,2023
8795,327,465,535,2022-10-21,08:30,12:30,Oui,15,32,240,2022
8796,302,430,528,2023-01-15,17:00,15:00,Oui,0,114,120,2023
8797,324,448,530,2024-02-08,08:30,15:00,Oui,0,106,390,2024
8798,359,459,515,2023-01-29,08:30,10:30,Non,0,59,120,2023
8799,308,425,536,2023-11-09,10:30,10:30,Oui,5,93,0,2023
8800,311,461,528,2025-06-15,17:00,17:00,Oui,10,94,0,2025
8801,305,470,533,2024-04-17,08:30,19:00,Non,0,89,630,2024
8802,355,414,508,2024-05-24,15:00,19:00,Oui,0,44,240,2024
8803,312,449,531,2024-12-14,13:00,10:30,Oui,0,111,150,2024
8804,333,460,507,2024-12-09,15:00,17:00,Oui,15,103,120,2024
8805,335,408,507,2025-06-11,10:30,19:00,Oui,0,84,510,2025
8806,305,470,514,2024-12-16,15:00,19:00,Oui,5,82,240,2024
8807,341,431,523,2022-10-21,15:00,12:30,Oui,0,73,150,2022
8808,328,467,526,2023-08-19,10:30,17:00,Oui,0,70,390,2023
8809,329,423,528,2025-02-26,17:00,10:30,Oui,0,87,390,2025
8810,310,411,513,2025-03-05,08:30,17:00,Oui,20,119,510,2025
8811,318,474,521,2023-08-13,17:00,19:00,Oui,0,92,120,2023
8812,353,429,501,2025-04-07,17:00,12:30,Oui,0,118,270,2025
8813,337,405,521,2023-04-06,13:00,19:00,Oui,0,76,360,2023
8814,358,477,531,2025-04-10,13:00,19:00,Oui,0,78,360,2025
8815,338,438,525,2024-04-29,10:30,19:00,Oui,0,62,510,2024
8816,346,425,535,2022-10-21,08:30,15:00,Oui,5,30,390,2022
8817,340,438,529,2023-04-12,15:00,15:00,Oui,0,76,0,2023
8818,320,465,536,2023-09-21,10:30,19:00,Oui,0,60,510,2023
8819,328,467,526,2024-08-19,17:00,19:00,Oui,0,71,120,2024
8820,318,474,506,2023-04-22,13:00,19:00,Oui,0,69,360,2023
8821,331,443,503,2022-12-24,13:00,10:30,Oui,0,15,150,2022
8822,360,468,539,2023-09-12,17:00,12:30,Oui,0,81,270,2023
8823,353,429,529,2025-06-03,15:00,10:30,Oui,0,95,270,2025
8824,318,474,515,2022-10-05,17:00,12:30,Oui,0,17,270,2022
8825,358,477,508,2023-03-28,10:30,15:00,Oui,0,96,270,2023
8826,312,449,501,2023-01-09,15:00,10:30,Oui,10,78,270,2023
8827,335,408,518,2023-08-17,08:30,17:00,Oui,0,99,510,2023
8828,330,436,539,2024-08-06,10:30,12:30,Oui,0,44,120,2024
8829,318,474,513,2024-12-14,08:30,19:00,Oui,0,17,630,2024
8830,327,465,525,2023-08-11,08:30,17:00,Oui,10,96,510,2023
8831,311,461,513,2022-10-11,13:00,12:30,Non,15,64,30,2022
8832,334,479,528,2023-06-12,17:00,17:00,Oui,0,61,0,2023
8833,348,433,516,2025-04-19,13:00,10:30,Non,0,104,150,2025
8834,311,461,521,2025-06-10,08:30,15:00,Oui,20,54,390,2025
8835,332,418,526,2024-09-22,15:00,15:00,Oui,0,21,0,2024
8836,341,431,525,2025-06-06,13:00,15:00,Oui,5,47,120,2025
8837,343,428,524,2023-11-23,08:30,15:00,Oui,0,63,390,2023
8838,325,431,528,2025-01-05,17:00,12:30,Oui,0,100,270,2025
8839,302,430,518,2023-10-12,17:00,12:30,Oui,10,99,270,2023
8840,360,468,523,2025-01-26,15:00,17:00,Oui,0,42,120,2025
8841,354,419,528,2024-11-11,17:00,15:00,Oui,0,45,120,2024
8842,357,413,510,2022-10-31,15:00,17:00,Oui,0,61,120,2022
8843,335,408,534,2025-04-22,17:00,19:00,Oui,0,52,120,2025
8844,311,461,516,2023-07-23,15:00,19:00,Oui,0,86,240,2023
8845,305,470,514,2024-01-29,15:00,19:00,Oui,0,103,240,2024
8846,319,468,522,2022-11-04,13:00,15:00,Oui,10,117,120,2022
8847,329,423,504,2024-09-09,08:30,19:00,Non,0,37,630,2024
8848,359,459,535,2024-03-05,10:30,10:30,Oui,0,21,0,2024
8849,359,459,530,2023-10-09,17:00,12:30,Oui,0,87,270,2023
8850,346,425,503,2025-04-15,15:00,12:30,Oui,0,90,150,2025
8851,348,433,521,2024-03-06,13:00,10:30,Oui,0,45,150,2024
8852,352,451,536,2022-10-29,10:30,15:00,Oui,0,86,270,2022
8853,323,414,523,2023-04-14,10:30,10:30,Oui,0,53,0,2023
8854,350,441,522,2022-10-18,17:00,10:30,Oui,5,54,390,2022
8855,332,418,514,2024-08-04,08:30,12:30,Oui,0,74,240,2024
8856,344,427,539,2024-02-25,10:30,12:30,Oui,0,111,120,2024
8857,341,431,532,2024-07-09,08:30,10:30,Oui,0,33,120,2024
8858,343,428,516,2024-08-23,13:00,12:30,Oui,0,66,30,2024
8859,314,453,523,2023-09-14,13:00,12:30,Oui,0,85,30,2023
8860,343,428,528,2024-10-18,13:00,10:30,Oui,0,103,150,2024
8861,307,438,504,2024-09-14,17:00,12:30,Oui,0,85,270,2024
8862,309,403,523,2024-08-14,08:30,15:00,Oui,10,95,390,2024
8863,352,451,528,2022-11-23,08:30,19:00,Oui,0,44,630,2022
8864,328,467,521,2023-03-12,13:00,15:00,Oui,0,60,120,2023
8865,331,443,521,2023-11-25,08:30,17:00,Oui,0,32,510,2023
8866,328,467,531,2023-09-17,08:30,17:00,Oui,0,73,510,2023
8867,333,460,513,2024-01-20,15:00,10:30,Oui,0,32,270,2024
8868,354,419,506,2024-06-12,13:00,17:00,Oui,0,107,240,2024
8869,312,449,511,2025-01-19,08:30,12:30,Oui,0,111,240,2025
8870,349,476,528,2022-10-29,17:00,10:30,Oui,5,80,390,2022
8871,327,465,529,2024-11-12,17:00,19:00,Oui,0,22,120,2024
8872,329,423,528,2023-12-24,15:00,12:30,Oui,0,17,150,2023
8873,306,424,516,2024-07-20,15:00,17:00,Non,0,22,120,2024
8874,338,438,520,2024-07-19,13:00,19:00,Oui,10,120,360,2024
8875,339,408,538,2023-06-20,10:30,17:00,Oui,0,71,390,2023
8876,343,428,515,2023-03-24,10:30,15:00,Non,0,115,270,2023
8877,311,461,515,2022-11-18,13:00,10:30,Oui,0,99,150,2022
8878,346,425,519,2023-07-09,13:00,19:00,Oui,5,119,360,2023
8879,327,465,516,2024-11-29,08:30,12:30,Oui,0,85,240,2024
8880,340,438,512,2023-12-31,13:00,12:30,Oui,0,75,30,2023
8881,326,472,524,2024-09-29,15:00,12:30,Oui,0,92,150,2024
8882,351,416,540,2023-01-09,13:00,15:00,Oui,5,90,120,2023
8883,313,440,502,2024-04-07,10:30,10:30,Oui,15,81,0,2024
8884,348,433,513,2024-05-05,17:00,15:00,Oui,10,43,120,2024
8885,334,479,506,2022-11-18,10:30,19:00,Oui,0,76,510,2022
8886,347,468,531,2023-05-02,08:30,15:00,Oui,0,17,390,2023
8887,302,430,527,2023-06-29,08:30,17:00,Oui,0,92,510,2023
8888,322,429,509,2024-11-07,13:00,10:30,Oui,0,72,150,2024
8889,323,414,514,2023-07-29,15:00,12:30,Oui,0,102,150,2023
8890,320,465,540,2023-02-18,17:00,17:00,Oui,0,44,0,2023
8891,319,468,540,2023-07-16,17:00,19:00,Oui,0,46,120,2023
8892,351,416,526,2023-02-02,15:00,12:30,Oui,0,101,150,2023
8893,321,403,530,2025-02-08,08:30,10:30,Oui,0,60,120,2025
8894,341,431,509,2025-03-13,15:00,15:00,Oui,0,59,0,2025
8895,319,468,539,2023-02-13,10:30,10:30,Oui,20,47,0,2023
8896,322,429,518,2024-06-12,10:30,10:30,Oui,0,31,0,2024
8897,339,408,525,2024-01-13,17:00,19:00,Oui,0,19,120,2024
8898,345,446,514,2024-05-27,08:30,12:30,Oui,0,91,240,2024
8899,310,411,521,2025-06-27,15:00,10:30,Oui,0,45,270,2025
8900,311,461,504,2024-03-11,10:30,15:00,Oui,0,67,270,2024
8901,305,470,530,2024-08-13,08:30,19:00,Oui,5,106,630,2024
8902,352,451,510,2024-01-05,17:00,19:00,Oui,10,27,120,2024
8903,343,428,503,2023-02-02,17:00,12:30,Oui,10,72,270,2023
8904,344,427,512,2023-01-25,13:00,10:30,Oui,0,46,150,2023
8905,345,446,516,2024-03-29,08:30,19:00,Oui,0,54,630,2024
8906,360,468,511,2023-07-02,10:30,19:00,Oui,0,99,510,2023
8907,305,470,536,2023-08-13,10:30,12:30,Oui,10,19,120,2023
8908,328,467,536,2023-10-09,08:30,17:00,Oui,15,81,510,2023
8909,335,408,508,2024-12-20,08:30,12:30,Oui,0,83,240,2024
8910,360,468,537,2023-02-24,15:00,12:30,Oui,0,109,150,2023
8911,344,427,525,2022-09-26,17:00,19:00,Oui,0,105,120,2022
8912,344,427,520,2025-05-23,10:30,10:30,Oui,0,20,0,2025
8913,356,412,502,2024-08-25,13:00,10:30,Oui,0,114,150,2024
8914,356,412,504,2025-04-28,15:00,10:30,Oui,0,70,270,2025
8915,356,412,516,2024-03-04,08:30,19:00,Oui,0,92,630,2024
8916,318,474,521,2023-04-02,15:00,10:30,Oui,0,82,270,2023
8917,321,403,524,2023-02-13,17:00,10:30,Oui,15,94,390,2023
8918,314,453,517,2024-05-15,13:00,17:00,Oui,0,92,240,2024
8919,303,448,531,2023-06-18,13:00,15:00,Oui,0,64,120,2023
8920,354,419,508,2023-09-17,15:00,10:30,Oui,0,45,270,2023
8921,329,423,529,2025-03-02,08:30,19:00,Oui,0,79,630,2025
8922,310,411,527,2023-06-17,10:30,19:00,Oui,5,60,510,2023
8923,304,444,526,2023-04-07,15:00,17:00,Oui,0,114,120,2023
8924,337,405,529,2023-11-23,13:00,15:00,Non,0,78,120,2023
8925,352,451,514,2025-03-28,17:00,19:00,Oui,0,76,120,2025
8926,352,451,519,2022-12-05,10:30,12:30,Oui,0,102,120,2022
8927,348,433,519,2024-10-19,13:00,15:00,Non,10,115,120,2024
8928,314,453,526,2024-10-20,15:00,12:30,Oui,0,108,150,2024
8929,302,430,514,2022-09-02,08:30,10:30,Oui,0,118,120,2022
8930,349,476,530,2024-12-31,13:00,12:30,Oui,15,95,30,2024
8931,334,479,507,2024-10-07,17:00,12:30,Oui,0,29,270,2024
8932,325,431,539,2024-11-21,15:00,12:30,Non,0,68,150,2024
8933,347,468,517,2025-05-09,13:00,17:00,Oui,0,55,240,2025
8934,302,430,525,2024-11-02,15:00,10:30,Oui,0,42,270,2024
8935,356,412,525,2023-12-18,13:00,19:00,Oui,0,43,360,2023
8936,321,403,532,2023-12-11,10:30,10:30,Oui,0,112,0,2023
8937,332,418,523,2023-09-06,10:30,19:00,Oui,0,29,510,2023
8938,319,468,511,2025-05-16,15:00,15:00,Non,0,91,0,2025
8939,350,441,515,2024-03-27,13:00,10:30,Oui,0,63,150,2024
8940,346,425,510,2023-03-12,15:00,12:30,Oui,0,31,150,2023
8941,327,465,533,2023-07-19,08:30,19:00,Oui,0,39,630,2023
8942,316,438,502,2023-02-27,15:00,19:00,Oui,15,113,240,2023
8943,339,408,526,2022-12-19,15:00,15:00,Oui,0,101,0,2022
8944,334,479,529,2024-01-30,15:00,15:00,Oui,0,89,0,2024
8945,347,468,540,2025-03-08,08:30,15:00,Oui,0,35,390,2025
8946,340,438,509,2023-04-07,08:30,15:00,Oui,0,84,390,2023
8947,324,448,527,2024-07-19,13:00,19:00,Non,0,109,360,2024
8948,306,424,507,2023-03-28,08:30,17:00,Non,0,24,510,2023
8949,352,451,532,2023-11-07,13:00,17:00,Oui,10,46,240,2023
8950,329,423,507,2024-12-14,08:30,12:30,Oui,5,91,240,2024
8951,343,428,530,2024-09-20,15:00,12:30,Oui,0,110,150,2024
8952,337,405,527,2023-03-31,13:00,19:00,Oui,0,67,360,2023
8953,352,451,514,2025-05-27,17:00,10:30,Oui,0,26,390,2025
8954,339,408,537,2023-11-07,17:00,19:00,Oui,10,89,120,2023
8955,339,408,504,2024-11-11,10:30,10:30,Oui,0,29,0,2024
8956,320,465,514,2022-09-27,15:00,17:00,Oui,0,59,120,2022
8957,358,477,513,2023-08-18,10:30,12:30,Oui,0,68,120,2023
8958,310,411,508,2024-01-09,17:00,19:00,Oui,0,57,120,2024
8959,360,468,518,2022-11-15,08:30,15:00,Oui,0,103,390,2022
8960,339,408,539,2022-12-25,10:30,19:00,Oui,0,60,510,2022
8961,335,408,519,2024-09-30,13:00,19:00,Oui,0,43,360,2024
8962,333,460,522,2025-01-10,10:30,19:00,Oui,0,90,510,2025
8963,306,424,536,2023-05-12,13:00,12:30,Oui,0,92,30,2023
8964,322,429,510,2023-06-25,13:00,10:30,Oui,0,71,150,2023
8965,342,427,518,2023-01-21,10:30,15:00,Oui,0,86,270,2023
8966,347,468,505,2024-02-03,15:00,12:30,Oui,0,28,150,2024
8967,313,440,512,2023-09-20,08:30,10:30,Oui,0,104,120,2023
8968,333,460,535,2024-11-18,17:00,15:00,Oui,0,60,120,2024
8969,358,477,517,2023-03-20,17:00,15:00,Oui,15,55,120,2023
8970,308,425,515,2023-03-12,10:30,10:30,Oui,15,92,0,2023
8971,316,438,516,2022-09-18,15:00,19:00,Oui,0,66,240,2022
8972,301,452,534,2024-07-23,17:00,10:30,Oui,5,98,390,2024
8973,301,452,538,2025-01-25,13:00,15:00,Oui,0,115,120,2025
8974,306,424,538,2025-04-09,13:00,10:30,Oui,0,86,150,2025
8975,352,451,540,2023-08-27,15:00,17:00,Oui,0,96,120,2023
8976,349,476,513,2024-07-05,08:30,17:00,Oui,0,66,510,2024
8977,349,476,533,2023-01-10,10:30,12:30,Oui,0,94,120,2023
8978,312,449,531,2023-09-29,15:00,10:30,Non,0,76,270,2023
8979,303,448,509,2023-05-06,10:30,15:00,Oui,0,16,270,2023
8980,358,477,512,2024-05-18,10:30,12:30,Oui,0,109,120,2024
8981,336,444,518,2023-03-12,17:00,12:30,Oui,0,118,270,2023
8982,312,449,504,2024-12-22,10:30,12:30,Oui,0,108,120,2024
8983,336,444,516,2025-02-05,08:30,10:30,Oui,0,84,120,2025
8984,355,414,507,2024-05-27,10:30,15:00,Oui,15,112,270,2024
8985,320,465,536,2024-03-08,08:30,12:30,Oui,0,103,240,2024
8986,302,430,518,2024-01-15,13:00,10:30,Oui,0,104,150,2024
8987,301,452,539,2024-05-23,13:00,10:30,Oui,0,30,150,2024
8988,342,427,533,2025-01-20,13:00,17:00,Oui,5,50,240,2025
8989,340,438,501,2024-04-06,15:00,15:00,Oui,0,39,0,2024
8990,309,403,540,2023-01-12,15:00,10:30,Oui,0,55,270,2023
8991,357,413,520,2023-06-02,13:00,10:30,Oui,0,102,150,2023
8992,335,408,540,2022-12-24,10:30,17:00,Oui,0,24,390,2022
8993,302,430,505,2022-10-26,13:00,17:00,Oui,10,55,240,2022
8994,335,408,540,2024-03-01,17:00,19:00,Oui,0,37,120,2024
8995,348,433,503,2023-08-24,15:00,17:00,Oui,5,70,120,2023
8996,330,436,538,2025-01-15,10:30,19:00,Oui,0,59,510,2025
8997,337,405,515,2023-12-19,08:30,19:00,Oui,0,47,630,2023
8998,355,414,506,2023-01-12,17:00,12:30,Oui,0,92,270,2023
8999,328,467,502,2023-12-17,13:00,12:30,Oui,0,50,30,2023
9000,329,423,510,2024-04-25,15:00,12:30,Oui,0,80,150,2024
